清单序号,原方名,规范方名,出处,主治原文,组成,候选证型,候选证型ID,裁定状态,核定证型,核定证型ID,裁定依据,证据层级,全网资料入口,联网补强状态,需医生最终签字,数据质量备注,逐方网页证据,逐方网页核验
1,柴胡清肝汤,柴胡清肝汤,《医宗金鉴》,柴胡清肝治怒证，宣血疏通解毒良，四物生用柴翘蒡，黄芩栀粉草节防。,柴胡、生地、当归、赤芍、川芎、连翘、牛蒡子、黄芩、生栀子、天花粉、甘草节、防风,肝郁血热；肝热血瘀；肝郁血瘀,TCM-SYNDROME-CA30978056A6；TCM-SYNDROME-5D367182917C；TCM-SYNDROME-B2116A181660,采纳,肝郁血热,TCM-SYNDROME-CA30978056A6,联网纠偏复审:方以柴芩栀翘清肝泻火、四物凉血，治肝郁化火兼血热。,A-原清单主治/原典；受控证型归一,https://openstd.samr.gov.cn/bzgk/std/newGbInfo?hcno=C71A9DAD24CB1252F12439D1F045DA6A；https://www.samr.gov.cn/bzjss/bzjd/art/2022/art_ae386988ba3a44f387bb5634b5f2aa08.html；https://www.yixue.com/%E6%9F%B4%E8%83%A1%E6%B8%85%E8%82%9D%E6%B1%A4,经典名方定向联网复审,是,,https://www.yixue.com/%E6%9F%B4%E8%83%A1%E6%B8%85%E8%82%9D%E6%B1%A4,页面正文命中方名
2,当归建中汤,当归建中汤,《千金翼方》,治产后虚羸不足，腹中疾痛不止，吸吸少气，或若小腹拘急挛痛引腰背，不能饮食，产后一月，日得服四五剂为善，令人强壮内补方。,当归、桂心、甘草、芍药、生姜、大枣,中气亏虚；气虚；元气亏虚,TCM-SYNDROME-D2724F4203A1；TCM-SYNDROME-6C733A6875EB；TCM-SYNDROME-254781E767D4,采纳,中气亏虚,TCM-SYNDROME-D2724F4203A1,主治“虚羸不足，腹中疾痛，少气，不能饮食”，揭示中焦气虚。,A-原清单主治/原典；受控证型归一,https://openstd.samr.gov.cn/bzgk/std/newGbInfo?hcno=C71A9DAD24CB1252F12439D1F045DA6A；https://www.samr.gov.cn/bzjss/bzjd/art/2022/art_ae386988ba3a44f387bb5634b5f2aa08.html；https://www.yixue.com/%E5%BD%93%E5%BD%92%E5%BB%BA%E4%B8%AD%E6%B1%A4,原文直接支持；本轮提供标准与目录入口,是,,https://www.yixue.com/%E5%BD%93%E5%BD%92%E5%BB%BA%E4%B8%AD%E6%B1%A4,页面正文命中方名
3,升麻葛根汤,升麻葛根汤,《太平惠民和剂局方》,治大人、小儿时气温疫，头痛发热，肢体烦疼及疮疹已发及未发，疑贰之间，并宜服之。,升麻、白芍药、甘草、葛根,热在气分；热炽气分；三焦实热,TCM-SYNDROME-002C311B657B；TCM-SYNDROME-D1C2A9CAE613；TCM-SYNDROME-11394BF7307F,采纳,风热犯表,TCM-SYNDROME-ECED6C781629,联网纠偏复审:辛凉解肌透疹，属表热证。,A-原清单主治/原典；受控证型归一,https://openstd.samr.gov.cn/bzgk/std/newGbInfo?hcno=C71A9DAD24CB1252F12439D1F045DA6A；https://www.samr.gov.cn/bzjss/bzjd/art/2022/art_ae386988ba3a44f387bb5634b5f2aa08.html；https://www.yixue.com/%E5%8D%87%E9%BA%BB%E8%91%9B%E6%A0%B9%E6%B1%A4,经典名方定向联网复审,是,,https://www.yixue.com/%E5%8D%87%E9%BA%BB%E8%91%9B%E6%A0%B9%E6%B1%A4,页面正文命中方名
4,黄芪桂枝五物汤,黄芪桂枝五物汤,《金匮要略》,益气温经，和血通痹。主治血痹。肌肤麻木不仁，脉微涩而紧。,黄芪、芍药、桂枝、生姜、大枣,气虚血瘀；气血痹阻,TCM-SYNDROME-C3FAB62E2CDB；TCM-SYNDROME-4E2937DEAC34,采纳,气血痹阻,TCM-SYNDROME-4E2937DEAC34,主治“血痹，肌肤麻木不仁，脉涩而紧”，直指气血闭阻。,A-原清单主治/原典；受控证型归一,https://openstd.samr.gov.cn/bzgk/std/newGbInfo?hcno=C71A9DAD24CB1252F12439D1F045DA6A；https://www.samr.gov.cn/bzjss/bzjd/art/2022/art_ae386988ba3a44f387bb5634b5f2aa08.html；https://www.yixue.com/%E9%BB%84%E8%8A%AA%E6%A1%82%E6%9E%9D%E4%BA%94%E7%89%A9%E6%B1%A4,原文直接支持；本轮提供标准与目录入口,是,,https://www.yixue.com/%E9%BB%84%E8%8A%AA%E6%A1%82%E6%9E%9D%E4%BA%94%E7%89%A9%E6%B1%A4,页面正文命中方名
5,六和汤,六和汤,《太平惠民和剂局方》,治心脾不调，气不升降，霍乱转筋，呕吐泄泻，寒热交作，痰喘咳嗽，胸膈痞满，头目昏痛，肢体浮肿，嗜卧倦怠，小便赤涩，并伤寒阴阳不分，冒暑伏热烦闷，或成痢疾，中酒烦渴畏食。妇人胎前、产后，并宜服之。,缩砂仁、半夏、杏仁、人参、甘草、赤茯苓、藿香叶、白扁豆、木瓜、香薷、厚朴,心脾湿热；痰热蕴脾,TCM-SYNDROME-9B7FC6986E76；TCM-SYNDROME-2D3F52BCB102,采纳,暑湿内伏,TCM-SYNDROME-B6EF81AE1273,联网纠偏复审:祛暑化湿、健脾和胃，暑湿伤脾为本。,A-原清单主治/原典；受控证型归一,https://openstd.samr.gov.cn/bzgk/std/newGbInfo?hcno=C71A9DAD24CB1252F12439D1F045DA6A；https://www.samr.gov.cn/bzjss/bzjd/art/2022/art_ae386988ba3a44f387bb5634b5f2aa08.html；https://www.yixue.com/%E5%85%AD%E5%92%8C%E6%B1%A4,经典名方定向联网复审,是,,https://www.yixue.com/%E5%85%AD%E5%92%8C%E6%B1%A4,页面正文命中方名
6,薏苡附子败酱散,薏苡附子败酱散,《金匮要略》,肠痈之为病，其身甲错，腹皮急，按之濡，如肿状，腹无积聚，身无热，脉数，此为腹内有痈脓，薏苡附子败酱散主之。,薏苡仁、附子、败酱,寒湿化热；寒热错杂,TCM-SYNDROME-24874154AD02；TCM-SYNDROME-BBEC651B5E26,采纳,寒热错杂,TCM-SYNDROME-BBEC651B5E26,身无热而脉数，痈脓为热，用附子温阳，属寒热错杂。,A-原清单主治/原典；受控证型归一,https://openstd.samr.gov.cn/bzgk/std/newGbInfo?hcno=C71A9DAD24CB1252F12439D1F045DA6A；https://www.samr.gov.cn/bzjss/bzjd/art/2022/art_ae386988ba3a44f387bb5634b5f2aa08.html；https://www.yixue.com/%E8%96%8F%E8%8B%A1%E9%99%84%E5%AD%90%E8%B4%A5%E9%85%B1%E6%95%A3,原文直接支持；本轮提供标准与目录入口,是,,https://www.yixue.com/%E8%96%8F%E8%8B%A1%E9%99%84%E5%AD%90%E8%B4%A5%E9%85%B1%E6%95%A3,页面正文命中方名
7,柴胡桂枝干姜汤,柴胡桂枝干姜汤,《伤寒论》,伤寒五六日，已发汗而复下之，胸胁满微结，小便不利，渴而不呕，但头汗出，往来寒热心烦者，此为未解也，柴胡桂枝干姜汤主之。,柴胡、桂枝、干姜、瓜蒌根、黄芩、牡蛎、甘草,寒热错杂,TCM-SYNDROME-BBEC651B5E26,采纳,寒热错杂,TCM-SYNDROME-BBEC651B5E26,往来寒热心烦为热，小便不利为饮，寒热错杂。,A-原清单主治/原典；受控证型归一,https://openstd.samr.gov.cn/bzgk/std/newGbInfo?hcno=C71A9DAD24CB1252F12439D1F045DA6A；https://www.samr.gov.cn/bzjss/bzjd/art/2022/art_ae386988ba3a44f387bb5634b5f2aa08.html；https://www.yixue.com/%E6%9F%B4%E8%83%A1%E6%A1%82%E6%9E%9D%E5%B9%B2%E5%A7%9C%E6%B1%A4,原文直接支持；本轮提供标准与目录入口,是,,https://www.yixue.com/%E6%9F%B4%E8%83%A1%E6%A1%82%E6%9E%9D%E5%B9%B2%E5%A7%9C%E6%B1%A4,页面正文命中方名
8,大黄黄连泻,大黄黄连泻心汤,《伤寒论》,心下痞，按之濡，其脉关上浮者，大黄黄连泻心汤主之。,大黄、黄连,心热,TCM-SYNDROME-E1E796C992DE,采纳,心火炽盛；血热妄行,heart_fire_hyperactivity；TCM-SYNDROME-ED72C4180A8C,"联网纠偏复审:大黄黄连泻火凉血，心火亢盛血热妄行为本。（清单方名「大黄黄连泻」为截断,正名大黄黄连泻心汤。）",A-原清单主治/原典；受控证型归一,https://openstd.samr.gov.cn/bzgk/std/newGbInfo?hcno=C71A9DAD24CB1252F12439D1F045DA6A；https://www.samr.gov.cn/bzjss/bzjd/art/2022/art_ae386988ba3a44f387bb5634b5f2aa08.html；https://www.yixue.com/%E5%A4%A7%E9%BB%84%E9%BB%84%E8%BF%9E%E6%B3%BB%E5%BF%83%E6%B1%A4,经典名方定向联网复审,是,清单方名换行截断，已正名,https://www.yixue.com/%E5%A4%A7%E9%BB%84%E9%BB%84%E8%BF%9E%E6%B3%BB%E5%BF%83%E6%B1%A4,页面正文命中方名
9,瓜蒌桂枝汤,瓜蒌桂枝汤,《金匮要略》,太阳病，其证备，身体强，然，脉反沉迟，此为痉，瓜蒌桂枝汤主之。,瓜蒌根、桂枝、芍药、甘草、生姜、大枣,太阳中风,TCM-SYNDROME-0667E76ADFB4,采纳,太阳中风,TCM-SYNDROME-0667E76ADFB4,原文“太阳病，其证备”即太阳中风证基础。,A-原清单主治/原典；受控证型归一,https://openstd.samr.gov.cn/bzgk/std/newGbInfo?hcno=C71A9DAD24CB1252F12439D1F045DA6A；https://www.samr.gov.cn/bzjss/bzjd/art/2022/art_ae386988ba3a44f387bb5634b5f2aa08.html,原文直接支持；本轮提供标准与目录入口,是,,,无有效页面（HTTP 404）
10,桂枝麻黄各半汤,桂枝麻黄各半汤,《伤寒论》,太阳病，得之8-9日，如疟状，发热恶寒，热多寒少，其人不呕，清便欲自可，1日2-3度发，面色反有热色，身痒者。痘疮热气如灼，表郁难以见点，或见点稠密，风疹交出，或痘不起胀，喘咳咽痛者。,桂枝、芍药、生姜、甘草、麻黄、大枣、杏仁,风寒化热,TCM-SYNDROME-6055395D9C88,采纳,风寒化热,TCM-SYNDROME-6055395D9C88,如疟热多寒少，面有热色，表郁化热。,A-原清单主治/原典；受控证型归一,https://openstd.samr.gov.cn/bzgk/std/newGbInfo?hcno=C71A9DAD24CB1252F12439D1F045DA6A；https://www.samr.gov.cn/bzjss/bzjd/art/2022/art_ae386988ba3a44f387bb5634b5f2aa08.html；https://www.yixue.com/%E6%A1%82%E6%9E%9D%E9%BA%BB%E9%BB%84%E5%90%84%E5%8D%8A%E6%B1%A4,原文直接支持；本轮提供标准与目录入口,是,,https://www.yixue.com/%E6%A1%82%E6%9E%9D%E9%BA%BB%E9%BB%84%E5%90%84%E5%8D%8A%E6%B1%A4,页面正文命中方名
11,三化汤,三化汤,《素问病机气宜保命集》,中风外有六经之形证，先以加减续命汤，随证治之，内有便溺之阻格，复以三化汤主之。,厚朴、大黄、枳实、羌活,内风,TCM-SYNDROME-70CC701C322B,采纳,阳明腑实,TCM-SYNDROME-50B50D4BCFB5,联网纠偏复审:邪气内实、二便不通，大黄枳朴通腑泄热，属里实热结。,A-原清单主治/原典；受控证型归一,https://openstd.samr.gov.cn/bzgk/std/newGbInfo?hcno=C71A9DAD24CB1252F12439D1F045DA6A；https://www.samr.gov.cn/bzjss/bzjd/art/2022/art_ae386988ba3a44f387bb5634b5f2aa08.html；https://www.yixue.com/%E4%B8%89%E5%8C%96%E6%B1%A4,经典名方定向联网复审,是,,https://www.yixue.com/%E4%B8%89%E5%8C%96%E6%B1%A4,页面正文命中方名
12,升陷汤,升陷汤,《医学衷中参西录》,治胸中大气下陷，气短不足以息……,生黄芪、知母、柴胡、桔梗、升麻,上气不足,TCM-SYNDROME-59744BBF2DEE,采纳,气陷,TCM-SYNDROME-359B6446B174,联网纠偏复审:黄芪为君益气升陷，治胸中大气下陷。,A-原清单主治/原典；受控证型归一,https://openstd.samr.gov.cn/bzgk/std/newGbInfo?hcno=C71A9DAD24CB1252F12439D1F045DA6A；https://www.samr.gov.cn/bzjss/bzjd/art/2022/art_ae386988ba3a44f387bb5634b5f2aa08.html；https://www.yixue.com/%E5%8D%87%E9%99%B7%E6%B1%A4,经典名方定向联网复审,是,,https://www.yixue.com/%E5%8D%87%E9%99%B7%E6%B1%A4,页面正文命中方名
13,香苏散,香苏散,《太平惠民和剂局方》,治四时瘟疫、伤寒。,香附子、紫苏叶、甘草、陈皮,太阳伤寒,TCM-SYNDROME-640B34B4B62A,采纳,风寒束表,TCM-SYNDROME-7969447240D9,联网纠偏复审:疏风散寒兼理气，治四时感冒风寒。,A-原清单主治/原典；受控证型归一,https://openstd.samr.gov.cn/bzgk/std/newGbInfo?hcno=C71A9DAD24CB1252F12439D1F045DA6A；https://www.samr.gov.cn/bzjss/bzjd/art/2022/art_ae386988ba3a44f387bb5634b5f2aa08.html；https://www.yixue.com/%E9%A6%99%E8%8B%8F%E6%95%A3,经典名方定向联网复审,是,,https://www.yixue.com/%E9%A6%99%E8%8B%8F%E6%95%A3,页面正文命中方名
14,枳实芍药散,枳实芍药散,《金匮要略》,产后腹痛，烦满不得卧，枳实芍药散主之。,枳实、芍药,实,TCM-SYNDROME-0FA04ADF7214,采纳,气滞血瘀,qi_stagnation_blood_stasis,联网纠偏复审:枳实破气、芍药和血，气滞血郁腹痛为本。,A-原清单主治/原典；受控证型归一,https://openstd.samr.gov.cn/bzgk/std/newGbInfo?hcno=C71A9DAD24CB1252F12439D1F045DA6A；https://www.samr.gov.cn/bzjss/bzjd/art/2022/art_ae386988ba3a44f387bb5634b5f2aa08.html；https://www.yixue.com/%E6%9E%B3%E5%AE%9E%E8%8A%8D%E8%8D%AF%E6%95%A3,经典名方定向联网复审,是,,https://www.yixue.com/%E6%9E%B3%E5%AE%9E%E8%8A%8D%E8%8D%AF%E6%95%A3,页面正文命中方名
15,达原饮,达原饮,《瘟疫论》,瘟疫初起先憎寒而后发热，日后但热而无憎寒也，初起二三日，其脉不浮不沉而数，昼夜发热，日晡益甚，头疼身痛，其时邪在伏脊之前，肠胃之后。虽有头疼身痛，此邪热浮越于经，不可认为伤寒表证，辄用麻黄、桂枝之类强发其汗。此邪不在经，汗之徒伤表气，热亦不减。又不可下，此邪不在里，下之徒伤胃气，其渴愈甚。宜达原饮。,槟榔、厚朴、草果仁、知母、芍药、黄芩、甘草,,,采纳,湿热内蕴,TCM-SYNDROME-B2E08C04E2E2,联网纠偏复审:开达膜原辟秽化浊，湿热秽浊为本。,A-原清单主治/原典；受控证型归一,https://openstd.samr.gov.cn/bzgk/std/newGbInfo?hcno=C71A9DAD24CB1252F12439D1F045DA6A；https://www.samr.gov.cn/bzjss/bzjd/art/2022/art_ae386988ba3a44f387bb5634b5f2aa08.html；https://www.yixue.com/%E8%BE%BE%E5%8E%9F%E9%A5%AE,经典名方定向联网复审,是,,https://www.yixue.com/%E8%BE%BE%E5%8E%9F%E9%A5%AE,页面正文命中方名
16,大黄附子汤,大黄附子汤,《金匮要略》,胁下偏痛，发热，其脉紧弦，此寒也，以温药下之，宜大黄附子汤。,大黄、附子、细辛,,,采纳,寒邪凝滞,TCM-SYNDROME-3C8E2B57694A,联网纠偏复审:温下寒积，寒实内结为本。,A-原清单主治/原典；受控证型归一,https://openstd.samr.gov.cn/bzgk/std/newGbInfo?hcno=C71A9DAD24CB1252F12439D1F045DA6A；https://www.samr.gov.cn/bzjss/bzjd/art/2022/art_ae386988ba3a44f387bb5634b5f2aa08.html；https://www.yixue.com/%E5%A4%A7%E9%BB%84%E9%99%84%E5%AD%90%E6%B1%A4,经典名方定向联网复审,是,,https://www.yixue.com/%E5%A4%A7%E9%BB%84%E9%99%84%E5%AD%90%E6%B1%A4,页面正文命中方名
17,当归六黄汤,当归六黄汤,《兰室秘藏》,治盗汗之圣药也。,当归、生地黄、熟地黄、黄柏、黄芩、黄连、黄芪,,,采纳,阴虚火旺,yin_deficiency_fire,联网纠偏复审:滋阴泻火固表，阴虚火扰为本。,A-原清单主治/原典；受控证型归一,https://openstd.samr.gov.cn/bzgk/std/newGbInfo?hcno=C71A9DAD24CB1252F12439D1F045DA6A；https://www.samr.gov.cn/bzjss/bzjd/art/2022/art_ae386988ba3a44f387bb5634b5f2aa08.html；https://www.yixue.com/%E5%BD%93%E5%BD%92%E5%85%AD%E9%BB%84%E6%B1%A4,经典名方定向联网复审,是,,https://www.yixue.com/%E5%BD%93%E5%BD%92%E5%85%AD%E9%BB%84%E6%B1%A4,页面正文命中方名
18,定经汤,定经汤,《傅青主女科》,妇人经来断续，或前或后无定期。,菟丝子、白芍、当归、大熟地、山药、白茯苓、芥穗、柴胡,,,采纳,肝郁肾虚,TCM-SYNDROME-48EB4AB8B06F,联网纠偏复审:舒肝补肾养血，肝肾气郁。,A-原清单主治/原典；受控证型归一,https://openstd.samr.gov.cn/bzgk/std/newGbInfo?hcno=C71A9DAD24CB1252F12439D1F045DA6A；https://www.samr.gov.cn/bzjss/bzjd/art/2022/art_ae386988ba3a44f387bb5634b5f2aa08.html；https://www.yixue.com/%E5%AE%9A%E7%BB%8F%E6%B1%A4,经典名方定向联网复审,是,,https://www.yixue.com/%E5%AE%9A%E7%BB%8F%E6%B1%A4,页面正文命中方名
19,黄芩汤,黄芩汤,《伤寒论》,泄泻或痢疾。身热不恶寒，腹痛，口苦咽干，舌苔黄，脉弦数。；干呕下利。,黄芩、芍药、甘草、大枣,,,采纳,胆热,TCM-SYNDROME-B7C52B4502EF,联网纠偏复审:清胆热止利，胆热下迫为本。,A-原清单主治/原典；受控证型归一,https://openstd.samr.gov.cn/bzgk/std/newGbInfo?hcno=C71A9DAD24CB1252F12439D1F045DA6A；https://www.samr.gov.cn/bzjss/bzjd/art/2022/art_ae386988ba3a44f387bb5634b5f2aa08.html；https://www.yixue.com/%E9%BB%84%E8%8A%A9%E6%B1%A4,经典名方定向联网复审,是,,https://www.yixue.com/%E9%BB%84%E8%8A%A9%E6%B1%A4,页面正文命中方名
20,橘皮竹茹汤,橘皮竹茹汤,《金匮要略》,哕逆者，橘皮竹茹汤主之。,橘皮、竹茹、大枣、生姜、甘草、人参,,,采纳,胃气虚；胃热,TCM-SYNDROME-A132B90612C7；TCM-SYNDROME-9963232F899F,联网纠偏复审:补虚清热降逆，胃虚有热为本。,A-原清单主治/原典；受控证型归一,https://openstd.samr.gov.cn/bzgk/std/newGbInfo?hcno=C71A9DAD24CB1252F12439D1F045DA6A；https://www.samr.gov.cn/bzjss/bzjd/art/2022/art_ae386988ba3a44f387bb5634b5f2aa08.html；https://www.yixue.com/%E6%A9%98%E7%9A%AE%E7%AB%B9%E8%8C%B9%E6%B1%A4,经典名方定向联网复审,是,,https://www.yixue.com/%E6%A9%98%E7%9A%AE%E7%AB%B9%E8%8C%B9%E6%B1%A4,页面正文命中方名
21,两地汤,两地汤,《傅青主女科》,先期经来只1-2点者。,大生地、元参、白芍药、麦冬肉、地骨皮、阿胶,,,采纳,阴虚血热,TCM-SYNDROME-868A94196EAA,联网纠偏复审:滋阴清热凉血，阴虚血热为本。,A-原清单主治/原典；受控证型归一,https://openstd.samr.gov.cn/bzgk/std/newGbInfo?hcno=C71A9DAD24CB1252F12439D1F045DA6A；https://www.samr.gov.cn/bzjss/bzjd/art/2022/art_ae386988ba3a44f387bb5634b5f2aa08.html；https://www.yixue.com/%E4%B8%A4%E5%9C%B0%E6%B1%A4,经典名方定向联网复审,是,,https://www.yixue.com/%E4%B8%A4%E5%9C%B0%E6%B1%A4,页面正文命中方名
22,清骨散,清骨散,《证治准绳》,专退骨蒸劳热。,银柴胡、胡黄连、秦艽、鳖甲、地骨皮、青蒿、知母、甘草,,,采纳,阴虚热盛,TCM-SYNDROME-E55C29D52D42,专退骨蒸劳热，属阴虚内热。,A-原清单主治/原典；受控证型归一,https://openstd.samr.gov.cn/bzgk/std/newGbInfo?hcno=C71A9DAD24CB1252F12439D1F045DA6A；https://www.samr.gov.cn/bzjss/bzjd/art/2022/art_ae386988ba3a44f387bb5634b5f2aa08.html；https://www.yixue.com/%E6%B8%85%E9%AA%A8%E6%95%A3,原文直接支持；本轮提供标准与目录入口,是,,https://www.yixue.com/%E6%B8%85%E9%AA%A8%E6%95%A3,页面正文命中方名
23,四妙勇安汤,四妙勇安汤,《验方新编》,脱骨疽。,金银花、元参、当归、甘草,,,采纳,热毒炽盛,TCM-SYNDROME-C0CF9C4F077A,联网纠偏复审:清热解毒活血，热毒炽盛为本。,A-原清单主治/原典；受控证型归一,https://openstd.samr.gov.cn/bzgk/std/newGbInfo?hcno=C71A9DAD24CB1252F12439D1F045DA6A；https://www.samr.gov.cn/bzjss/bzjd/art/2022/art_ae386988ba3a44f387bb5634b5f2aa08.html；https://www.yixue.com/%E5%9B%9B%E5%A6%99%E5%8B%87%E5%AE%89%E6%B1%A4,经典名方定向联网复审,是,,https://www.yixue.com/%E5%9B%9B%E5%A6%99%E5%8B%87%E5%AE%89%E6%B1%A4,页面正文命中方名
24,托里消毒散,托里消毒散,《外科正宗》,痈疽已成，不得内消者。,人参、川芎、白芍、黄芪、当归、白术、茯苓、金银花、白芷、甘草、皂角针、桔梗,,,采纳,正虚邪恋,TCM-SYNDROME-F70AC00706BA,联网纠偏复审:参术芪归补托、银翘芷防透毒，正虚邪恋为本。,A-原清单主治/原典；受控证型归一,https://openstd.samr.gov.cn/bzgk/std/newGbInfo?hcno=C71A9DAD24CB1252F12439D1F045DA6A；https://www.samr.gov.cn/bzjss/bzjd/art/2022/art_ae386988ba3a44f387bb5634b5f2aa08.html；https://www.yixue.com/%E6%89%98%E9%87%8C%E6%B6%88%E6%AF%92%E6%95%A3,经典名方定向联网复审,是,,https://www.yixue.com/%E6%89%98%E9%87%8C%E6%B6%88%E6%AF%92%E6%95%A3,页面正文命中方名
25,养精种玉汤,养精种玉汤,《傅青主女科》,妇人身瘦不孕，一交男子，即卧病终朝。,大熟地、当归、白芍、山萸肉,,,采纳,精血亏虚,TCM-SYNDROME-9D656D61A13C,身瘦不孕，交后卧病，精血亏虚。,A-原清单主治/原典；受控证型归一,https://openstd.samr.gov.cn/bzgk/std/newGbInfo?hcno=C71A9DAD24CB1252F12439D1F045DA6A；https://www.samr.gov.cn/bzjss/bzjd/art/2022/art_ae386988ba3a44f387bb5634b5f2aa08.html；https://www.yixue.com/%E5%85%BB%E7%B2%BE%E7%A7%8D%E7%8E%89%E6%B1%A4,原文直接支持；本轮提供标准与目录入口,是,,https://www.yixue.com/%E5%85%BB%E7%B2%BE%E7%A7%8D%E7%8E%89%E6%B1%A4,页面正文命中方名
26,补肾地黄丸,补肾地黄丸,《医宗金鉴·幼科心法要诀》,肾气亏损，脑髓不足之小儿解颅，形体瘦弱，目多白睛，满面愁烦,熟地黄、泽泻、牡丹皮、山萸肉、牛膝、麸炒山药、鹿茸片、茯苓,肾气不足；肾气虚；肾气不充,TCM-SYNDROME-8706B2AF37CC；TCM-SYNDROME-B7B9EF78361F；TCM-SYNDROME-ACCB01482369,采纳,肾气不足,TCM-SYNDROME-8706B2AF37CC,主治“肾气亏损”直接对应肾气不充，脑髓不足因之。,A-原清单主治/原典；受控证型归一,https://openstd.samr.gov.cn/bzgk/std/newGbInfo?hcno=C71A9DAD24CB1252F12439D1F045DA6A；https://www.samr.gov.cn/bzjss/bzjd/art/2022/art_ae386988ba3a44f387bb5634b5f2aa08.html；https://www.yixue.com/%E8%A1%A5%E8%82%BE%E5%9C%B0%E9%BB%84%E4%B8%B8,原文直接支持；本轮提供标准与目录入口,是,,https://www.yixue.com/%E8%A1%A5%E8%82%BE%E5%9C%B0%E9%BB%84%E4%B8%B8,页面正文命中方名
27,大陷胸汤,大陷胸汤,《伤寒论》,结胸证，不大便五六日，舌上燥而渴，日晡小有潮热，从心下至少腹硬满而痛不可近，或短气烦躁，脉沉而紧，按之有力者,大黄、芒硝、醋甘遂,心肺实热；上焦燥热；气滞热壅,TCM-SYNDROME-BD2315A1C69A；TCM-SYNDROME-4BA5E758CE6C；TCM-SYNDROME-62BAF46EC3EE,采纳,热实结胸,TCM-SYNDROME-AE18CA3BA227,结胸、心下硬满痛、不大便、潮热、脉沉紧，水热互结之象。,A-原清单主治/原典；受控证型归一,https://openstd.samr.gov.cn/bzgk/std/newGbInfo?hcno=C71A9DAD24CB1252F12439D1F045DA6A；https://www.samr.gov.cn/bzjss/bzjd/art/2022/art_ae386988ba3a44f387bb5634b5f2aa08.html；https://www.yixue.com/%E5%A4%A7%E9%99%B7%E8%83%B8%E6%B1%A4,原文直接支持；本轮提供标准与目录入口,是,,https://www.yixue.com/%E5%A4%A7%E9%99%B7%E8%83%B8%E6%B1%A4,页面正文命中方名
28,解语丹,解语丹,《医学心悟》,心脾中风，痰阻廉泉，舌强不语，半身不遂,制白附子、石菖蒲、制远志、姜天麻、全蝎、羌活、胆南星、木香、甘草,痰阻心窍；痰迷心窍；肝风痰浊,TCM-SYNDROME-758B98B3583D；TCM-SYNDROME-5845113DEF18；TCM-SYNDROME-D98C827F0AC5,采纳,风痰阻络,TCM-SYNDROME-665863B793C2,心脾中风，痰阻廉泉，舌强不语，风痰上阻舌窍之络。,A-原清单主治/原典；受控证型归一,https://openstd.samr.gov.cn/bzgk/std/newGbInfo?hcno=C71A9DAD24CB1252F12439D1F045DA6A；https://www.samr.gov.cn/bzjss/bzjd/art/2022/art_ae386988ba3a44f387bb5634b5f2aa08.html；https://www.yixue.com/%E8%A7%A3%E8%AF%AD%E4%B8%B9,原文直接支持；本轮提供标准与目录入口,是,,https://www.yixue.com/%E8%A7%A3%E8%AF%AD%E4%B8%B9,页面正文命中方名
29,救急稀涎散,救急稀涎散,《圣济总录》,中风闭证，痰涎壅盛，痰声漉漉，不省人事，不能言语，但不遗尿，脉象滑实有力者，亦治喉痹,猪牙皂、白矾,风痰闭神；风痰；痰气壅实,TCM-SYNDROME-BBC7443B307C；TCM-SYNDROME-C8D18E226DEA；TCM-SYNDROME-00DFD47644F4,采纳,风痰闭神,TCM-SYNDROME-BBC7443B307C,中风闭证，痰涎壅盛，不省人事，脉滑实，痰闭心神。,A-原清单主治/原典；受控证型归一,https://openstd.samr.gov.cn/bzgk/std/newGbInfo?hcno=C71A9DAD24CB1252F12439D1F045DA6A；https://www.samr.gov.cn/bzjss/bzjd/art/2022/art_ae386988ba3a44f387bb5634b5f2aa08.html；https://www.yixue.com/%E6%95%91%E6%80%A5%E7%A8%80%E6%B6%8E%E6%95%A3,原文直接支持；本轮提供标准与目录入口,是,,https://www.yixue.com/%E6%95%91%E6%80%A5%E7%A8%80%E6%B6%8E%E6%95%A3,页面正文命中方名
30,绿风羚羊饮,绿风羚羊饮,《医宗金鉴》,绿风内障，头旋额痛，鼻、目牵引作痛,玄参、防风、茯苓、知母、黄芩片、细辛、桔梗、羚羊角片、车前子、大黄,肝胆风火攻目；肝经风热犯目；肝经风热,TCM-SYNDROME-77BEB86B459C；TCM-SYNDROME-627FC8C554FD；TCM-SYNDROME-FE3E17588BC6,采纳,肝胆风火攻目,TCM-SYNDROME-77BEB86B459C,绿风内障，头旋额痛，目牵引痛，风火上攻清窍。,A-原清单主治/原典；受控证型归一,https://openstd.samr.gov.cn/bzgk/std/newGbInfo?hcno=C71A9DAD24CB1252F12439D1F045DA6A；https://www.samr.gov.cn/bzjss/bzjd/art/2022/art_ae386988ba3a44f387bb5634b5f2aa08.html；https://www.yixue.com/%E7%BB%BF%E9%A3%8E%E7%BE%9A%E7%BE%8A%E9%A5%AE,原文直接支持；本轮提供标准与目录入口,是,,https://www.yixue.com/%E7%BB%BF%E9%A3%8E%E7%BE%9A%E7%BE%8A%E9%A5%AE,页面正文命中方名
31,内补丸,内补丸,《女科切要》,肾阳失固证,鹿茸片、盐菟丝子、盐沙苑子、黄芪、肉桂、桑螵蛸、肉苁蓉片、附子、炒蒺藜、紫菀,肾阳不足；肾阳虚；肾阳虚衰,TCM-SYNDROME-86857429AD3F；kidney_yang_deficiency；TCM-SYNDROME-0510FC557CD7,留空,,,主治原文不足以直接绑定受控核心证候；按安全默认留空。,D-证据不足,https://openstd.samr.gov.cn/bzgk/std/newGbInfo?hcno=C71A9DAD24CB1252F12439D1F045DA6A；https://www.samr.gov.cn/bzjss/bzjd/art/2022/art_ae386988ba3a44f387bb5634b5f2aa08.html；https://www.yixue.com/%E5%86%85%E8%A1%A5%E4%B8%B8,待逐方新增原典/权威二级来源后复审,是,不得仅据方名、药味或模型候选强行定证。,https://www.yixue.com/%E5%86%85%E8%A1%A5%E4%B8%B8,页面正文命中方名
32,清气化痰丸,清气化痰丸,《医方考》,热痰内结，咳嗽痰黄，稠厚胶粘，甚则气急呕恶，胸膈痞满，小便黄赤,陈皮、燀苦杏仁、麸炒枳实、酒黄芩、瓜蒌子、茯苓、胆南星、法半夏,痰热气滞；痰热；气滞痰阻,TCM-SYNDROME-9C68E3EEB9FE；TCM-SYNDROME-AB90372F519A；TCM-SYNDROME-5F85854286C7,采纳,痰热,TCM-SYNDROME-AB90372F519A,主治“热痰内结”，痰黄稠厚,A-原清单主治/原典；受控证型归一,https://openstd.samr.gov.cn/bzgk/std/newGbInfo?hcno=C71A9DAD24CB1252F12439D1F045DA6A；https://www.samr.gov.cn/bzjss/bzjd/art/2022/art_ae386988ba3a44f387bb5634b5f2aa08.html；https://www.yixue.com/%E6%B8%85%E6%B0%94%E5%8C%96%E7%97%B0%E4%B8%B8,原文直接支持；本轮提供标准与目录入口,是,,https://www.yixue.com/%E6%B8%85%E6%B0%94%E5%8C%96%E7%97%B0%E4%B8%B8,页面正文命中方名
33,胃苓汤,胃苓汤,《丹溪心法》,夏秋之间，脾胃伤冷，水谷不分，泄泻如水，以及水肿、腹胀、小便不利者,麸炒苍术、姜厚朴、陈皮、炙甘草、生姜、大枣、桂枝、白术、泽泻、茯苓、猪苓,寒湿困脾；湿困脾胃；脾胃寒湿,TCM-SYNDROME-4B9F89FBA037；TCM-SYNDROME-064EF6858A5E；TCM-SYNDROME-DE5A8A5C17D1,采纳,寒湿困脾,TCM-SYNDROME-4B9F89FBA037,主治“脾胃伤冷，泄泻如水”,A-原清单主治/原典；受控证型归一,https://openstd.samr.gov.cn/bzgk/std/newGbInfo?hcno=C71A9DAD24CB1252F12439D1F045DA6A；https://www.samr.gov.cn/bzjss/bzjd/art/2022/art_ae386988ba3a44f387bb5634b5f2aa08.html；https://www.yixue.com/%E8%83%83%E8%8B%93%E6%B1%A4,原文直接支持；本轮提供标准与目录入口,是,,https://www.yixue.com/%E8%83%83%E8%8B%93%E6%B1%A4,页面正文命中方名
34,犀黄丸,犀黄丸,《外科全生集》,乳岩、横痃、瘰疬、痰核、流注、肺痈、小肠痈,牛黄、麝香、乳香、没药,痰热壅肺；痰热瘀肺；小肠实热,TCM-SYNDROME-478AB1A0C12B；TCM-SYNDROME-A8DE94029020；TCM-SYNDROME-2885FC6A15B0,留空,,,主治原文不足以直接绑定受控核心证候；按安全默认留空。,D-证据不足,https://openstd.samr.gov.cn/bzgk/std/newGbInfo?hcno=C71A9DAD24CB1252F12439D1F045DA6A；https://www.samr.gov.cn/bzjss/bzjd/art/2022/art_ae386988ba3a44f387bb5634b5f2aa08.html；https://www.yixue.com/%E7%8A%80%E9%BB%84%E4%B8%B8,待逐方新增原典/权威二级来源后复审,是,不得仅据方名、药味或模型候选强行定证。,https://www.yixue.com/%E7%8A%80%E9%BB%84%E4%B8%B8,页面正文命中方名
35,增液汤,增液汤,《温病条辨》,阳明温病，无上焦证，数日不大便，其阴素虚，不可用承气汤者,玄参、麦冬、地黄,气阴两虚；气阴亏虚；胃气阴两虚,TCM-SYNDROME-64D396EDCE1F；TCM-SYNDROME-9312048DDEF1；TCM-SYNDROME-6CDE6CA6AB6D,采纳,阴津亏虚,TCM-SYNDROME-314CC30A9C0C,主治“阴素虚，数日不大便”,A-原清单主治/原典；受控证型归一,https://openstd.samr.gov.cn/bzgk/std/newGbInfo?hcno=C71A9DAD24CB1252F12439D1F045DA6A；https://www.samr.gov.cn/bzjss/bzjd/art/2022/art_ae386988ba3a44f387bb5634b5f2aa08.html；https://www.yixue.com/%E5%A2%9E%E6%B6%B2%E6%B1%A4,原文直接支持；本轮提供标准与目录入口,是,,https://www.yixue.com/%E5%A2%9E%E6%B6%B2%E6%B1%A4,页面正文命中方名
36,正气天香散,正气天香散,刘河间方，录自《医学纲目》,治妇人一切气。症见心胸攻筑，胁肋刺痛，月经不调,乌药、醋香附、陈皮、紫苏叶、干姜,冲脉气结；冲脉气逆；心脉气滞,TCM-SYNDROME-4BB75AF2E1B9；TCM-SYNDROME-6204451B689E；TCM-SYNDROME-9E6782B5D9A2,采纳,肝气郁结,TCM-SYNDROME-1653D0B71600,心胸攻筑、胁肋刺痛、月经不调，皆属肝气郁滞，气机不畅。,A-原清单主治/原典；受控证型归一,https://openstd.samr.gov.cn/bzgk/std/newGbInfo?hcno=C71A9DAD24CB1252F12439D1F045DA6A；https://www.samr.gov.cn/bzjss/bzjd/art/2022/art_ae386988ba3a44f387bb5634b5f2aa08.html；https://www.yixue.com/%E6%AD%A3%E6%B0%94%E5%A4%A9%E9%A6%99%E6%95%A3,原文直接支持；本轮提供标准与目录入口,是,,https://www.yixue.com/%E6%AD%A3%E6%B0%94%E5%A4%A9%E9%A6%99%E6%95%A3,页面正文命中方名
37,止嗽散,止嗽散,《医学心悟》,止嗽化痰，宣肺解表,桔梗、荆芥、蜜紫菀、蜜百部、蜜白前、炙甘草、陈皮,风痰恋肺；痰浊阻肺；痰湿阻肺,TCM-SYNDROME-18AE3FB19A4D；TCM-SYNDROME-6D6F0F6B63F9；phlegm_damp_obstructing_lung,采纳,风痰恋肺,TCM-SYNDROME-18AE3FB19A4D,宣肺解表针对风邪，化痰针对痰浊，合为风痰恋肺。,A-原清单主治/原典；受控证型归一,https://openstd.samr.gov.cn/bzgk/std/newGbInfo?hcno=C71A9DAD24CB1252F12439D1F045DA6A；https://www.samr.gov.cn/bzjss/bzjd/art/2022/art_ae386988ba3a44f387bb5634b5f2aa08.html；https://www.yixue.com/%E6%AD%A2%E5%97%BD%E6%95%A3,原文直接支持；本轮提供标准与目录入口,是,,https://www.yixue.com/%E6%AD%A2%E5%97%BD%E6%95%A3,页面正文命中方名
38,枳术丸,枳术丸,《证治准绳》,老幼虚弱，食不消，脏腑软，气不下降，胸膈满闷,白术、麸炒枳实,中气亏虚；气虚；气虚不运,TCM-SYNDROME-D2724F4203A1；TCM-SYNDROME-6C733A6875EB；TCM-SYNDROME-5CFE8D16B7A4,采纳,气虚不运,TCM-SYNDROME-5CFE8D16B7A4,虚弱、食不消、气不下降、胸膈满闷，属气虚不能运化。,A-原清单主治/原典；受控证型归一,https://openstd.samr.gov.cn/bzgk/std/newGbInfo?hcno=C71A9DAD24CB1252F12439D1F045DA6A；https://www.samr.gov.cn/bzjss/bzjd/art/2022/art_ae386988ba3a44f387bb5634b5f2aa08.html；https://www.yixue.com/%E6%9E%B3%E6%9C%AF%E4%B8%B8,原文直接支持；本轮提供标准与目录入口,是,,https://www.yixue.com/%E6%9E%B3%E6%9C%AF%E4%B8%B8,页面正文命中方名
39,逐寒荡惊汤,逐寒荡惊汤,《福幼编》,治小儿体弱久病，或痘疹后误服寒凉转为慢惊者,胡椒、炮姜、肉桂,中虚脏寒；寒凝阳虚；三焦虚寒,TCM-SYNDROME-2F4BE6A894A5；TCM-SYNDROME-A882856779F6；TCM-SYNDROME-2B640621567D,采纳,中虚脏寒,TCM-SYNDROME-2F4BE6A894A5,误服寒凉转为慢惊，病在中焦虚寒，脏气失煦。,A-原清单主治/原典；受控证型归一,https://openstd.samr.gov.cn/bzgk/std/newGbInfo?hcno=C71A9DAD24CB1252F12439D1F045DA6A；https://www.samr.gov.cn/bzjss/bzjd/art/2022/art_ae386988ba3a44f387bb5634b5f2aa08.html；https://www.yixue.com/%E9%80%90%E5%AF%92%E8%8D%A1%E6%83%8A%E6%B1%A4,原文直接支持；本轮提供标准与目录入口,是,,https://www.yixue.com/%E9%80%90%E5%AF%92%E8%8D%A1%E6%83%8A%E6%B1%A4,页面正文命中方名
40,助阳活血汤,助阳活血汤,《眼科阐微》,眼睫无力，常欲垂闭，及眼发，致热壅白睛，红眵多泪，无疼痛而瘾涩难开,炙甘草、黄芪、当归、防风、蔓荆子、白芷、柴胡、升麻,心肺郁热；心肺热毒犯目；心肺风热犯目,TCM-SYNDROME-3897CA8E7BC2；TCM-SYNDROME-CE0A3CDFE5EA；TCM-SYNDROME-B7706177CE9B,留空,,,主治原文不足以直接绑定受控核心证候；按安全默认留空。,D-证据不足,https://openstd.samr.gov.cn/bzgk/std/newGbInfo?hcno=C71A9DAD24CB1252F12439D1F045DA6A；https://www.samr.gov.cn/bzjss/bzjd/art/2022/art_ae386988ba3a44f387bb5634b5f2aa08.html,待逐方新增原典/权威二级来源后复审,是,不得仅据方名、药味或模型候选强行定证。,,无有效页面（HTTP 404）
41,大半夏汤,大半夏汤,《金匮要略》,胃反呕吐，朝食暮吐，或暮食朝吐,法半夏、人参、蜂蜜,寒滞胃肠；寒滞胃脘,TCM-SYNDROME-55A8743511FB；TCM-SYNDROME-B9C01D4E485E,留空,,,主治原文不足以直接绑定受控核心证候；按安全默认留空。,D-证据不足,https://openstd.samr.gov.cn/bzgk/std/newGbInfo?hcno=C71A9DAD24CB1252F12439D1F045DA6A；https://www.samr.gov.cn/bzjss/bzjd/art/2022/art_ae386988ba3a44f387bb5634b5f2aa08.html；https://www.yixue.com/%E5%A4%A7%E5%8D%8A%E5%A4%8F%E6%B1%A4,待逐方新增原典/权威二级来源后复审,是,不得仅据方名、药味或模型候选强行定证。,https://www.yixue.com/%E5%A4%A7%E5%8D%8A%E5%A4%8F%E6%B1%A4,页面正文命中方名
42,桂麝散,桂麝散,《药蔹启秘》,一切阴疽，流注,麻黄、细辛、肉桂、猪牙皂、生半夏、丁香、制天南星、麝香、冰片,厥阴寒；太阴寒湿,TCM-SYNDROME-C2D9A1525228；TCM-SYNDROME-B7E530399DD5,留空,,,主治原文不足以直接绑定受控核心证候；按安全默认留空。,D-证据不足,https://openstd.samr.gov.cn/bzgk/std/newGbInfo?hcno=C71A9DAD24CB1252F12439D1F045DA6A；https://www.samr.gov.cn/bzjss/bzjd/art/2022/art_ae386988ba3a44f387bb5634b5f2aa08.html；https://www.yixue.com/%E6%A1%82%E9%BA%9D%E6%95%A3,待逐方新增原典/权威二级来源后复审,是,不得仅据方名、药味或模型候选强行定证。,https://www.yixue.com/%E6%A1%82%E9%BA%9D%E6%95%A3,页面正文命中方名
43,活血散瘀汤,活血散瘀汤,《外科正宗》,产后恶露不尽，或经后瘀血作痛，或男子跌打损伤后瘀血流注肠胃作痛，渐成内痈；及腹痛大便燥结者。亦可用以治疗委中毒，局部肿痛微硬，屈曲艰难,当归尾、赤芍、桃仁、酒大黄、川芎、苏木、牡丹皮、枳壳、瓜蒌子、槟榔,外伤血瘀；气滞血瘀,TCM-SYNDROME-F898822FF2CD；qi_stagnation_blood_stasis,留空,,,主治原文不足以直接绑定受控核心证候；按安全默认留空。,D-证据不足,https://openstd.samr.gov.cn/bzgk/std/newGbInfo?hcno=C71A9DAD24CB1252F12439D1F045DA6A；https://www.samr.gov.cn/bzjss/bzjd/art/2022/art_ae386988ba3a44f387bb5634b5f2aa08.html；https://www.yixue.com/%E6%B4%BB%E8%A1%80%E6%95%A3%E7%98%80%E6%B1%A4,待逐方新增原典/权威二级来源后复审,是,不得仅据方名、药味或模型候选强行定证。,https://www.yixue.com/%E6%B4%BB%E8%A1%80%E6%95%A3%E7%98%80%E6%B1%A4,页面正文命中方名
44,加味二陈汤,加味二陈汤,《医宗金鉴》,舌下痰包,姜半夏、陈皮、茯苓、甘草、黄芩片、黄连片、薄荷、生姜,痰核留结；痰浊,TCM-SYNDROME-53B39DBBC28D；TCM-SYNDROME-60AFB2E45BEC,采纳,痰核留结,TCM-SYNDROME-53B39DBBC28D,主治舌下痰包，即痰核留结,A-原清单主治/原典；受控证型归一,https://openstd.samr.gov.cn/bzgk/std/newGbInfo?hcno=C71A9DAD24CB1252F12439D1F045DA6A；https://www.samr.gov.cn/bzjss/bzjd/art/2022/art_ae386988ba3a44f387bb5634b5f2aa08.html；https://www.yixue.com/%E5%8A%A0%E5%91%B3%E4%BA%8C%E9%99%88%E6%B1%A4,原文直接支持；本轮提供标准与目录入口,是,,https://www.yixue.com/%E5%8A%A0%E5%91%B3%E4%BA%8C%E9%99%88%E6%B1%A4,页面正文命中方名
45,金沸草散,金沸草散,《南阳活人书》,伤寒中脘有痰，令人壮热，头痛，项筋紧急，时发寒热,前胡、荆芥、法半夏、赤芍、细辛、甘草、旋覆花,寒痰聚胃；寒痰,TCM-SYNDROME-A09BF27CA767；TCM-SYNDROME-6F54472089DC,采纳,寒痰聚胃,TCM-SYNDROME-A09BF27CA767,主治中脘有痰，壮热项强，属寒痰聚胃,A-原清单主治/原典；受控证型归一,https://openstd.samr.gov.cn/bzgk/std/newGbInfo?hcno=C71A9DAD24CB1252F12439D1F045DA6A；https://www.samr.gov.cn/bzjss/bzjd/art/2022/art_ae386988ba3a44f387bb5634b5f2aa08.html；https://www.yixue.com/%E9%87%91%E6%B2%B8%E8%8D%89%E6%95%A3,原文直接支持；本轮提供标准与目录入口,是,,https://www.yixue.com/%E9%87%91%E6%B2%B8%E8%8D%89%E6%95%A3,页面正文命中方名
46,补筋丸,补筋丸,《医宗金鉴》,跌仆伤筋，血脉壅滞，青紫肿痛者,五加皮、蛇床子、沉香、丁香、川牛膝、茯苓、莲须、肉苁蓉片、菟丝子、当归、熟地黄、牡丹皮、木瓜、山药、人参、木香,外伤血瘀,TCM-SYNDROME-F898822FF2CD,采纳,外伤血瘀,TCM-SYNDROME-F898822FF2CD,主治明言跌仆伤筋、血脉壅滞、青紫肿痛，直指外伤血瘀,A-原清单主治/原典；受控证型归一,https://openstd.samr.gov.cn/bzgk/std/newGbInfo?hcno=C71A9DAD24CB1252F12439D1F045DA6A；https://www.samr.gov.cn/bzjss/bzjd/art/2022/art_ae386988ba3a44f387bb5634b5f2aa08.html；https://www.yixue.com/%E8%A1%A5%E7%AD%8B%E4%B8%B8,原文直接支持；本轮提供标准与目录入口,是,,https://www.yixue.com/%E8%A1%A5%E7%AD%8B%E4%B8%B8,页面正文命中方名
47,沉香散,沉香散,《金匮翼》,气淋，小便涩滞，淋漓不宣，少腹胀满,沉香、陈皮、当归、白芍、炙甘草、石韦、滑石粉、冬葵果、炒王不留行,小肠气滞,TCM-SYNDROME-C1BD29BE355E,采纳,小肠气滞,TCM-SYNDROME-C1BD29BE355E,主治气淋，小便涩滞，少腹胀满，属小肠气滞之象,A-原清单主治/原典；受控证型归一,https://openstd.samr.gov.cn/bzgk/std/newGbInfo?hcno=C71A9DAD24CB1252F12439D1F045DA6A；https://www.samr.gov.cn/bzjss/bzjd/art/2022/art_ae386988ba3a44f387bb5634b5f2aa08.html；https://www.yixue.com/%E6%B2%89%E9%A6%99%E6%95%A3,原文直接支持；本轮提供标准与目录入口,是,,https://www.yixue.com/%E6%B2%89%E9%A6%99%E6%95%A3,页面正文命中方名
48,丹参饮,丹参饮,《时方歌括》,心痛，胃脘诸痛,丹参、檀香、砂仁,心气滞血瘀,TCM-SYNDROME-0FFB798300BF,留空,,,主治原文不足以直接绑定受控核心证候；按安全默认留空。,D-证据不足,https://openstd.samr.gov.cn/bzgk/std/newGbInfo?hcno=C71A9DAD24CB1252F12439D1F045DA6A；https://www.samr.gov.cn/bzjss/bzjd/art/2022/art_ae386988ba3a44f387bb5634b5f2aa08.html；https://www.yixue.com/%E4%B8%B9%E5%8F%82%E9%A5%AE,待逐方新增原典/权威二级来源后复审,是,不得仅据方名、药味或模型候选强行定证。,https://www.yixue.com/%E4%B8%B9%E5%8F%82%E9%A5%AE,页面正文命中方名
49,槐角丸,槐角丸,《太平惠民和剂局方》,肠风，痔漏下血，伴里急后重，肛门痒痛者,槐角、地榆、黄芩片、当归、麸炒枳壳、防风,血热动风,TCM-SYNDROME-528A18A430ED,采纳,血热动风,TCM-SYNDROME-528A18A430ED,肠风痔漏下血、肛门痒痛，体现血热动风之机,A-原清单主治/原典；受控证型归一,https://openstd.samr.gov.cn/bzgk/std/newGbInfo?hcno=C71A9DAD24CB1252F12439D1F045DA6A；https://www.samr.gov.cn/bzjss/bzjd/art/2022/art_ae386988ba3a44f387bb5634b5f2aa08.html；https://www.yixue.com/%E6%A7%90%E8%A7%92%E4%B8%B8,原文直接支持；本轮提供标准与目录入口,是,,https://www.yixue.com/%E6%A7%90%E8%A7%92%E4%B8%B8,页面正文命中方名
50,黄连温胆汤,黄连温胆汤,《六因条辨》,伤暑汗出，身不大热，烦闭欲呕，舌黄腻,陈皮、法半夏、茯苓、甘草、姜竹茹、麸炒枳壳、黄连,中焦湿热,TCM-SYNDROME-F847550B62B0,采纳,中焦湿热,TCM-SYNDROME-F847550B62B0,伤暑烦闭欲呕、舌黄腻，契合中焦湿热证,A-原清单主治/原典；受控证型归一,https://openstd.samr.gov.cn/bzgk/std/newGbInfo?hcno=C71A9DAD24CB1252F12439D1F045DA6A；https://www.samr.gov.cn/bzjss/bzjd/art/2022/art_ae386988ba3a44f387bb5634b5f2aa08.html；https://www.yixue.com/%E9%BB%84%E8%BF%9E%E6%B8%A9%E8%83%86%E6%B1%A4,原文直接支持；本轮提供标准与目录入口,是,,https://www.yixue.com/%E9%BB%84%E8%BF%9E%E6%B8%A9%E8%83%86%E6%B1%A4,页面正文命中方名
51,胶艾汤,胶艾汤,《金匮要略》,妇人冲任虚损，崩漏下血，月经过多，淋漓不止，产后或流产损伤冲任，下血不绝，或妊娠胞阻，胎漏下血，腹中疼痛,川芎、当归、阿胶、甘草、艾叶、白芍、地黄,气血两虚,qi_blood_deficiency,采纳,冲任不固,TCM-SYNDROME-8097C6663D16,主治言冲任虚损，崩漏下血、胎漏等，提示冲任不固,A-原清单主治/原典；受控证型归一,https://openstd.samr.gov.cn/bzgk/std/newGbInfo?hcno=C71A9DAD24CB1252F12439D1F045DA6A；https://www.samr.gov.cn/bzjss/bzjd/art/2022/art_ae386988ba3a44f387bb5634b5f2aa08.html；https://www.yixue.com/%E8%83%B6%E8%89%BE%E6%B1%A4,原文直接支持；本轮提供标准与目录入口,是,,https://www.yixue.com/%E8%83%B6%E8%89%BE%E6%B1%A4,页面正文命中方名
52,五磨饮子,五磨饮子,《医方集解》,暴怒暴死，名曰气厥者,乌药、沉香、槟榔、枳实、木香,冲脉气逆,TCM-SYNDROME-6204451B689E,留空,,,主治原文不足以直接绑定受控核心证候；按安全默认留空。,D-证据不足,https://openstd.samr.gov.cn/bzgk/std/newGbInfo?hcno=C71A9DAD24CB1252F12439D1F045DA6A；https://www.samr.gov.cn/bzjss/bzjd/art/2022/art_ae386988ba3a44f387bb5634b5f2aa08.html；https://www.yixue.com/%E4%BA%94%E7%A3%A8%E9%A5%AE%E5%AD%90,待逐方新增原典/权威二级来源后复审,是,不得仅据方名、药味或模型候选强行定证。,https://www.yixue.com/%E4%BA%94%E7%A3%A8%E9%A5%AE%E5%AD%90,页面正文命中方名
53,小柴胡汤,小柴胡汤,《伤寒论》,伤寒少阳证；热入血室证；疟疾、黄疸以及内伤杂病而见少阳证者,柴胡、黄芩片、人参、炙甘草、法半夏、生姜、大枣,热结血室,TCM-SYNDROME-1ADCAC12E04E,留空,,,主治原文不足以直接绑定受控核心证候；按安全默认留空。,D-证据不足,https://openstd.samr.gov.cn/bzgk/std/newGbInfo?hcno=C71A9DAD24CB1252F12439D1F045DA6A；https://www.samr.gov.cn/bzjss/bzjd/art/2022/art_ae386988ba3a44f387bb5634b5f2aa08.html；https://www.yixue.com/%E5%B0%8F%E6%9F%B4%E8%83%A1%E6%B1%A4,待逐方新增原典/权威二级来源后复审,是,不得仅据方名、药味或模型候选强行定证。,https://www.yixue.com/%E5%B0%8F%E6%9F%B4%E8%83%A1%E6%B1%A4,页面正文命中方名
54,治痰茯苓丸,治痰茯苓丸,《全生指迷方》,中脘停痰，臂痛难举，或四肢浮肿，脉沉细,茯苓、麸炒枳壳、法半夏、芒硝,寒痰聚胃,TCM-SYNDROME-A09BF27CA767,留空,,,主治原文不足以直接绑定受控核心证候；按安全默认留空。,D-证据不足,https://openstd.samr.gov.cn/bzgk/std/newGbInfo?hcno=C71A9DAD24CB1252F12439D1F045DA6A；https://www.samr.gov.cn/bzjss/bzjd/art/2022/art_ae386988ba3a44f387bb5634b5f2aa08.html；https://www.yixue.com/%E6%B2%BB%E7%97%B0%E8%8C%AF%E8%8B%93%E4%B8%B8,待逐方新增原典/权威二级来源后复审,是,不得仅据方名、药味或模型候选强行定证。,https://www.yixue.com/%E6%B2%BB%E7%97%B0%E8%8C%AF%E8%8B%93%E4%B8%B8,页面正文命中方名
55,白豆蔻散,白豆蔻散,《奇效良方》,积聚，心腹胀满，宿食不消，气刺疞痛，泻泄，善噫，呕吐酸水，手足厥冷,白豆蔻、肉豆蔻、高良姜、木香、肉桂、附片、麸炒枳壳、陈皮、人参、丁香、甘草,,,留空,,,主治原文不足以直接绑定受控核心证候；按安全默认留空。,D-证据不足,https://openstd.samr.gov.cn/bzgk/std/newGbInfo?hcno=C71A9DAD24CB1252F12439D1F045DA6A；https://www.samr.gov.cn/bzjss/bzjd/art/2022/art_ae386988ba3a44f387bb5634b5f2aa08.html；https://www.yixue.com/%E7%99%BD%E8%B1%86%E8%94%BB%E6%95%A3,待逐方新增原典/权威二级来源后复审,是,不得仅据方名、药味或模型候选强行定证。,https://www.yixue.com/%E7%99%BD%E8%B1%86%E8%94%BB%E6%95%A3,页面正文命中方名
56,补肾明目丸,补肾明目丸,《银海精微》,诸内障，欲变五风，变化视物不明,川芎、当归、熟地黄、菊花、山药、知母、石菖蒲、黄柏、大青盐、远志、蒺藜、巴戟天、五味子、白芍、桑螵蛸、茺蔚子、菟丝子、青葙子、密蒙花、枸杞子、肉苁蓉片、石决明,,,留空,,,主治原文不足以直接绑定受控核心证候；按安全默认留空。,D-证据不足,https://openstd.samr.gov.cn/bzgk/std/newGbInfo?hcno=C71A9DAD24CB1252F12439D1F045DA6A；https://www.samr.gov.cn/bzjss/bzjd/art/2022/art_ae386988ba3a44f387bb5634b5f2aa08.html；https://www.yixue.com/%E8%A1%A5%E8%82%BE%E6%98%8E%E7%9B%AE%E4%B8%B8,待逐方新增原典/权威二级来源后复审,是,不得仅据方名、药味或模型候选强行定证。,https://www.yixue.com/%E8%A1%A5%E8%82%BE%E6%98%8E%E7%9B%AE%E4%B8%B8,页面正文命中方名
57,趁痛丸,趁痛丸,《经效产宝续编》,治产后遍身疼痛,牛膝、当归、肉桂、白术、黄芪、薤白、独活、生姜、炙甘草,,,留空,,,主治原文不足以直接绑定受控核心证候；按安全默认留空。,D-证据不足,https://openstd.samr.gov.cn/bzgk/std/newGbInfo?hcno=C71A9DAD24CB1252F12439D1F045DA6A；https://www.samr.gov.cn/bzjss/bzjd/art/2022/art_ae386988ba3a44f387bb5634b5f2aa08.html；https://www.yixue.com/%E8%B6%81%E7%97%9B%E4%B8%B8,待逐方新增原典/权威二级来源后复审,是,不得仅据方名、药味或模型候选强行定证。,https://www.yixue.com/%E8%B6%81%E7%97%9B%E4%B8%B8,页面正文命中方名
58,春泽汤,春泽汤,《医宗金鉴》,伤暑泄泻，泻定仍渴，小便不利,人参、白术、茯苓、泽泻、猪苓,,,采纳,暑伤津气,TCM-SYNDROME-58DE824FDFFB,伤暑泄泻后仍渴、小便不利，反映暑热耗伤津气、气化失司。,A-原清单主治/原典；受控证型归一,https://openstd.samr.gov.cn/bzgk/std/newGbInfo?hcno=C71A9DAD24CB1252F12439D1F045DA6A；https://www.samr.gov.cn/bzjss/bzjd/art/2022/art_ae386988ba3a44f387bb5634b5f2aa08.html；https://www.yixue.com/%E6%98%A5%E6%B3%BD%E6%B1%A4,原文直接支持；本轮提供标准与目录入口,是,,https://www.yixue.com/%E6%98%A5%E6%B3%BD%E6%B1%A4,页面正文命中方名
59,大柴胡汤,大柴胡汤,《金匮要略》,少阳，阳明合病，往来寒热，胸胁苦满，呕不止，郁郁微烦，心下痞硬或满痛，大便秘结，或协热下利，舌苔黄，脉弦有力者,柴胡、黄芩片、白芍、姜半夏、大黄、麸炒枳实、生姜、大枣,,,留空,,,主治原文不足以直接绑定受控核心证候；按安全默认留空。,D-证据不足,https://openstd.samr.gov.cn/bzgk/std/newGbInfo?hcno=C71A9DAD24CB1252F12439D1F045DA6A；https://www.samr.gov.cn/bzjss/bzjd/art/2022/art_ae386988ba3a44f387bb5634b5f2aa08.html；https://www.yixue.com/%E5%A4%A7%E6%9F%B4%E8%83%A1%E6%B1%A4,待逐方新增原典/权威二级来源后复审,是,不得仅据方名、药味或模型候选强行定证。,https://www.yixue.com/%E5%A4%A7%E6%9F%B4%E8%83%A1%E6%B1%A4,页面正文命中方名
60,黛蛤散,黛蛤散,验方,痰嗽，终夕不寐，面浮如盘,青黛、煅蛤壳,,,采纳,肝火犯肺,TCM-SYNDROME-7DA51B98E1A2,痰嗽终夕不寐、面浮如盘，系肝火犯肺、痰热上扰。,A-原清单主治/原典；受控证型归一,https://openstd.samr.gov.cn/bzgk/std/newGbInfo?hcno=C71A9DAD24CB1252F12439D1F045DA6A；https://www.samr.gov.cn/bzjss/bzjd/art/2022/art_ae386988ba3a44f387bb5634b5f2aa08.html；https://www.yixue.com/%E9%BB%9B%E8%9B%A4%E6%95%A3,原文直接支持；本轮提供标准与目录入口,是,,https://www.yixue.com/%E9%BB%9B%E8%9B%A4%E6%95%A3,页面正文命中方名
61,癫狂梦醒汤,癫狂梦醒汤,《医林改错》,癫狂。哭笑不休，詈骂歌唱，不避亲疏者,燀桃仁、柴胡、醋香附、赤芍、姜半夏、大腹皮、青皮、陈皮、桑白皮、紫苏子、川木通、甘草,,,采纳,痰蒙心窍,TCM-SYNDROME-AC0AE7741CCC,主治癫狂，哭笑詈骂不避亲疏，属痰蒙心神典型表现,A-原清单主治/原典；受控证型归一,https://openstd.samr.gov.cn/bzgk/std/newGbInfo?hcno=C71A9DAD24CB1252F12439D1F045DA6A；https://www.samr.gov.cn/bzjss/bzjd/art/2022/art_ae386988ba3a44f387bb5634b5f2aa08.html；https://www.yixue.com/%E7%99%AB%E7%8B%82%E6%A2%A6%E9%86%92%E6%B1%A4,原文直接支持；本轮提供标准与目录入口,是,,https://www.yixue.com/%E7%99%AB%E7%8B%82%E6%A2%A6%E9%86%92%E6%B1%A4,页面正文命中方名
62,调元散,调元散,《活幼心书》,小儿变蒸，脾弱不乳，吐乳多啼,山药、人参、茯苓、茯神、白术、白芍、熟地黄、当归、黄芪、川芎、甘草、石菖蒲,,,采纳,脾气虚,spleen_qi_deficiency,主治明示“脾弱不乳，吐乳多啼”，为脾气虚主证,A-原清单主治/原典；受控证型归一,https://openstd.samr.gov.cn/bzgk/std/newGbInfo?hcno=C71A9DAD24CB1252F12439D1F045DA6A；https://www.samr.gov.cn/bzjss/bzjd/art/2022/art_ae386988ba3a44f387bb5634b5f2aa08.html；https://www.yixue.com/%E8%B0%83%E5%85%83%E6%95%A3,原文直接支持；本轮提供标准与目录入口,是,,https://www.yixue.com/%E8%B0%83%E5%85%83%E6%95%A3,页面正文命中方名
63,丁桂散,丁桂散,《外科传薪集》,头痛,丁香、肉桂,,,留空,,,主治原文不足以直接绑定受控核心证候；按安全默认留空。,D-证据不足,https://openstd.samr.gov.cn/bzgk/std/newGbInfo?hcno=C71A9DAD24CB1252F12439D1F045DA6A；https://www.samr.gov.cn/bzjss/bzjd/art/2022/art_ae386988ba3a44f387bb5634b5f2aa08.html；https://www.yixue.com/%E4%B8%81%E6%A1%82%E6%95%A3,待逐方新增原典/权威二级来源后复审,是,不得仅据方名、药味或模型候选强行定证。,https://www.yixue.com/%E4%B8%81%E6%A1%82%E6%95%A3,页面正文命中方名
64,定志丸,定志丸,《审视瑶函》,近视、健忘,远志、石菖蒲、人参、茯苓、朱砂,,,留空,,,主治原文不足以直接绑定受控核心证候；按安全默认留空。,D-证据不足,https://openstd.samr.gov.cn/bzgk/std/newGbInfo?hcno=C71A9DAD24CB1252F12439D1F045DA6A；https://www.samr.gov.cn/bzjss/bzjd/art/2022/art_ae386988ba3a44f387bb5634b5f2aa08.html；https://www.yixue.com/%E5%AE%9A%E5%BF%97%E4%B8%B8,待逐方新增原典/权威二级来源后复审,是,不得仅据方名、药味或模型候选强行定证。,https://www.yixue.com/%E5%AE%9A%E5%BF%97%E4%B8%B8,页面正文命中方名
65,防风根汤,防风根汤,《杂病源流犀烛》,络虚而致之肩膊疼痛连臂，渐下入环跳、髀膝,防风、白术、当归、姜黄、黄芪、桑枝,,,采纳,络脉空虚,TCM-SYNDROME-FD91BEF8BBD3,主治直接点出“络虚”导致肩臂疼痛连及下肢,A-原清单主治/原典；受控证型归一,https://openstd.samr.gov.cn/bzgk/std/newGbInfo?hcno=C71A9DAD24CB1252F12439D1F045DA6A；https://www.samr.gov.cn/bzjss/bzjd/art/2022/art_ae386988ba3a44f387bb5634b5f2aa08.html；https://www.yixue.com/%E9%98%B2%E9%A3%8E%E6%A0%B9%E6%B1%A4,原文直接支持；本轮提供标准与目录入口,是,,https://www.yixue.com/%E9%98%B2%E9%A3%8E%E6%A0%B9%E6%B1%A4,页面正文命中方名
66,防风散,防风散,《秘传眼科龙木论》,圆翳内障，初患之时，眼前多见蝇飞花发，薄烟轻雾，渐渐加重，继则黑睛上出现一点青白，宛如油点浮于水面暗处视之，其翳青白而大，明处视之，其形差小，不痛不痒，渐至失明,茺蔚子、防风、桔梗、五味子、知母、玄参、大黄、细辛、芒硝、车前子、黄芩片,,,留空,,,主治原文不足以直接绑定受控核心证候；按安全默认留空。,D-证据不足,https://openstd.samr.gov.cn/bzgk/std/newGbInfo?hcno=C71A9DAD24CB1252F12439D1F045DA6A；https://www.samr.gov.cn/bzjss/bzjd/art/2022/art_ae386988ba3a44f387bb5634b5f2aa08.html；https://www.yixue.com/%E9%98%B2%E9%A3%8E%E6%95%A3,待逐方新增原典/权威二级来源后复审,是,不得仅据方名、药味或模型候选强行定证。,https://www.yixue.com/%E9%98%B2%E9%A3%8E%E6%95%A3,页面正文命中方名
67,和营止痛汤,和营止痛汤,《伤科补要》,跌打损伤,赤芍、当归、川芎、苏木、陈皮、燀桃仁、续断、乌药、醋乳香、醋没药、川木通、甘草,,,留空,,,主治原文不足以直接绑定受控核心证候；按安全默认留空。,D-证据不足,https://openstd.samr.gov.cn/bzgk/std/newGbInfo?hcno=C71A9DAD24CB1252F12439D1F045DA6A；https://www.samr.gov.cn/bzjss/bzjd/art/2022/art_ae386988ba3a44f387bb5634b5f2aa08.html；https://www.yixue.com/%E5%92%8C%E8%90%A5%E6%AD%A2%E7%97%9B%E6%B1%A4,待逐方新增原典/权威二级来源后复审,是,不得仅据方名、药味或模型候选强行定证。,https://www.yixue.com/%E5%92%8C%E8%90%A5%E6%AD%A2%E7%97%9B%E6%B1%A4,页面正文命中方名
68,黄芪当归散,黄芪当归散,《医宗金鉴》,小便频数，淋沥不禁,人参、黄芪、白术、白芍、甘草、益智仁、补骨脂、海螵蛸,,,留空,,,主治原文不足以直接绑定受控核心证候；按安全默认留空。,D-证据不足,https://openstd.samr.gov.cn/bzgk/std/newGbInfo?hcno=C71A9DAD24CB1252F12439D1F045DA6A；https://www.samr.gov.cn/bzjss/bzjd/art/2022/art_ae386988ba3a44f387bb5634b5f2aa08.html,待逐方新增原典/权威二级来源后复审,是,不得仅据方名、药味或模型候选强行定证。,,无有效页面（HTTP 404）
69,己椒苈黄丸,己椒苈黄丸,《金匮要略》,水饮积聚脘腹，肠间有声，腹满便秘，小便不利，口干舌燥，脉沉弦,防己、椒目、葶苈子、大黄,,,采纳,水热互结,TCM-SYNDROME-EB4B8CE11CA2,主治见水饮积聚、肠鸣、口干舌燥、便秘，显系水热互结于肠腑。,A-原清单主治/原典；受控证型归一,https://openstd.samr.gov.cn/bzgk/std/newGbInfo?hcno=C71A9DAD24CB1252F12439D1F045DA6A；https://www.samr.gov.cn/bzjss/bzjd/art/2022/art_ae386988ba3a44f387bb5634b5f2aa08.html,原文直接支持；本轮提供标准与目录入口,是,,,无有效页面（HTTP 404）
70,加味五淋散,加味五淋散,《医宗金鉴》,子淋。孕妇小便频数窘涩，点滴疼痛,焦栀子、茯苓、当归、白芍、黄芩片、甘草、地黄、泽泻、车前子、滑石、木通,,,采纳,膀胱湿热,TCM-SYNDROME-F004D9A90550,主治孕妇小便频数窘涩、点滴疼痛，归属热淋，核心证候为膀胱湿热。,A-原清单主治/原典；受控证型归一,https://openstd.samr.gov.cn/bzgk/std/newGbInfo?hcno=C71A9DAD24CB1252F12439D1F045DA6A；https://www.samr.gov.cn/bzjss/bzjd/art/2022/art_ae386988ba3a44f387bb5634b5f2aa08.html；https://www.yixue.com/%E5%8A%A0%E5%91%B3%E4%BA%94%E6%B7%8B%E6%95%A3,原文直接支持；本轮提供标准与目录入口,是,,https://www.yixue.com/%E5%8A%A0%E5%91%B3%E4%BA%94%E6%B7%8B%E6%95%A3,页面正文命中方名
71,加味逍遥散（《审视瑶函》暴盲方）,加味逍遥散（《审视瑶函》暴盲方）,《审视瑶函》,该标准条目主治暴盲；不得与丹栀逍遥散或其他同名加味方自动合并,柴胡、当归、白芍、白术、茯苓、生姜、薄荷、炙甘草、防风、龙胆,,,留空,,,主治原文不足以直接绑定受控核心证候；按安全默认留空。,D-证据不足,https://openstd.samr.gov.cn/bzgk/std/newGbInfo?hcno=C71A9DAD24CB1252F12439D1F045DA6A；https://www.samr.gov.cn/bzjss/bzjd/art/2022/art_ae386988ba3a44f387bb5634b5f2aa08.html,待逐方新增原典/权威二级来源后复审,是,不得仅据方名、药味或模型候选强行定证。,,无有效页面（HTTP 404）
72,将军定痛丸,将军定痛丸,《审视瑶函》,头目胀痛剧烈，甚至目珠变硬，巅顶疼痛，视力下降，畏光流泪，抱轮红赤或白睛混赤，胞睑肿胀，黑睛浑浊，瞳神散大而展缩不灵，动辄眩晕，恶心呕吐痰涎,黄芩片、炒僵蚕、陈皮、天麻、桔梗、青礞石、白芷、薄荷、大黄、法半夏,,,采纳,肝火上炎；痰浊,TCM-SYNDROME-D458E1730BE6；TCM-SYNDROME-60AFB2E45BEC,头目胀痛剧烈、目红赤等为肝火上炎；恶心呕吐痰涎为痰浊内阻,A-原清单主治/原典；受控证型归一,https://openstd.samr.gov.cn/bzgk/std/newGbInfo?hcno=C71A9DAD24CB1252F12439D1F045DA6A；https://www.samr.gov.cn/bzjss/bzjd/art/2022/art_ae386988ba3a44f387bb5634b5f2aa08.html,原文直接支持；本轮提供标准与目录入口,是,,,无有效页面（HTTP 404）
73,解毒活血汤,解毒活血汤,《医林改错》,瘟毒吐泻初起，现用于麻疹，脑炎，脑膜炎后遗症灰质炎后遗症等,连翘、葛根、柴胡、麸炒枳壳、当归、赤芍、地黄、红花、燀桃仁、甘草,,,留空,,,主治原文不足以直接绑定受控核心证候；按安全默认留空。,D-证据不足,https://openstd.samr.gov.cn/bzgk/std/newGbInfo?hcno=C71A9DAD24CB1252F12439D1F045DA6A；https://www.samr.gov.cn/bzjss/bzjd/art/2022/art_ae386988ba3a44f387bb5634b5f2aa08.html；https://www.yixue.com/%E8%A7%A3%E6%AF%92%E6%B4%BB%E8%A1%80%E6%B1%A4,待逐方新增原典/权威二级来源后复审,是,不得仅据方名、药味或模型候选强行定证。,https://www.yixue.com/%E8%A7%A3%E6%AF%92%E6%B4%BB%E8%A1%80%E6%B1%A4,页面正文命中方名
74,橘皮汤,橘皮汤,《千金要方》,治干呕哕，手足厥冷，妊娠恶阻,陈皮、生姜,,,采纳,胃寒气逆,TCM-SYNDROME-8F3CD2D22D9D,干呕哕为气逆在胃，手足厥冷主寒，合为胃寒气逆,A-原清单主治/原典；受控证型归一,https://openstd.samr.gov.cn/bzgk/std/newGbInfo?hcno=C71A9DAD24CB1252F12439D1F045DA6A；https://www.samr.gov.cn/bzjss/bzjd/art/2022/art_ae386988ba3a44f387bb5634b5f2aa08.html；https://www.yixue.com/%E6%A9%98%E7%9A%AE%E6%B1%A4,原文直接支持；本轮提供标准与目录入口,是,,https://www.yixue.com/%E6%A9%98%E7%9A%AE%E6%B1%A4,页面正文命中方名
75,苦参汤,苦参汤,《中医大辞典》,疥癞，疯癞，疮疡,苦参、蛇床子、白芷、金银花、野菊花、黄柏、地肤子、石菖蒲,,,留空,,,主治原文不足以直接绑定受控核心证候；按安全默认留空。,D-证据不足,https://openstd.samr.gov.cn/bzgk/std/newGbInfo?hcno=C71A9DAD24CB1252F12439D1F045DA6A；https://www.samr.gov.cn/bzjss/bzjd/art/2022/art_ae386988ba3a44f387bb5634b5f2aa08.html；https://www.yixue.com/%E8%8B%A6%E5%8F%82%E6%B1%A4,待逐方新增原典/权威二级来源后复审,是,不得仅据方名、药味或模型候选强行定证。,https://www.yixue.com/%E8%8B%A6%E5%8F%82%E6%B1%A4,页面正文命中方名
76,理中安蛔汤,理中安蛔汤,《类证治裁》,中阳不振，蛔虫腹痛,人参、白术、茯苓、雷丸、花椒、乌梅,,,采纳,脾胃阳虚；虫积,TCM-SYNDROME-AEF5893DC408；TCM-SYNDROME-FDD151EC4FB5,主治“中阳不振，蛔虫腹痛”明确指向本虚标实,A-原清单主治/原典；受控证型归一,https://openstd.samr.gov.cn/bzgk/std/newGbInfo?hcno=C71A9DAD24CB1252F12439D1F045DA6A；https://www.samr.gov.cn/bzjss/bzjd/art/2022/art_ae386988ba3a44f387bb5634b5f2aa08.html；https://www.yixue.com/%E7%90%86%E4%B8%AD%E5%AE%89%E8%9B%94%E6%B1%A4,原文直接支持；本轮提供标准与目录入口,是,,https://www.yixue.com/%E7%90%86%E4%B8%AD%E5%AE%89%E8%9B%94%E6%B1%A4,页面正文命中方名
77,连梅安蛔丸,连梅安蛔丸,《通俗伤寒论》,蛔厥证,胡黄连、花椒、雷丸、乌梅、黄柏、槟榔,,,留空,,,主治原文不足以直接绑定受控核心证候；按安全默认留空。,D-证据不足,https://openstd.samr.gov.cn/bzgk/std/newGbInfo?hcno=C71A9DAD24CB1252F12439D1F045DA6A；https://www.samr.gov.cn/bzjss/bzjd/art/2022/art_ae386988ba3a44f387bb5634b5f2aa08.html,待逐方新增原典/权威二级来源后复审,是,不得仅据方名、药味或模型候选强行定证。,,无有效页面（HTTP 404）
78,凉血消风散,凉血消风散,《朱仁康临床经验集》,脂溢性皮炎，人工荨麻疹，玫瑰糠疹,地黄、当归、荆芥、蝉蜕、知母、苦参、炒蒺藜、石膏、甘草,,,留空,,,主治原文不足以直接绑定受控核心证候；按安全默认留空。,D-证据不足,https://openstd.samr.gov.cn/bzgk/std/newGbInfo?hcno=C71A9DAD24CB1252F12439D1F045DA6A；https://www.samr.gov.cn/bzjss/bzjd/art/2022/art_ae386988ba3a44f387bb5634b5f2aa08.html；https://www.yixue.com/%E5%87%89%E8%A1%80%E6%B6%88%E9%A3%8E%E6%95%A3,待逐方新增原典/权威二级来源后复审,是,不得仅据方名、药味或模型候选强行定证。,https://www.yixue.com/%E5%87%89%E8%A1%80%E6%B6%88%E9%A3%8E%E6%95%A3,页面正文命中方名
79,木香槟榔丸,木香槟榔丸,《赤水玄珠》,痢疾，食积,木香、槟榔、麸炒枳壳、陈皮、醋青皮、醋香附、醋三棱、醋莪术、黄连片、酒黄柏、大黄、炒牵牛子,,,留空,,,主治原文不足以直接绑定受控核心证候；按安全默认留空。,D-证据不足,https://openstd.samr.gov.cn/bzgk/std/newGbInfo?hcno=C71A9DAD24CB1252F12439D1F045DA6A；https://www.samr.gov.cn/bzjss/bzjd/art/2022/art_ae386988ba3a44f387bb5634b5f2aa08.html；https://www.yixue.com/%E6%9C%A8%E9%A6%99%E6%A7%9F%E6%A6%94%E4%B8%B8,待逐方新增原典/权威二级来源后复审,是,不得仅据方名、药味或模型候选强行定证。,https://www.yixue.com/%E6%9C%A8%E9%A6%99%E6%A7%9F%E6%A6%94%E4%B8%B8,页面正文命中方名
80,青竹茹汤,青竹茹汤,《证治准绳》,伤寒后，哕干呕，不下食,竹茹、陈皮、生姜、茯苓、姜半夏,,,采纳,胃气上逆,TCM-SYNDROME-72F348E2691D,主治“哕干呕，不下食”全为胃气上逆之象,A-原清单主治/原典；受控证型归一,https://openstd.samr.gov.cn/bzgk/std/newGbInfo?hcno=C71A9DAD24CB1252F12439D1F045DA6A；https://www.samr.gov.cn/bzjss/bzjd/art/2022/art_ae386988ba3a44f387bb5634b5f2aa08.html；https://www.yixue.com/%E9%9D%92%E7%AB%B9%E8%8C%B9%E6%B1%A4,原文直接支持；本轮提供标准与目录入口,是,,https://www.yixue.com/%E9%9D%92%E7%AB%B9%E8%8C%B9%E6%B1%A4,页面正文命中方名
81,清肺饮,清肺饮,《证治汇补》,肺脾气燥淋病,黄芩片、桑白皮、麦冬、盐车前子、川木通、栀子、茯苓,,,留空,,,主治原文不足以直接绑定受控核心证候；按安全默认留空。,D-证据不足,https://openstd.samr.gov.cn/bzgk/std/newGbInfo?hcno=C71A9DAD24CB1252F12439D1F045DA6A；https://www.samr.gov.cn/bzjss/bzjd/art/2022/art_ae386988ba3a44f387bb5634b5f2aa08.html；https://www.yixue.com/%E6%B8%85%E8%82%BA%E9%A5%AE,待逐方新增原典/权威二级来源后复审,是,不得仅据方名、药味或模型候选强行定证。,https://www.yixue.com/%E6%B8%85%E8%82%BA%E9%A5%AE,页面正文命中方名
82,清胃解毒汤,清胃解毒汤,《痘疹传心录》,痘后口龈生疮肿痛,当归、黄连、生地黄、天花粉、连翘、升麻、牡丹皮、赤芍药,,,采纳,胃火上炎,TCM-SYNDROME-2C4664F42CF5,主治“口龈生疮肿痛”为胃火上攻口龈的典型表现,A-原清单主治/原典；受控证型归一,https://openstd.samr.gov.cn/bzgk/std/newGbInfo?hcno=C71A9DAD24CB1252F12439D1F045DA6A；https://www.samr.gov.cn/bzjss/bzjd/art/2022/art_ae386988ba3a44f387bb5634b5f2aa08.html；https://www.yixue.com/%E6%B8%85%E8%83%83%E8%A7%A3%E6%AF%92%E6%B1%A4,原文直接支持；本轮提供标准与目录入口,是,,https://www.yixue.com/%E6%B8%85%E8%83%83%E8%A7%A3%E6%AF%92%E6%B1%A4,页面正文命中方名
83,清咽双和饮,清咽双和饮,《喉科紫珍集》,一切喉症初起,荆芥、葛根、金银花、前胡、当归、赤芍、地黄、牡丹皮、川贝母、桔梗、玄参、茯苓、灯心草、甘草,,,留空,,,主治原文不足以直接绑定受控核心证候；按安全默认留空。,D-证据不足,https://openstd.samr.gov.cn/bzgk/std/newGbInfo?hcno=C71A9DAD24CB1252F12439D1F045DA6A；https://www.samr.gov.cn/bzjss/bzjd/art/2022/art_ae386988ba3a44f387bb5634b5f2aa08.html,待逐方新增原典/权威二级来源后复审,是,不得仅据方名、药味或模型候选强行定证。,,无有效页面（HTTP 404）
84,石韦散,石韦散,《证治汇补》,淋病，小便不利，溺时刺痛,石韦、冬葵果、瞿麦、滑石粉、盐车前子,,,采纳,膀胱湿热,TCM-SYNDROME-F004D9A90550,主治“小便不利，溺时刺痛”是膀胱湿热下注的典型淋证,A-原清单主治/原典；受控证型归一,https://openstd.samr.gov.cn/bzgk/std/newGbInfo?hcno=C71A9DAD24CB1252F12439D1F045DA6A；https://www.samr.gov.cn/bzjss/bzjd/art/2022/art_ae386988ba3a44f387bb5634b5f2aa08.html；https://www.yixue.com/%E7%9F%B3%E9%9F%A6%E6%95%A3,原文直接支持；本轮提供标准与目录入口,是,,https://www.yixue.com/%E7%9F%B3%E9%9F%A6%E6%95%A3,页面正文命中方名
85,熟地首乌汤,熟地首乌汤,《眼科临证录》,老年性白内障,熟地黄、制首乌、黄精、玄参、枸杞子、磁石,,,留空,,,主治原文不足以直接绑定受控核心证候；按安全默认留空。,D-证据不足,https://openstd.samr.gov.cn/bzgk/std/newGbInfo?hcno=C71A9DAD24CB1252F12439D1F045DA6A；https://www.samr.gov.cn/bzjss/bzjd/art/2022/art_ae386988ba3a44f387bb5634b5f2aa08.html,待逐方新增原典/权威二级来源后复审,是,不得仅据方名、药味或模型候选强行定证。,,无有效页面（HTTP 404）
86,双柏膏,双柏膏,黄耀燊经验方,骨折，跌打损伤及疮疡初起，局部红肿热痛而无溃疡,大黄、黄柏、侧柏叶、泽兰、薄荷,,,采纳,瘀热互结,TCM-SYNDROME-65C3D2155C09,主治骨折跌打损伤及疮疡初起，局部红肿热痛，为瘀血与热毒互结所致。,A-原清单主治/原典；受控证型归一,https://openstd.samr.gov.cn/bzgk/std/newGbInfo?hcno=C71A9DAD24CB1252F12439D1F045DA6A；https://www.samr.gov.cn/bzjss/bzjd/art/2022/art_ae386988ba3a44f387bb5634b5f2aa08.html,原文直接支持；本轮提供标准与目录入口,是,,,无有效页面（HTTP 404）
87,双解汤,双解汤,《庞赞襄中医眼科经验》,急慢性结膜炎,金银花、蒲公英、黄芩片、天花粉、蜜桑白皮、枳壳、龙胆、羌活、防风、荆芥、薄荷、大黄、滑石粉、石膏、甘草,,,留空,,,主治原文不足以直接绑定受控核心证候；按安全默认留空。,D-证据不足,https://openstd.samr.gov.cn/bzgk/std/newGbInfo?hcno=C71A9DAD24CB1252F12439D1F045DA6A；https://www.samr.gov.cn/bzjss/bzjd/art/2022/art_ae386988ba3a44f387bb5634b5f2aa08.html,待逐方新增原典/权威二级来源后复审,是,不得仅据方名、药味或模型候选强行定证。,,无有效页面（HTTP 404）
88,苏叶黄连汤,苏叶黄连汤,《温热经纬》,症见恶心呕吐酸水、苦水，胸胁胀痛，口苦，嗳气，头胀头晕等,紫苏叶、黄连片、姜半夏、陈皮、姜竹茹、乌梅,,,采纳,肝胃郁热,TCM-SYNDROME-5FC3C5655CC3,呕吐酸苦水，胸胁胀痛，口苦嗳气，头胀头晕，为肝热犯胃、胃气上逆之象。,A-原清单主治/原典；受控证型归一,https://openstd.samr.gov.cn/bzgk/std/newGbInfo?hcno=C71A9DAD24CB1252F12439D1F045DA6A；https://www.samr.gov.cn/bzjss/bzjd/art/2022/art_ae386988ba3a44f387bb5634b5f2aa08.html；https://www.yixue.com/%E8%8B%8F%E5%8F%B6%E9%BB%84%E8%BF%9E%E6%B1%A4,原文直接支持；本轮提供标准与目录入口,是,,https://www.yixue.com/%E8%8B%8F%E5%8F%B6%E9%BB%84%E8%BF%9E%E6%B1%A4,页面正文命中方名
89,乌药散,乌药散,《小儿药证直诀》,乳母冷热不和，及心腹时痛，或水泻，或乳不好，因以饲儿，致儿心腹疼痛，或时下利,乌药、香附、高良姜、赤芍,,,采纳,寒凝气滞,TCM-SYNDROME-EA67C0A56D7A,乳母冷热不和导致儿心腹疼痛，时下利，属寒邪凝滞气机。,A-原清单主治/原典；受控证型归一,https://openstd.samr.gov.cn/bzgk/std/newGbInfo?hcno=C71A9DAD24CB1252F12439D1F045DA6A；https://www.samr.gov.cn/bzjss/bzjd/art/2022/art_ae386988ba3a44f387bb5634b5f2aa08.html；https://www.yixue.com/%E4%B9%8C%E8%8D%AF%E6%95%A3,原文直接支持；本轮提供标准与目录入口,是,,https://www.yixue.com/%E4%B9%8C%E8%8D%AF%E6%95%A3,页面正文命中方名
90,五淋散,五淋散,《太平惠民和剂局方》,膀胱有热，水道不通，尿少次频，脐腹急痛，作止有时，劳倦即发，或尿如豆汁，或尿有砂石，或尿淋如膏，或热淋尿血,茯苓、当归、甘草、赤芍、栀子、灯心草,,,采纳,膀胱湿热,TCM-SYNDROME-F004D9A90550,原文“膀胱有热，水道不通”，尿少次频急痛，或有砂石、尿血、如膏等，皆为湿热下注膀胱之象。,A-原清单主治/原典；受控证型归一,https://openstd.samr.gov.cn/bzgk/std/newGbInfo?hcno=C71A9DAD24CB1252F12439D1F045DA6A；https://www.samr.gov.cn/bzjss/bzjd/art/2022/art_ae386988ba3a44f387bb5634b5f2aa08.html；https://www.yixue.com/%E4%BA%94%E6%B7%8B%E6%95%A3,原文直接支持；本轮提供标准与目录入口,是,,https://www.yixue.com/%E4%BA%94%E6%B7%8B%E6%95%A3,页面正文命中方名
91,五痿汤,五痿汤,《医学心悟》,五脏痿证,人参、白术、茯苓、甘草、当归、薏苡仁、麦冬、黄柏、知母,,,留空,,,主治原文不足以直接绑定受控核心证候；按安全默认留空。,D-证据不足,https://openstd.samr.gov.cn/bzgk/std/newGbInfo?hcno=C71A9DAD24CB1252F12439D1F045DA6A；https://www.samr.gov.cn/bzjss/bzjd/art/2022/art_ae386988ba3a44f387bb5634b5f2aa08.html；https://www.yixue.com/%E4%BA%94%E7%97%BF%E6%B1%A4,待逐方新增原典/权威二级来源后复审,是,不得仅据方名、药味或模型候选强行定证。,https://www.yixue.com/%E4%BA%94%E7%97%BF%E6%B1%A4,页面正文命中方名
92,香连丸,香连丸,《太平惠民和剂局方》,热痢,黄连片、木香,,,留空,,,主治原文不足以直接绑定受控核心证候；按安全默认留空。,D-证据不足,https://openstd.samr.gov.cn/bzgk/std/newGbInfo?hcno=C71A9DAD24CB1252F12439D1F045DA6A；https://www.samr.gov.cn/bzjss/bzjd/art/2022/art_ae386988ba3a44f387bb5634b5f2aa08.html；https://www.yixue.com/%E9%A6%99%E8%BF%9E%E4%B8%B8,待逐方新增原典/权威二级来源后复审,是,不得仅据方名、药味或模型候选强行定证。,https://www.yixue.com/%E9%A6%99%E8%BF%9E%E4%B8%B8,页面正文命中方名
93,象皮膏,象皮膏,《伤科补要》,跌打断骨，开放性损伤及各种溃疡腐肉已去，且已控制感染无明显脓性分泌物，期待其生长进而愈合者,大黄、川芎、当归、地黄、红花、黄连片、甘草、荆芥、肉桂、白及、白蔹,,,留空,,,主治原文不足以直接绑定受控核心证候；按安全默认留空。,D-证据不足,https://openstd.samr.gov.cn/bzgk/std/newGbInfo?hcno=C71A9DAD24CB1252F12439D1F045DA6A；https://www.samr.gov.cn/bzjss/bzjd/art/2022/art_ae386988ba3a44f387bb5634b5f2aa08.html；https://www.yixue.com/%E8%B1%A1%E7%9A%AE%E8%86%8F,待逐方新增原典/权威二级来源后复审,是,不得仅据方名、药味或模型候选强行定证。,https://www.yixue.com/%E8%B1%A1%E7%9A%AE%E8%86%8F,页面正文命中方名
94,薏苡仁汤,薏苡仁汤,《类证治裁》,着痹,薏苡仁、麸炒苍术、独活、防风、麻黄、桂枝、当归、川芎、羌活、制川乌、生姜,,,留空,,,主治原文不足以直接绑定受控核心证候；按安全默认留空。,D-证据不足,https://openstd.samr.gov.cn/bzgk/std/newGbInfo?hcno=C71A9DAD24CB1252F12439D1F045DA6A；https://www.samr.gov.cn/bzjss/bzjd/art/2022/art_ae386988ba3a44f387bb5634b5f2aa08.html；https://www.yixue.com/%E8%96%8F%E8%8B%A1%E4%BB%81%E6%B1%A4,待逐方新增原典/权威二级来源后复审,是,不得仅据方名、药味或模型候选强行定证。,https://www.yixue.com/%E8%96%8F%E8%8B%A1%E4%BB%81%E6%B1%A4,页面正文命中方名
95,栀子胜奇散,栀子胜奇散,《原机启微》,胬肉攀睛,蛇蜕、决明子、川芎、荆芥穗、菊花、炒蒺藜、谷精草、防风、羌活、栀子、密蒙花、甘草、蔓荆子、木贼、黄芩片,,,留空,,,主治原文不足以直接绑定受控核心证候；按安全默认留空。,D-证据不足,https://openstd.samr.gov.cn/bzgk/std/newGbInfo?hcno=C71A9DAD24CB1252F12439D1F045DA6A；https://www.samr.gov.cn/bzjss/bzjd/art/2022/art_ae386988ba3a44f387bb5634b5f2aa08.html；https://www.yixue.com/%E6%A0%80%E5%AD%90%E8%83%9C%E5%A5%87%E6%95%A3,待逐方新增原典/权威二级来源后复审,是,不得仅据方名、药味或模型候选强行定证。,https://www.yixue.com/%E6%A0%80%E5%AD%90%E8%83%9C%E5%A5%87%E6%95%A3,页面正文命中方名
96,猪苓散,猪苓散,《银海精微》,肾水衰，行动举止则眼中神水之中荡漾，有黑影如蝇翅,猪苓、车前子、木通、大黄、栀子、狗脊、滑石、萹蓄、苍术,,,采纳,肾阴虚,kidney_yin_deficiency,主治见肾水衰，眼中神水荡漾、黑影如蝇翅，为肾阴亏虚之象。,A-原清单主治/原典；受控证型归一,https://openstd.samr.gov.cn/bzgk/std/newGbInfo?hcno=C71A9DAD24CB1252F12439D1F045DA6A；https://www.samr.gov.cn/bzjss/bzjd/art/2022/art_ae386988ba3a44f387bb5634b5f2aa08.html；https://www.yixue.com/%E7%8C%AA%E8%8B%93%E6%95%A3,原文直接支持；本轮提供标准与目录入口,是,,https://www.yixue.com/%E7%8C%AA%E8%8B%93%E6%95%A3,页面正文命中方名
97,壮筋养血汤,壮筋养血汤,《伤科补要》,伤筋络,当归、川芎、白芍、续断、红花、地黄、牡丹皮、盐杜仲、川牛膝,,,留空,,,主治原文不足以直接绑定受控核心证候；按安全默认留空。,D-证据不足,https://openstd.samr.gov.cn/bzgk/std/newGbInfo?hcno=C71A9DAD24CB1252F12439D1F045DA6A；https://www.samr.gov.cn/bzjss/bzjd/art/2022/art_ae386988ba3a44f387bb5634b5f2aa08.html；https://www.yixue.com/%E5%A3%AE%E7%AD%8B%E5%85%BB%E8%A1%80%E6%B1%A4,待逐方新增原典/权威二级来源后复审,是,不得仅据方名、药味或模型候选强行定证。,https://www.yixue.com/%E5%A3%AE%E7%AD%8B%E5%85%BB%E8%A1%80%E6%B1%A4,页面正文命中方名
98,滋阴除湿汤,滋阴除湿汤,《外科正宗》,慢性湿疹、亚急性湿疹、脂溢性皮炎、异位性皮炎反复发作者,川芎、当归、白芍、熟地黄、柴胡、黄芩片、陈皮、知母、川贝母、泽泻、地骨皮、甘草,,,留空,,,主治原文不足以直接绑定受控核心证候；按安全默认留空。,D-证据不足,https://openstd.samr.gov.cn/bzgk/std/newGbInfo?hcno=C71A9DAD24CB1252F12439D1F045DA6A；https://www.samr.gov.cn/bzjss/bzjd/art/2022/art_ae386988ba3a44f387bb5634b5f2aa08.html；https://www.yixue.com/%E6%BB%8B%E9%98%B4%E9%99%A4%E6%B9%BF%E6%B1%A4,待逐方新增原典/权威二级来源后复审,是,不得仅据方名、药味或模型候选强行定证。,https://www.yixue.com/%E6%BB%8B%E9%98%B4%E9%99%A4%E6%B9%BF%E6%B1%A4,页面正文命中方名
99,艾叶回阳散,艾叶回阳散,《古方汇精》,治阴疽发背。陷下不痛者。；艾叶温经散寒，硫黄雄黄解毒回阳，外敷治阴疽陷下。,艾叶、硫黄、雄黄,阳虚寒凝；阴寒凝滞；寒凝阳虚,TCM-SYNDROME-0FDB1AE04FB2；TCM-SYNDROME-B646518374F7；TCM-SYNDROME-A882856779F6,采纳,阴寒凝滞,TCM-SYNDROME-B646518374F7,主治阴疽发背、陷下不痛，属阴寒凝滞之证。,A-原清单主治/原典；受控证型归一,https://openstd.samr.gov.cn/bzgk/std/newGbInfo?hcno=C71A9DAD24CB1252F12439D1F045DA6A；https://www.samr.gov.cn/bzjss/bzjd/art/2022/art_ae386988ba3a44f387bb5634b5f2aa08.html,原文直接支持；本轮提供标准与目录入口,是,,,无有效页面（HTTP 404）
100,白虎散,白虎散,《惠直堂经验方》,治中风。兼治小儿急惊。；石膏清热泻火，辰砂镇心安神，共奏清热定惊之功。,石膏、朱砂,心肝风火；心肝热炽；心肝火旺,TCM-SYNDROME-89AC324E7D4C；TCM-SYNDROME-BB72FA015DCB；TCM-SYNDROME-9813D548A475,采纳,热盛动风,TCM-SYNDROME-DB74D2D82189,治中风及小儿急惊，主以石膏辰砂清热定惊，显系热极生风。,A-原清单主治/原典；受控证型归一,https://openstd.samr.gov.cn/bzgk/std/newGbInfo?hcno=C71A9DAD24CB1252F12439D1F045DA6A；https://www.samr.gov.cn/bzjss/bzjd/art/2022/art_ae386988ba3a44f387bb5634b5f2aa08.html；https://www.yixue.com/%E7%99%BD%E8%99%8E%E6%95%A3,原文直接支持；本轮提供标准与目录入口,是,,https://www.yixue.com/%E7%99%BD%E8%99%8E%E6%95%A3,页面正文命中方名
101,薄荷甘桔杏子汤,薄荷甘桔杏子汤,《医方简义》,治冬温初起。咳嗽。微热。微汗。脉浮大者。；薄荷疏风散热，桔梗宣肺利咽，杏仁降气止咳，甘草调和诸药，共奏辛凉宣肺之功。；冬温初起，咳嗽，微热微汗，脉浮大者。,薄荷、甘草、桔梗、杏仁,风热犯肺；肺经风热；热在肺卫,wind_heat_invading_lung；TCM-SYNDROME-3B8AB5881D5E；TCM-SYNDROME-A92DB2124097,采纳,风热犯肺,wind_heat_invading_lung,冬温初起，咳嗽，微热微汗，脉浮大，属风热犯肺证。,A-原清单主治/原典；受控证型归一,https://openstd.samr.gov.cn/bzgk/std/newGbInfo?hcno=C71A9DAD24CB1252F12439D1F045DA6A；https://www.samr.gov.cn/bzjss/bzjd/art/2022/art_ae386988ba3a44f387bb5634b5f2aa08.html；https://www.yixue.com/%E8%96%84%E8%8D%B7%E7%94%98%E6%A1%94%E6%9D%8F%E5%AD%90%E6%B1%A4,原文直接支持；本轮提供标准与目录入口,是,,https://www.yixue.com/%E8%96%84%E8%8D%B7%E7%94%98%E6%A1%94%E6%9D%8F%E5%AD%90%E6%B1%A4,页面正文命中方名
102,赤白浊秘方,赤白浊秘方,《验方新编》,赤白浊；方用木通、滑石利水通淋，甘草梢缓急止痛，蔓荆子清利头目，共奏清热利湿止浊之功。,木通、滑石、甘草梢、蔓荆子,湿热下注；下焦湿热；湿热,TCM-SYNDROME-C94E52ED40D3；TCM-SYNDROME-18B07642641D；TCM-SYNDROME-CFEFA693692E,采纳,湿热下注,TCM-SYNDROME-C94E52ED40D3,主治赤白浊，清热利湿止浊，为湿热下注所致。,A-原清单主治/原典；受控证型归一,https://openstd.samr.gov.cn/bzgk/std/newGbInfo?hcno=C71A9DAD24CB1252F12439D1F045DA6A；https://www.samr.gov.cn/bzjss/bzjd/art/2022/art_ae386988ba3a44f387bb5634b5f2aa08.html,原文直接支持；本轮提供标准与目录入口,是,,,无有效页面（HTTP 404）
103,喘嗽方,喘嗽方,《大小诸证方论》,喘嗽，气不能归源于肾，肝木挟之作祟；或假热气喘吐痰，下元寒极逼火而上喘。；补益肾气，纳气归元，兼以敛肺。,人参、熟地黄、麦冬、五味子、枸杞子、牛膝,肾虚寒痰；上热下寒；肝肾气逆,TCM-SYNDROME-EE36F1AE5046；TCM-SYNDROME-FD9812B9BA81；TCM-SYNDROME-60963AB1E2A8,采纳,上热下寒,TCM-SYNDROME-FD9812B9BA81,主治明示「下元寒极逼火而上喘」，假热气喘，属上热下寒。,A-原清单主治/原典；受控证型归一,https://openstd.samr.gov.cn/bzgk/std/newGbInfo?hcno=C71A9DAD24CB1252F12439D1F045DA6A；https://www.samr.gov.cn/bzjss/bzjd/art/2022/art_ae386988ba3a44f387bb5634b5f2aa08.html,原文直接支持；本轮提供标准与目录入口,是,,,无有效页面（HTTP 404）
104,大黄汤,大黄汤,《外科集验方》,治肠痈小腹坚硬，肿大如掌而热，按之则痛，其上色或赤或白，小便稠数，汗出憎寒，其脉迟紧者未成脓，如脉数则脓已成。；大黄、芒硝泻热通腑，牡丹皮、桃仁活血化瘀，芥子散结，共奏泻热破瘀、消肿排脓之功。,大黄、牡丹皮、芒硝、芥子、桃仁,热盛血瘀；少腹瘀热；血热瘀滞,TCM-SYNDROME-6EED271652CB；TCM-SYNDROME-67461684888C；TCM-SYNDROME-C67351AB0BA4,采纳,少腹瘀热,TCM-SYNDROME-67461684888C,肠痈小腹坚硬热痛，小便稠数，泻热破瘀，为少腹瘀热。,A-原清单主治/原典；受控证型归一,https://openstd.samr.gov.cn/bzgk/std/newGbInfo?hcno=C71A9DAD24CB1252F12439D1F045DA6A；https://www.samr.gov.cn/bzjss/bzjd/art/2022/art_ae386988ba3a44f387bb5634b5f2aa08.html；https://www.yixue.com/%E5%A4%A7%E9%BB%84%E6%B1%A4,原文直接支持；本轮提供标准与目录入口,是,,https://www.yixue.com/%E5%A4%A7%E9%BB%84%E6%B1%A4,页面正文命中方名
105,大满方,大满方,《大小诸证方论》,此邪在上焦壅塞而不得散也。；方以栝蒌祛胸膈之食、消上焦之痰，佐枳壳、花粉消中，使上焦壅塞得散。,枳壳、栀子、栝蒌、陈皮、天花粉、厚朴,痰浊壅塞；气滞痰阻；痰气壅实,TCM-SYNDROME-9F6F03BD0377；TCM-SYNDROME-5F85854286C7；TCM-SYNDROME-00DFD47644F4,采纳,痰浊壅塞,TCM-SYNDROME-9F6F03BD0377,邪在上焦壅塞不得散，方消上焦之痰，属痰浊壅塞证。,A-原清单主治/原典；受控证型归一,https://openstd.samr.gov.cn/bzgk/std/newGbInfo?hcno=C71A9DAD24CB1252F12439D1F045DA6A；https://www.samr.gov.cn/bzjss/bzjd/art/2022/art_ae386988ba3a44f387bb5634b5f2aa08.html,原文直接支持；本轮提供标准与目录入口,是,,,无有效页面（HTTP 404）
106,第三方,第三方,《惠直堂经验方》,痢症；方用黄芩、白芍清热和血，橘红、厚朴理气燥湿，木香调气，地榆止痢，红花活血。,黄芩、白芍、橘红、厚朴、木香、地榆、红花,大肠湿热；湿热动血；血热挟湿,TCM-SYNDROME-064C46403192；TCM-SYNDROME-7E3406FDC9A5；TCM-SYNDROME-F4F87C37417F,留空,,,主治原文不足以直接绑定受控核心证候；按安全默认留空。,D-证据不足,https://openstd.samr.gov.cn/bzgk/std/newGbInfo?hcno=C71A9DAD24CB1252F12439D1F045DA6A；https://www.samr.gov.cn/bzjss/bzjd/art/2022/art_ae386988ba3a44f387bb5634b5f2aa08.html,待逐方新增原典/权威二级来源后复审,是,不得仅据方名、药味或模型候选强行定证。,,无有效页面（HTTP 404）
107,定风散,定风散,《验方新编》,治破伤风、金枪刀斧打破损伤，并能生肌，并治癫狗咬。；天南星祛风化痰，防风解表祛风，二药等分，共奏祛风定痉、生肌止血之功。,天南星、防风,外风；风痰；外伤血瘀,TCM-SYNDROME-D721CD68E4A1；TCM-SYNDROME-C8D18E226DEA；TCM-SYNDROME-F898822FF2CD,采纳,外风,TCM-SYNDROME-D721CD68E4A1,主治破伤风，属外风侵袭，方以祛风定痉为主。,A-原清单主治/原典；受控证型归一,https://openstd.samr.gov.cn/bzgk/std/newGbInfo?hcno=C71A9DAD24CB1252F12439D1F045DA6A；https://www.samr.gov.cn/bzjss/bzjd/art/2022/art_ae386988ba3a44f387bb5634b5f2aa08.html；https://www.yixue.com/%E5%AE%9A%E9%A3%8E%E6%95%A3,原文直接支持；本轮提供标准与目录入口,是,,https://www.yixue.com/%E5%AE%9A%E9%A3%8E%E6%95%A3,页面正文命中方名
108,都气加桂汤,都气加桂汤,《医方简义》,治喘哮之欲愈者。以纳肾气之法。；纳肾气，补肾阴，降逆平喘。；喘哮之欲愈者。,熟地黄、茯苓、泽泻、山药、牡丹皮、山茱萸、五味子、肉桂,肾不纳气；肾阴虚；肾气虚,TCM-SYNDROME-83D8F6C6B5B9；kidney_yin_deficiency；TCM-SYNDROME-B7B9EF78361F,采纳,肾不纳气,TCM-SYNDROME-83D8F6C6B5B9,主治明言“纳肾气”，喘哮欲愈，核心为肾不纳气。,A-原清单主治/原典；受控证型归一,https://openstd.samr.gov.cn/bzgk/std/newGbInfo?hcno=C71A9DAD24CB1252F12439D1F045DA6A；https://www.samr.gov.cn/bzjss/bzjd/art/2022/art_ae386988ba3a44f387bb5634b5f2aa08.html；https://www.yixue.com/%E9%83%BD%E6%B0%94%E5%8A%A0%E6%A1%82%E6%B1%A4,原文直接支持；本轮提供标准与目录入口,是,,https://www.yixue.com/%E9%83%BD%E6%B0%94%E5%8A%A0%E6%A1%82%E6%B1%A4,页面正文命中方名
109,独活汤,独活汤,医方集解,风虚螈 ，昏 不觉，或为寒热；此手少阴、足厥阴药也。肝属风木而主筋，故螈 为肝邪。肝欲散，急食辛以散之，二活、防风祛风，细辛、桂心温经，半夏除痰，芎归辛散风而温和血，血活则风散，辛以散之，即辛以补之也（木喜条达，故以散为补）；心为肝子，肝移热于心则昏愦，故以人参补心气，菖蒲开心窍。茯神、远志安心神，白薇咸寒退热而治厥；使风静火息，血活神守，而螈 自已矣。；产后中风，口噤背反,独活、羌活、防风、细辛、桂心、白薇、当归、川芎、半夏、人参、茯神、远志、菖蒲、甘草,心肝气血两虚；气血两虚动风；肝血虚动风,TCM-SYNDROME-E067EA4C1FD4；TCM-SYNDROME-6A3F837B46E1；TCM-SYNDROME-6225CACC1EB5,采纳,心肝气血两虚,TCM-SYNDROME-E067EA4C1FD4,主治“风虚螈”，方解示手少阴足厥阴药，补心气养肝血。,A-原清单主治/原典；受控证型归一,https://openstd.samr.gov.cn/bzgk/std/newGbInfo?hcno=C71A9DAD24CB1252F12439D1F045DA6A；https://www.samr.gov.cn/bzjss/bzjd/art/2022/art_ae386988ba3a44f387bb5634b5f2aa08.html；https://www.yixue.com/%E7%8B%AC%E6%B4%BB%E6%B1%A4,原文直接支持；本轮提供标准与目录入口,是,,https://www.yixue.com/%E7%8B%AC%E6%B4%BB%E6%B1%A4,页面正文命中方名
110,断下汤,断下汤,《三因极一病证方论》,治下痢赤白，无问久近长幼，皆可服。；方以罂粟壳涩肠止痢，草果燥湿温中，白术茯苓健脾，甘草调和，姜枣和营卫。,罂粟壳、草果、白术、甘草、茯苓,寒湿困脾；脾胃寒湿；湿困脾胃,TCM-SYNDROME-4B9F89FBA037；TCM-SYNDROME-DE5A8A5C17D1；TCM-SYNDROME-064EF6858A5E,留空,,,主治原文不足以直接绑定受控核心证候；按安全默认留空。,D-证据不足,https://openstd.samr.gov.cn/bzgk/std/newGbInfo?hcno=C71A9DAD24CB1252F12439D1F045DA6A；https://www.samr.gov.cn/bzjss/bzjd/art/2022/art_ae386988ba3a44f387bb5634b5f2aa08.html；https://www.yixue.com/%E6%96%AD%E4%B8%8B%E6%B1%A4,待逐方新增原典/权威二级来源后复审,是,不得仅据方名、药味或模型候选强行定证。,https://www.yixue.com/%E6%96%AD%E4%B8%8B%E6%B1%A4,页面正文命中方名
111,芳香饮,芳香饮,《医方简义》,治瘟疫呕痰涎如红汁，腹如圆箕，手足搐搦发疹，头肿舌烂，咽喉痹塞等危疑重症；方用玄参、石膏清热凉血，茯苓利湿，僵蚕、蝉蜕散风解毒，荆芥、黄芩疏表清里，蜜酒调和，治瘟疫危证,玄参、茯苓、石膏、僵蚕、蝉蜕、荆芥、黄芩,湿浊热毒入营血；湿热动血；血热动风,TCM-SYNDROME-9AFC32B512A0；TCM-SYNDROME-7E3406FDC9A5；TCM-SYNDROME-528A18A430ED,采纳,血热动风,TCM-SYNDROME-528A18A430ED,主治“手足搐搦发疹”及“呕痰涎如红汁”显示热毒动血生风。,A-原清单主治/原典；受控证型归一,https://openstd.samr.gov.cn/bzgk/std/newGbInfo?hcno=C71A9DAD24CB1252F12439D1F045DA6A；https://www.samr.gov.cn/bzjss/bzjd/art/2022/art_ae386988ba3a44f387bb5634b5f2aa08.html；https://www.yixue.com/%E8%8A%B3%E9%A6%99%E9%A5%AE,原文直接支持；本轮提供标准与目录入口,是,,https://www.yixue.com/%E8%8A%B3%E9%A6%99%E9%A5%AE,页面正文命中方名
112,防风秦艽汤,防风秦艽汤,《验方新编》,治肠风下血，一切痔疮。；祛风清热，凉血止血，燥湿解毒，归肝、大肠经。,防风、秦艽、当归、生地黄、白芍、川芎、白芷、赤茯苓、连翘、槟榔、甘草、地榆、槐角、枳壳、栀子、苍术,血热风燥；湿热动血；大肠湿热,TCM-SYNDROME-BE65FC64C6BE；TCM-SYNDROME-7E3406FDC9A5；TCM-SYNDROME-064C46403192,采纳,大肠湿热,TCM-SYNDROME-064C46403192,主治“肠风下血，一切痔疮”与燥湿解毒，直接对应大肠湿热伤络。,A-原清单主治/原典；受控证型归一,https://openstd.samr.gov.cn/bzgk/std/newGbInfo?hcno=C71A9DAD24CB1252F12439D1F045DA6A；https://www.samr.gov.cn/bzjss/bzjd/art/2022/art_ae386988ba3a44f387bb5634b5f2aa08.html；https://www.yixue.com/%E9%98%B2%E9%A3%8E%E7%A7%A6%E8%89%BD%E6%B1%A4,原文直接支持；本轮提供标准与目录入口,是,,https://www.yixue.com/%E9%98%B2%E9%A3%8E%E7%A7%A6%E8%89%BD%E6%B1%A4,页面正文命中方名
113,敷和汤,敷和汤,《三因极一病证方论》,治巳亥之岁，厥阴风木司天，少阳相火在泉，病者中热，而反右胁下寒，耳鸣，泪出掉眩，燥湿相搏，民病黄瘅浮肿，时作瘟疠。；方中半夏、干姜温中，枳实、橘皮理气，茯苓、甘草健脾，五味子、诃子敛肺，枣子调和，共奏调肝理脾、清热化湿之功。,半夏、大枣、五味子、枳实、茯苓、诃子、干姜、橘皮、甘草,肝脾湿热；肝脾湿火；肝火湿热,TCM-SYNDROME-5291FB5320B6；TCM-SYNDROME-385A1BB23DCE；TCM-SYNDROME-675593AB1394,采纳,肝脾湿热,TCM-SYNDROME-5291FB5320B6,主治“黄瘅浮肿”为湿热蕴结肝脾的典型表现。,A-原清单主治/原典；受控证型归一,https://openstd.samr.gov.cn/bzgk/std/newGbInfo?hcno=C71A9DAD24CB1252F12439D1F045DA6A；https://www.samr.gov.cn/bzjss/bzjd/art/2022/art_ae386988ba3a44f387bb5634b5f2aa08.html；https://www.yixue.com/%E6%95%B7%E5%92%8C%E6%B1%A4,原文直接支持；本轮提供标准与目录入口,是,,https://www.yixue.com/%E6%95%B7%E5%92%8C%E6%B1%A4,页面正文命中方名
114,服蛮煎,服蛮煎,《成方切用》,行滞气，开郁结，通神明，养正除邪，大有奇效。；性味极清极轻，善入心肝二脏，行滞开郁，通神明，养正除邪。,生地黄、麦冬、白芍、石菖蒲、石斛、牡丹皮、茯神、陈皮、木通、知母,肝气郁结；心脉气滞；心气滞血瘀,TCM-SYNDROME-1653D0B71600；TCM-SYNDROME-9E6782B5D9A2；TCM-SYNDROME-0FFB798300BF,留空,,,主治原文不足以直接绑定受控核心证候；按安全默认留空。,D-证据不足,https://openstd.samr.gov.cn/bzgk/std/newGbInfo?hcno=C71A9DAD24CB1252F12439D1F045DA6A；https://www.samr.gov.cn/bzjss/bzjd/art/2022/art_ae386988ba3a44f387bb5634b5f2aa08.html；https://www.yixue.com/%E6%9C%8D%E8%9B%AE%E7%85%8E,待逐方新增原典/权威二级来源后复审,是,不得仅据方名、药味或模型候选强行定证。,https://www.yixue.com/%E6%9C%8D%E8%9B%AE%E7%85%8E,页面正文命中方名
115,附托里消毒散,附托里消毒散,《古今名医方论》,参、术、苓、草益气；归、芎、芍滋血；银花、白芷、连翘解毒。,人参、黄芪、白术、茯苓、当归、川芎、芍药、金银花、白芷、甘草、连翘,气血两虚毒滞；气血两虚；气血亏虚,TCM-SYNDROME-275494A78C7F；qi_blood_deficiency；TCM-SYNDROME-3AAD68D5C9BF,采纳,气血两虚毒滞,TCM-SYNDROME-275494A78C7F,主治强调益气滋血又解毒，正虚与毒滞并见。,A-原清单主治/原典；受控证型归一,https://openstd.samr.gov.cn/bzgk/std/newGbInfo?hcno=C71A9DAD24CB1252F12439D1F045DA6A；https://www.samr.gov.cn/bzjss/bzjd/art/2022/art_ae386988ba3a44f387bb5634b5f2aa08.html,原文直接支持；本轮提供标准与目录入口,是,,,无有效页面（HTTP 404）
116,关格方,关格方,《大小诸证方论》,怒气伤肝，肝气冲于胃口之间，肾气不得上行，肺气不得下达，而成关格症。；开郁为主，疏肝理气，兼调肺肾。,柴胡、郁金、茯苓、苏子、白芥子、白芍、荆芥,肝气犯胃；肝肾气逆；肝气犯肺,TCM-SYNDROME-0DC4647019FB；TCM-SYNDROME-60963AB1E2A8；TCM-SYNDROME-067F6CE262E8,采纳,肝气犯胃,TCM-SYNDROME-0DC4647019FB,“怒气伤肝，肝气冲于胃口之间”，直接显示肝气犯胃病机。,A-原清单主治/原典；受控证型归一,https://openstd.samr.gov.cn/bzgk/std/newGbInfo?hcno=C71A9DAD24CB1252F12439D1F045DA6A；https://www.samr.gov.cn/bzjss/bzjd/art/2022/art_ae386988ba3a44f387bb5634b5f2aa08.html,原文直接支持；本轮提供标准与目录入口,是,,,无有效页面（HTTP 404）
117,过劳方,过劳方,《大小诸证方论》,凡人过劳，脉必浮大不伦，若不休息，必有吐血之症。；补气养血，滋阴补肾，用于过劳伤气血。,人参、白术、茯苓、熟地黄、山茱萸、当归、白芍,心肾气阴两虚；气血两虚；气不摄血,TCM-SYNDROME-64741BDF4B52；qi_blood_deficiency；TCM-SYNDROME-C1348758E444,采纳,气血两虚,qi_blood_deficiency,“过劳伤气血”，补气养血，脉浮大不伦，吐血倾向源于气血虚。,A-原清单主治/原典；受控证型归一,https://openstd.samr.gov.cn/bzgk/std/newGbInfo?hcno=C71A9DAD24CB1252F12439D1F045DA6A；https://www.samr.gov.cn/bzjss/bzjd/art/2022/art_ae386988ba3a44f387bb5634b5f2aa08.html,原文直接支持；本轮提供标准与目录入口,是,,,无有效页面（HTTP 404）
118,还少丹,还少丹,《洪氏集验方》,大补心肾脾胃，一切虚损，神志俱耗，筋力顿衰，腰脚沉重，肢体倦怠，血气羸之，小便昏浊。；补心肾脾胃，益精血，强筋骨，安神定志，温阳固涩。,山药、牛膝、山茱萸、茯苓、五味子、肉苁蓉、石菖蒲、巴戟天、远志、杜仲,心肾两虚；脾肾阳虚；心脾气血两虚,TCM-SYNDROME-C3FA5AEFA03C；spleen_kidney_yang_deficiency；TCM-SYNDROME-6E2A619818FE,采纳,心肾两虚；脾肾阳虚,TCM-SYNDROME-C3FA5AEFA03C；spleen_kidney_yang_deficiency,“大补心肾脾胃”，神志耗属心肾，腰脚重、小便浊属脾肾阳虚。,A-原清单主治/原典；受控证型归一,https://openstd.samr.gov.cn/bzgk/std/newGbInfo?hcno=C71A9DAD24CB1252F12439D1F045DA6A；https://www.samr.gov.cn/bzjss/bzjd/art/2022/art_ae386988ba3a44f387bb5634b5f2aa08.html；https://www.yixue.com/%E8%BF%98%E5%B0%91%E4%B8%B9,原文直接支持；本轮提供标准与目录入口,是,,https://www.yixue.com/%E8%BF%98%E5%B0%91%E4%B8%B9,页面正文命中方名
119,寒吐方,寒吐方,《大小诸证方论》,寒吐，若降寒则寒引入肾而流于膀胱，必变为遗尿之症；散寒补脾，使寒不能上越下行，从脐而出,白术、人参、附子、干姜、丁香,脾寒；脾胃寒湿；中焦寒湿,TCM-SYNDROME-EF21F5F6830F；TCM-SYNDROME-DE5A8A5C17D1；TCM-SYNDROME-CFE6C33D9F20,采纳,脾寒,TCM-SYNDROME-EF21F5F6830F,“寒吐，散寒补脾”，主因脾寒上逆而吐。,A-原清单主治/原典；受控证型归一,https://openstd.samr.gov.cn/bzgk/std/newGbInfo?hcno=C71A9DAD24CB1252F12439D1F045DA6A；https://www.samr.gov.cn/bzjss/bzjd/art/2022/art_ae386988ba3a44f387bb5634b5f2aa08.html,原文直接支持；本轮提供标准与目录入口,是,,,无有效页面（HTTP 404）
120,黑附丸,黑附丸,《三因极一病证方论》,治干湿香港脚。；附子温阳散寒，黑豆利水除湿，蜜丸缓补，麝香酒引药通络，主治脚气。,附子、黑豆,寒湿入络；寒湿阻络；寒湿痹阻,TCM-SYNDROME-67E03B49C94C；TCM-SYNDROME-82E237903EAA；TCM-SYNDROME-C504C3836E7B,采纳,寒湿阻络,TCM-SYNDROME-82E237903EAA,治干湿脚气，温阳散寒除湿、通络，病机为寒湿阻滞经络。,A-原清单主治/原典；受控证型归一,https://openstd.samr.gov.cn/bzgk/std/newGbInfo?hcno=C71A9DAD24CB1252F12439D1F045DA6A；https://www.samr.gov.cn/bzjss/bzjd/art/2022/art_ae386988ba3a44f387bb5634b5f2aa08.html；https://www.yixue.com/%E9%BB%91%E9%99%84%E4%B8%B8,原文直接支持；本轮提供标准与目录入口,是,,https://www.yixue.com/%E9%BB%91%E9%99%84%E4%B8%B8,页面正文命中方名
121,化毒丸六十六,化毒丸六十六,《古方汇精》,治天行瘟疫。及喉痹颈面暴肿诸症。；僵蚕散风化痰，大黄泻热解毒，姜蜜和丸，菊花引经，治天行喉痹暴肿。,僵蚕、大黄,风热痰毒；风热痰凝；风热痰毒犯头,TCM-SYNDROME-8F7C33877C3C；TCM-SYNDROME-B18E3B3DC350；TCM-SYNDROME-537265AAC8B6,采纳,风热痰毒犯头,TCM-SYNDROME-537265AAC8B6,主治天行喉痹颈面暴肿，散风化痰解毒，符合风热痰毒上攻头面。,A-原清单主治/原典；受控证型归一,https://openstd.samr.gov.cn/bzgk/std/newGbInfo?hcno=C71A9DAD24CB1252F12439D1F045DA6A；https://www.samr.gov.cn/bzjss/bzjd/art/2022/art_ae386988ba3a44f387bb5634b5f2aa08.html,原文直接支持；本轮提供标准与目录入口,是,,,无有效页面（HTTP 404）
122,黄饮子,黄饮子,《瑞竹堂经验方》,治一切恶疮；清热解毒，活血消肿，用于恶疮。,金银花、当归、连翘、黄芪、生甘草、大黄、栝蒌,热盛血瘀；血热瘀滞；血热壅滞,TCM-SYNDROME-6EED271652CB；TCM-SYNDROME-C67351AB0BA4；TCM-SYNDROME-38DF55E55322,采纳,热盛血瘀,TCM-SYNDROME-6EED271652CB,治一切恶疮，清热解毒活血消肿，直接体现热毒与瘀血相结。,A-原清单主治/原典；受控证型归一,https://openstd.samr.gov.cn/bzgk/std/newGbInfo?hcno=C71A9DAD24CB1252F12439D1F045DA6A；https://www.samr.gov.cn/bzjss/bzjd/art/2022/art_ae386988ba3a44f387bb5634b5f2aa08.html,原文直接支持；本轮提供标准与目录入口,是,,,无有效页面（HTTP 404）
123,混元胎丹,混元胎丹,《洪氏集验方》,补漏，壮气，固神，益髓，通神明，延寿命；久无嗣息者服此有验。；以人胞为君，补元宫真气；人参、茯苓益气健脾，乳香、朱砂安神定志，山药固肾，共奏补漏壮气固神之功。；久无嗣息者。,人参、茯苓、乳香、朱砂、山药,心肾气虚；脾肾气虚；肾气不足,TCM-SYNDROME-2D37D4FA421C；TCM-SYNDROME-01C496AA7620；TCM-SYNDROME-8706B2AF37CC,采纳,肾气不足,TCM-SYNDROME-8706B2AF37CC,主治久无嗣息，补元宫真气，壮气益髓，核心为肾气不足不育。,A-原清单主治/原典；受控证型归一,https://openstd.samr.gov.cn/bzgk/std/newGbInfo?hcno=C71A9DAD24CB1252F12439D1F045DA6A；https://www.samr.gov.cn/bzjss/bzjd/art/2022/art_ae386988ba3a44f387bb5634b5f2aa08.html；https://www.yixue.com/%E6%B7%B7%E5%85%83%E8%83%8E%E4%B8%B9,原文直接支持；本轮提供标准与目录入口,是,,https://www.yixue.com/%E6%B7%B7%E5%85%83%E8%83%8E%E4%B8%B9,页面正文命中方名
124,加味羚角散,加味羚角散,《成方切用》,治筋痹肢节束痛。；以羚羊角舒筋为君，当归、白芍等养血活血，附子、独活、防风祛风散寒，薄荷疏风。,羚羊角、当归、白芍、川芎、附子、薄荷、独活、防风、生姜,肝经风寒；血虚寒凝；风寒湿凝滞筋骨,TCM-SYNDROME-C0E649B28C45；TCM-SYNDROME-89BC0425ADF4；TCM-SYNDROME-B63A10730F51,采纳,风寒湿凝滞筋骨,TCM-SYNDROME-B63A10730F51,治筋痹肢节束痛，方用祛风散寒除湿之品，针对风寒湿邪凝滞筋骨。,A-原清单主治/原典；受控证型归一,https://openstd.samr.gov.cn/bzgk/std/newGbInfo?hcno=C71A9DAD24CB1252F12439D1F045DA6A；https://www.samr.gov.cn/bzjss/bzjd/art/2022/art_ae386988ba3a44f387bb5634b5f2aa08.html,原文直接支持；本轮提供标准与目录入口,是,,,无有效页面（HTTP 404）
125,椒红丸,椒红丸,《三因极一病证方论》,明目，暖水脏，补虚。久服驻颜，缩小便。；温补下元，益肾明目。归经：肾、肝。,川椒、巴戟天、金铃子、茴香、附子、山药,肝肾两虚；肝肾亏虚；肝肾不足,TCM-SYNDROME-739213847DCB；TCM-SYNDROME-D0B79453139B；TCM-SYNDROME-BBA3843C00EB,采纳,肝肾不足,TCM-SYNDROME-BBA3843C00EB,明目暖水脏补虚，温补下元，益肾明目，属肝肾不足证。,A-原清单主治/原典；受控证型归一,https://openstd.samr.gov.cn/bzgk/std/newGbInfo?hcno=C71A9DAD24CB1252F12439D1F045DA6A；https://www.samr.gov.cn/bzjss/bzjd/art/2022/art_ae386988ba3a44f387bb5634b5f2aa08.html；https://www.yixue.com/%E6%A4%92%E7%BA%A2%E4%B8%B8,原文直接支持；本轮提供标准与目录入口,是,,https://www.yixue.com/%E6%A4%92%E7%BA%A2%E4%B8%B8,页面正文命中方名
126,截恶眼立效方,截恶眼立效方,《瑞竹堂经验方》,恶眼；明矾燥湿解毒，山栀子清热泻火，共奏清热燥湿、明目退翳之功。,明矾、山栀子,肝火湿热；湿热化火；湿热,TCM-SYNDROME-675593AB1394；TCM-SYNDROME-69D4CA29BBEC；TCM-SYNDROME-CFEFA693692E,采纳,湿热,TCM-SYNDROME-CFEFA693692E,主治“恶眼”，方用明矾燥湿、山栀清热，共奏清热燥湿。,A-原清单主治/原典；受控证型归一,https://openstd.samr.gov.cn/bzgk/std/newGbInfo?hcno=C71A9DAD24CB1252F12439D1F045DA6A；https://www.samr.gov.cn/bzjss/bzjd/art/2022/art_ae386988ba3a44f387bb5634b5f2aa08.html,原文直接支持；本轮提供标准与目录入口,是,,,无有效页面（HTTP 404）
127,开郁流气散,开郁流气散,《古方汇精》,治乳硬如石。；槐花凉血散郁，远志化痰通络，陈酒调服助行气，外敷远志葱蜜饼散结。；乳硬如石。,槐花、远志,气滞血瘀；气滞痰瘀；气滞痰凝,qi_stagnation_blood_stasis；TCM-SYNDROME-480E87A5BC6B；TCM-SYNDROME-904656BCD2AC,采纳,气滞痰瘀,TCM-SYNDROME-480E87A5BC6B,治乳硬如石，用槐花凉血散郁、远志化痰通络，行气活血。,A-原清单主治/原典；受控证型归一,https://openstd.samr.gov.cn/bzgk/std/newGbInfo?hcno=C71A9DAD24CB1252F12439D1F045DA6A；https://www.samr.gov.cn/bzjss/bzjd/art/2022/art_ae386988ba3a44f387bb5634b5f2aa08.html；https://www.yixue.com/%E5%BC%80%E9%83%81%E6%B5%81%E6%B0%94%E6%95%A3,原文直接支持；本轮提供标准与目录入口,是,,https://www.yixue.com/%E5%BC%80%E9%83%81%E6%B5%81%E6%B0%94%E6%95%A3,页面正文命中方名
128,两背忽生疮成痈阳症易治用三星汤,两背忽生疮成痈阳症易治用三星汤,《验方新编》,两背忽生疮成痈，阳症易治；清热解毒，消肿散痈，归经于肺、胃、肝,金银花、生甘草、蒲公英,肝肺热盛；肺胃热盛；肝胃热盛,TCM-SYNDROME-02203BAC7189；TCM-SYNDROME-D8AE92B80C54；TCM-SYNDROME-2AB2E2158F2B,留空,,,主治原文不足以直接绑定受控核心证候；按安全默认留空。,D-证据不足,https://openstd.samr.gov.cn/bzgk/std/newGbInfo?hcno=C71A9DAD24CB1252F12439D1F045DA6A；https://www.samr.gov.cn/bzjss/bzjd/art/2022/art_ae386988ba3a44f387bb5634b5f2aa08.html,待逐方新增原典/权威二级来源后复审,是,不得仅据方名、药味或模型候选强行定证。,,无有效页面（HTTP 404）
129,六神散,六神散,《三因极一病证方论》,治胃冷、风证、利等，原文未详述具体主治，但可随证加减。；补脾益气，调和营卫。归经：脾、肺。,人参、茯苓、山药、白术、白扁豆、甘草,肺脾气虚；脾胃气虚；肺卫气虚,TCM-SYNDROME-CEC080DF4763；TCM-SYNDROME-0F4FF7849863；TCM-SYNDROME-C633F9232618,留空,,,主治原文不足以直接绑定受控核心证候；按安全默认留空。,D-证据不足,https://openstd.samr.gov.cn/bzgk/std/newGbInfo?hcno=C71A9DAD24CB1252F12439D1F045DA6A；https://www.samr.gov.cn/bzjss/bzjd/art/2022/art_ae386988ba3a44f387bb5634b5f2aa08.html；https://www.yixue.com/%E5%85%AD%E7%A5%9E%E6%95%A3,待逐方新增原典/权威二级来源后复审,是,不得仅据方名、药味或模型候选强行定证。,https://www.yixue.com/%E5%85%AD%E7%A5%9E%E6%95%A3,页面正文命中方名
130,六郁汤,六郁汤,《验方新编》,治背发诸疮，六郁结肿者。；疏肝理气，燥湿化痰，活血散结，归经肝脾。,香附、半夏、茯苓、陈皮、川芎、苍术、砂仁、栀子、甘草,肝脾气滞；气滞血瘀；气滞痰凝,TCM-SYNDROME-3E2CD824EE97；qi_stagnation_blood_stasis；TCM-SYNDROME-904656BCD2AC,采纳,气滞痰凝,TCM-SYNDROME-904656BCD2AC,治背发诸疮六郁结肿，方疏肝理气、燥湿化痰。,A-原清单主治/原典；受控证型归一,https://openstd.samr.gov.cn/bzgk/std/newGbInfo?hcno=C71A9DAD24CB1252F12439D1F045DA6A；https://www.samr.gov.cn/bzjss/bzjd/art/2022/art_ae386988ba3a44f387bb5634b5f2aa08.html；https://www.yixue.com/%E5%85%AD%E9%83%81%E6%B1%A4,原文直接支持；本轮提供标准与目录入口,是,,https://www.yixue.com/%E5%85%AD%E9%83%81%E6%B1%A4,页面正文命中方名
131,马脾风方,马脾风方,《惠直堂经验方》,肺胀喘满，胸高气急，两胁扇动，陷下作坑，鼻窍张扇，咳嗽声哑，痰涎潮塞，身生油斑，状如早治即死；方用人参补气，槟榔、二丑、大黄逐水通腑，木香行气，蜜水调桑白皮汤引药入肺，治肺胀喘急。,人参、槟榔、黑丑、白丑、木香、大黄,痰气壅实；痰浊壅肺；肺气盛实,TCM-SYNDROME-00DFD47644F4；TCM-SYNDROME-DA76E4392D15；TCM-SYNDROME-8AAC85759F6D,采纳,痰浊壅肺,TCM-SYNDROME-DA76E4392D15,主治痰涎潮塞，肺胀喘满,A-原清单主治/原典；受控证型归一,https://openstd.samr.gov.cn/bzgk/std/newGbInfo?hcno=C71A9DAD24CB1252F12439D1F045DA6A；https://www.samr.gov.cn/bzjss/bzjd/art/2022/art_ae386988ba3a44f387bb5634b5f2aa08.html,原文直接支持；本轮提供标准与目录入口,是,,,无有效页面（HTTP 404）
132,免怀汤,免怀汤,《医方考》,欲摘乳者，通其月事，则乳汁下行，免乳胀之苦；归尾、赤芍、红花、牛膝皆下行导血之品，通月事以回乳,当归尾、赤芍药、红花、牛膝,下焦蓄血；少腹血瘀；气滞血瘀,TCM-SYNDROME-F2311322F959；TCM-SYNDROME-C155285CAB7E；qi_stagnation_blood_stasis,留空,,,主治原文不足以直接绑定受控核心证候；按安全默认留空。,D-证据不足,https://openstd.samr.gov.cn/bzgk/std/newGbInfo?hcno=C71A9DAD24CB1252F12439D1F045DA6A；https://www.samr.gov.cn/bzjss/bzjd/art/2022/art_ae386988ba3a44f387bb5634b5f2aa08.html,待逐方新增原典/权威二级来源后复审,是,不得仅据方名、药味或模型候选强行定证。,,无有效页面（HTTP 404）
133,倪氏痢疾第一方,倪氏痢疾第一方,《医方简义》,治痢疾。不论赤白脓血。里急后重。身热腹痛滞下。；清热燥湿，行气导滞，活血止痛。归经：大肠、胃、肝。,黄连、黄芩、白芍、山楂、枳壳、厚朴、槟榔、青皮、当归、桃仁、红花、木香,大肠湿热；肠胃湿热；气分湿热,TCM-SYNDROME-064C46403192；TCM-SYNDROME-09FEBDA13721；TCM-SYNDROME-F7B5F1CE424D,采纳,大肠湿热,TCM-SYNDROME-064C46403192,赤白脓血，里急后重，身热腹痛,A-原清单主治/原典；受控证型归一,https://openstd.samr.gov.cn/bzgk/std/newGbInfo?hcno=C71A9DAD24CB1252F12439D1F045DA6A；https://www.samr.gov.cn/bzjss/bzjd/art/2022/art_ae386988ba3a44f387bb5634b5f2aa08.html,原文直接支持；本轮提供标准与目录入口,是,,,无有效页面（HTTP 404）
134,排脓散,排脓散,《绛雪园古方选注》,排脓，主治疮痈脓成不溃或脓出不畅。；枳实破气行滞，芍药和血，桔梗排脓，鸡子黄润燥，共奏排脓散结之功。,枳实、芍药、桔梗,气滞血瘀；气滞血结；气血瘀滞,qi_stagnation_blood_stasis；TCM-SYNDROME-8F83AE51A087；TCM-SYNDROME-5EC194029FA0,留空,,,主治原文不足以直接绑定受控核心证候；按安全默认留空。,D-证据不足,https://openstd.samr.gov.cn/bzgk/std/newGbInfo?hcno=C71A9DAD24CB1252F12439D1F045DA6A；https://www.samr.gov.cn/bzjss/bzjd/art/2022/art_ae386988ba3a44f387bb5634b5f2aa08.html；https://www.yixue.com/%E6%8E%92%E8%84%93%E6%95%A3,待逐方新增原典/权威二级来源后复审,是,不得仅据方名、药味或模型候选强行定证。,https://www.yixue.com/%E6%8E%92%E8%84%93%E6%95%A3,页面正文命中方名
135,泼火散,泼火散,《成方切用》,治中暑昏迷，不省人事欲死者。并治伤暑烦躁，口苦舌干，头痛恶心，不思饮食，及血痢。；方用地榆、赤芍、黄连清热凉血，青皮理气，主治中暑昏迷及血痢。,地榆、赤芍药、黄连、青皮,心热血瘀；心热；心经积热,TCM-SYNDROME-F6BB31B9F53B；TCM-SYNDROME-E1E796C992DE；TCM-SYNDROME-5ACB202818E3,留空,,,主治原文不足以直接绑定受控核心证候；按安全默认留空。,D-证据不足,https://openstd.samr.gov.cn/bzgk/std/newGbInfo?hcno=C71A9DAD24CB1252F12439D1F045DA6A；https://www.samr.gov.cn/bzjss/bzjd/art/2022/art_ae386988ba3a44f387bb5634b5f2aa08.html；https://www.yixue.com/%E6%B3%BC%E7%81%AB%E6%95%A3,待逐方新增原典/权威二级来源后复审,是,不得仅据方名、药味或模型候选强行定证。,https://www.yixue.com/%E6%B3%BC%E7%81%AB%E6%95%A3,页面正文命中方名
136,破棺丹,破棺丹,《瑞竹堂经验方》,治消疔黄走胤不止；方中赤芍、当归活血，山栀、大黄清热，牵牛逐水，甘草调和，共奏清热解毒、活血消肿之功,赤芍药、当归、山栀子、甘草、牵牛子、大黄,热盛血瘀；血热瘀滞；热与血结,TCM-SYNDROME-6EED271652CB；TCM-SYNDROME-C67351AB0BA4；TCM-SYNDROME-07307861C48E,留空,,,主治原文不足以直接绑定受控核心证候；按安全默认留空。,D-证据不足,https://openstd.samr.gov.cn/bzgk/std/newGbInfo?hcno=C71A9DAD24CB1252F12439D1F045DA6A；https://www.samr.gov.cn/bzjss/bzjd/art/2022/art_ae386988ba3a44f387bb5634b5f2aa08.html；https://www.yixue.com/%E7%A0%B4%E6%A3%BA%E4%B8%B9,待逐方新增原典/权威二级来源后复审,是,不得仅据方名、药味或模型候选强行定证。,https://www.yixue.com/%E7%A0%B4%E6%A3%BA%E4%B8%B9,页面正文命中方名
137,破伤风方,破伤风方,《验方新编》,破伤风；祛风散邪，活血通络。归经：肝、膀胱经。,羌活、防风、荆芥、当归尾、生地黄、白芷、红花、天麻、刘寄奴,肝经风寒；肝风内动；肝血瘀阻,TCM-SYNDROME-C0E649B28C45；TCM-SYNDROME-847593928AF6；TCM-SYNDROME-BBD3280551C6,留空,,,主治原文不足以直接绑定受控核心证候；按安全默认留空。,D-证据不足,https://openstd.samr.gov.cn/bzgk/std/newGbInfo?hcno=C71A9DAD24CB1252F12439D1F045DA6A；https://www.samr.gov.cn/bzjss/bzjd/art/2022/art_ae386988ba3a44f387bb5634b5f2aa08.html,待逐方新增原典/权威二级来源后复审,是,不得仅据方名、药味或模型候选强行定证。,,无有效页面（HTTP 404）
138,朴黄汤,朴黄汤,《医方简义》,治痢疾初起。腹痛后重。不拘赤白者。；厚朴行气燥湿，大黄泻热导滞，陈皮木香理气，香附调气，黄连清热燥湿，共奏行气导滞、清热止痢之功。,厚朴、大黄、陈皮、木香、香附、黄连,大肠湿热；湿热；气滞湿阻,TCM-SYNDROME-064C46403192；TCM-SYNDROME-CFEFA693692E；TCM-SYNDROME-E3D326948C7A,采纳,大肠湿热；肠道气滞,TCM-SYNDROME-064C46403192；TCM-SYNDROME-B48AAB4AE2F4,痢疾初起腹痛后重，方中清热燥湿、行气导滞，提示大肠湿热与气滞,A-原清单主治/原典；受控证型归一,https://openstd.samr.gov.cn/bzgk/std/newGbInfo?hcno=C71A9DAD24CB1252F12439D1F045DA6A；https://www.samr.gov.cn/bzjss/bzjd/art/2022/art_ae386988ba3a44f387bb5634b5f2aa08.html,原文直接支持；本轮提供标准与目录入口,是,,,无有效页面（HTTP 404）
139,七磨散,七磨散,《惠直堂经验方》,能消胸膈积食。不伤正气。老年虚弱之人。用之甚妙。；方用人参补气，枳壳、川贝、乌药、郁金、木香、沉香行气消积，共奏消食而不伤正之功。,人参、枳壳、川贝、乌药、郁金、木香、沉香,气虚；气虚气滞；气虚不运,TCM-SYNDROME-6C733A6875EB；TCM-SYNDROME-AC45AB44688F；TCM-SYNDROME-5CFE8D16B7A4,采纳,气虚气滞,TCM-SYNDROME-AC45AB44688F,胸膈积食，老年虚弱，方用人参补气、诸香行气，核心病机为气虚气滞,A-原清单主治/原典；受控证型归一,https://openstd.samr.gov.cn/bzgk/std/newGbInfo?hcno=C71A9DAD24CB1252F12439D1F045DA6A；https://www.samr.gov.cn/bzjss/bzjd/art/2022/art_ae386988ba3a44f387bb5634b5f2aa08.html,原文直接支持；本轮提供标准与目录入口,是,,,无有效页面（HTTP 404）
140,骑马痈方,骑马痈方,《惠直堂经验方》,骑马痈；金银花清热解毒为君，大黄泻火通便，牛膝引血下行，车前子利湿，当归活血，生甘草解毒，共奏消痈之效。,金银花、大黄、牛膝、车前子、当归、生甘草,湿热火毒壅盛；湿热壅盛；湿热毒,TCM-SYNDROME-74B9CBF1DCCF；TCM-SYNDROME-4878ECFE3593；TCM-SYNDROME-6BE35E718F8A,采纳,湿热火毒壅盛,TCM-SYNDROME-74B9CBF1DCCF,主治痈肿，方以清热泻火、利湿解毒为主，符合湿热火毒壅盛证,A-原清单主治/原典；受控证型归一,https://openstd.samr.gov.cn/bzgk/std/newGbInfo?hcno=C71A9DAD24CB1252F12439D1F045DA6A；https://www.samr.gov.cn/bzjss/bzjd/art/2022/art_ae386988ba3a44f387bb5634b5f2aa08.html,原文直接支持；本轮提供标准与目录入口,是,,,无有效页面（HTTP 404）
141,千金保孕丸,千金保孕丸,《古方汇精》,治妊妇腰背痛，惯堕胎，服此可免半产之患。；补肾固胎，续断、杜仲强腰肾，山药健脾固冲，防堕胎。,川续断、杜仲、山药,脾肾不固；脾肾两虚；脾肾气虚,TCM-SYNDROME-A3D4A0AF9BEB；TCM-SYNDROME-5F35EA2B945F；TCM-SYNDROME-01C496AA7620,采纳,脾肾不固,TCM-SYNDROME-A3D4A0AF9BEB,主治惯堕胎，杜仲、山药补肾健脾固冲任。,A-原清单主治/原典；受控证型归一,https://openstd.samr.gov.cn/bzgk/std/newGbInfo?hcno=C71A9DAD24CB1252F12439D1F045DA6A；https://www.samr.gov.cn/bzjss/bzjd/art/2022/art_ae386988ba3a44f387bb5634b5f2aa08.html,原文直接支持；本轮提供标准与目录入口,是,,,无有效页面（HTTP 404）
142,前胡汤,前胡汤,《三因极一病证方论》,治气实极，喘息冲胸，常欲自恚，心腹满痛，内外有热，烦呕不安；甚则唾血，气短乏，不欲食，口燥咽干。；方中前胡降气化痰，半夏燥湿，麻黄宣肺，芍药和营，黄芩清热，枳实行气，共奏清热降逆、理气止痛之功。,前胡、半夏、麻黄、芍药、黄芩、枳实,心肺实热；痰热壅肺；痰热气滞,TCM-SYNDROME-BD2315A1C69A；TCM-SYNDROME-478AB1A0C12B；TCM-SYNDROME-9C68E3EEB9FE,采纳,心肺实热,TCM-SYNDROME-BD2315A1C69A,主治喘息冲胸、内外有热、烦呕，属心肺实热。,A-原清单主治/原典；受控证型归一,https://openstd.samr.gov.cn/bzgk/std/newGbInfo?hcno=C71A9DAD24CB1252F12439D1F045DA6A；https://www.samr.gov.cn/bzjss/bzjd/art/2022/art_ae386988ba3a44f387bb5634b5f2aa08.html,原文直接支持；本轮提供标准与目录入口,是,,,无有效页面（HTTP 404）
143,羌活散,羌活散,《三因极一病证方论》,止咳逆。；温中散寒，降逆止咳。归经：脾、胃、肾。；治手发背、掌心发初起。,羌活、附子、茴香、木香、干姜、丁香,脾胃寒湿；寒湿困脾；寒滞胃肠,TCM-SYNDROME-DE5A8A5C17D1；TCM-SYNDROME-4B9F89FBA037；TCM-SYNDROME-55A8743511FB,采纳,寒滞胃肠,TCM-SYNDROME-55A8743511FB,主治咳逆，温中散寒降逆，病在胃气上逆。,A-原清单主治/原典；受控证型归一,https://openstd.samr.gov.cn/bzgk/std/newGbInfo?hcno=C71A9DAD24CB1252F12439D1F045DA6A；https://www.samr.gov.cn/bzjss/bzjd/art/2022/art_ae386988ba3a44f387bb5634b5f2aa08.html；https://www.yixue.com/%E7%BE%8C%E6%B4%BB%E6%95%A3,原文直接支持；本轮提供标准与目录入口,是,,https://www.yixue.com/%E7%BE%8C%E6%B4%BB%E6%95%A3,页面正文命中方名
144,秦桂丸,秦桂丸,《经验》,治妇人无子。；温阳散寒，祛风除湿，调补冲任，主治宫寒不孕。,秦艽、肉桂、杜仲、防风、厚朴、附子、茯苓、白薇、干姜、牛膝、沙参、半夏、人参、细辛,寒凝阳虚；阳虚寒凝；阳虚内寒,TCM-SYNDROME-A882856779F6；TCM-SYNDROME-0FDB1AE04FB2；TCM-SYNDROME-AE9F554A9424,采纳,阳虚寒凝,TCM-SYNDROME-0FDB1AE04FB2,主治妇人无子，温阳散寒调冲任，宫寒不孕。,A-原清单主治/原典；受控证型归一,https://openstd.samr.gov.cn/bzgk/std/newGbInfo?hcno=C71A9DAD24CB1252F12439D1F045DA6A；https://www.samr.gov.cn/bzjss/bzjd/art/2022/art_ae386988ba3a44f387bb5634b5f2aa08.html；https://www.yixue.com/%E7%A7%A6%E6%A1%82%E4%B8%B8,原文直接支持；本轮提供标准与目录入口,是,,https://www.yixue.com/%E7%A7%A6%E6%A1%82%E4%B8%B8,页面正文命中方名
145,取填饮,取填饮,《古方汇精》,治血痢如注。并初起作痢腹痛。下如土朱猪肝色者。；夏枯草清肝散结，红花活血通经，砂糖和中，共治血痢腹痛。；血痢如注，并初起作痢腹痛，下如土朱，猪肝色者。,夏枯草、红花,肝不藏血；肝血瘀阻；下焦蓄血,TCM-SYNDROME-C8F835CF63F0；TCM-SYNDROME-BBD3280551C6；TCM-SYNDROME-F2311322F959,采纳,下焦蓄血,TCM-SYNDROME-F2311322F959,主治血痢如注，色如猪肝，腹痛，属肠腑瘀热。,A-原清单主治/原典；受控证型归一,https://openstd.samr.gov.cn/bzgk/std/newGbInfo?hcno=C71A9DAD24CB1252F12439D1F045DA6A；https://www.samr.gov.cn/bzjss/bzjd/art/2022/art_ae386988ba3a44f387bb5634b5f2aa08.html,原文直接支持；本轮提供标准与目录入口,是,,,无有效页面（HTTP 404）
146,人参补气汤,人参补气汤,《成方切用》,治手指麻木。；补气御风，治手指麻木，诸阳起于指。,人参、黄芪、升麻、柴胡、芍药、生甘草、炙甘草、五味子,气虚阳微；阳气不足；阳气亏虚,TCM-SYNDROME-1C0797319F82；TCM-SYNDROME-CC3D3B156EBF；TCM-SYNDROME-F94FFBC10B09,采纳,阳气不足,TCM-SYNDROME-CC3D3B156EBF,主治手指麻木，诸阳起于指，补气御风,A-原清单主治/原典；受控证型归一,https://openstd.samr.gov.cn/bzgk/std/newGbInfo?hcno=C71A9DAD24CB1252F12439D1F045DA6A；https://www.samr.gov.cn/bzjss/bzjd/art/2022/art_ae386988ba3a44f387bb5634b5f2aa08.html,原文直接支持；本轮提供标准与目录入口,是,,,无有效页面（HTTP 404）
147,人参大温中丸,人参大温中丸,《洪氏集验方》,治三焦不顺，脾胃积冷、心腹大痛、呕逆恶心，两胁刺痛，胸膈满闷，腹胀肠鸣，泄泻频并，温脾暖胃。；方中人参、白术健脾益气，陈皮理气，紫苏子降气，高良姜、肉桂、干姜温中散寒，共奏温脾暖胃、理气止痛之功。；三焦不顺，脾胃积冷，心腹大痛，呕逆恶心，两胁刺痛，胸膈满闷，腹胀肠鸣，泄泻频作。,人参、白术、陈皮、紫苏子、高良姜、肉桂、干姜,寒滞胃肠；寒邪犯胃；胃寒气逆,TCM-SYNDROME-55A8743511FB；TCM-SYNDROME-2A363D51ACD4；TCM-SYNDROME-8F3CD2D22D9D,采纳,寒滞胃肠,TCM-SYNDROME-55A8743511FB,主治脾胃积冷，心腹大痛、泄泻等,A-原清单主治/原典；受控证型归一,https://openstd.samr.gov.cn/bzgk/std/newGbInfo?hcno=C71A9DAD24CB1252F12439D1F045DA6A；https://www.samr.gov.cn/bzjss/bzjd/art/2022/art_ae386988ba3a44f387bb5634b5f2aa08.html,原文直接支持；本轮提供标准与目录入口,是,,,无有效页面（HTTP 404）
148,人马平安散,人马平安散,《大小诸证方论》,治男女大小，心口臌闷，水泻痢疾，心腹疼痛等症。；雄黄、朱砂解毒辟秽，冰片、麝香开窍止痛，共奏辟秽解毒、通窍止痛之功。；主治未明确给出，原文仅提及用法，无具体主治。,雄黄、朱砂、冰片、麝香,寒凝心脉；心中寒；心寒,TCM-SYNDROME-F75B65A01AE8；TCM-SYNDROME-AB4D5D32D1DD；TCM-SYNDROME-F6C24D5D70A5,留空,,,主治原文不足以直接绑定受控核心证候；按安全默认留空。,D-证据不足,https://openstd.samr.gov.cn/bzgk/std/newGbInfo?hcno=C71A9DAD24CB1252F12439D1F045DA6A；https://www.samr.gov.cn/bzjss/bzjd/art/2022/art_ae386988ba3a44f387bb5634b5f2aa08.html；https://www.yixue.com/%E4%BA%BA%E9%A9%AC%E5%B9%B3%E5%AE%89%E6%95%A3,待逐方新增原典/权威二级来源后复审,是,不得仅据方名、药味或模型候选强行定证。,https://www.yixue.com/%E4%BA%BA%E9%A9%AC%E5%B9%B3%E5%AE%89%E6%95%A3,页面正文命中方名
149,日重夜轻方,日重夜轻方,《大小诸证方论》,病重于日间，发寒发热，较夜尤重；补气养血，和解少阳，用于日重夜轻之寒热,柴胡、当归、黄芪、人参、陈皮、半夏、青皮,少阳经气痞塞；气血两伤；寒热错杂,TCM-SYNDROME-B5267B523896；TCM-SYNDROME-F6FA9913F6DB；TCM-SYNDROME-BBEC651B5E26,采纳,气血两伤；少阳经气痞塞,TCM-SYNDROME-F6FA9913F6DB；TCM-SYNDROME-B5267B523896,主治日重夜轻寒热，补气养血和解少阳,A-原清单主治/原典；受控证型归一,https://openstd.samr.gov.cn/bzgk/std/newGbInfo?hcno=C71A9DAD24CB1252F12439D1F045DA6A；https://www.samr.gov.cn/bzjss/bzjd/art/2022/art_ae386988ba3a44f387bb5634b5f2aa08.html,原文直接支持；本轮提供标准与目录入口,是,,,无有效页面（HTTP 404）
150,散血散,散血散,《仙传外科集验方》,被刀刃伤，血出过多，用此药补之。疮口及杖疮要生肉。；补气养血，行气活血，兼温通。归经：脾、肺、肝、肾。；刀刃伤，血出过多；或杖疮。,人参、当归、白芷、白茯苓、黄芪、砂仁、陈皮、丁香、枳壳、牛膝、川芎、苍术、茴香、甘草、肉桂,气血两伤；气虚血瘀；肝脾气血两虚,TCM-SYNDROME-F6FA9913F6DB；TCM-SYNDROME-C3FAB62E2CDB；TCM-SYNDROME-00C438EB6F14,采纳,气血两伤,TCM-SYNDROME-F6FA9913F6DB,主治刀刃伤血出过多，用此药补之,A-原清单主治/原典；受控证型归一,https://openstd.samr.gov.cn/bzgk/std/newGbInfo?hcno=C71A9DAD24CB1252F12439D1F045DA6A；https://www.samr.gov.cn/bzjss/bzjd/art/2022/art_ae386988ba3a44f387bb5634b5f2aa08.html,原文直接支持；本轮提供标准与目录入口,是,,,无有效页面（HTTP 404）
151,疝气肿痛方,疝气肿痛方,《验方新编》,疝气肿痛；大茴香温肝散寒，荔枝核行气散结，姜汁盐水制以引经，共治疝气肿痛。,大茴香、荔枝核,寒滞肝脉；寒凝气滞；肝寒,TCM-SYNDROME-970B79AA6652；TCM-SYNDROME-EA67C0A56D7A；TCM-SYNDROME-BF3FCF581643,采纳,寒滞肝脉,TCM-SYNDROME-970B79AA6652,主治疝气肿痛，方用大茴香温肝散寒、荔枝核行气散结，紧扣肝寒、气滞。,A-原清单主治/原典；受控证型归一,https://openstd.samr.gov.cn/bzgk/std/newGbInfo?hcno=C71A9DAD24CB1252F12439D1F045DA6A；https://www.samr.gov.cn/bzjss/bzjd/art/2022/art_ae386988ba3a44f387bb5634b5f2aa08.html,原文直接支持；本轮提供标准与目录入口,是,,,无有效页面（HTTP 404）
152,射干鼠粘子汤,射干鼠粘子汤,《瑞竹堂经验方》,治疮疹壮热，大便坚实，或口舌生疮，咽喉肿痛。；清热解毒，利咽消肿。射干、牛蒡子清肺利咽，升麻散火解毒，甘草调和诸药。,牛蒡子、甘草、升麻、射干,实火；肺胃火热；心肺实热,TCM-SYNDROME-83DDAFC3F5FC；TCM-SYNDROME-B979E2E58468；TCM-SYNDROME-BD2315A1C69A,采纳,肺胃火热,TCM-SYNDROME-B979E2E58468,主治疮疹壮热、口舌生疮、咽喉肿痛，射干、牛蒡子清肺利咽，升麻散火解毒，归结于肺胃热壅。,A-原清单主治/原典；受控证型归一,https://openstd.samr.gov.cn/bzgk/std/newGbInfo?hcno=C71A9DAD24CB1252F12439D1F045DA6A；https://www.samr.gov.cn/bzjss/bzjd/art/2022/art_ae386988ba3a44f387bb5634b5f2aa08.html；https://www.yixue.com/%E5%B0%84%E5%B9%B2%E9%BC%A0%E7%B2%98%E5%AD%90%E6%B1%A4,原文直接支持；本轮提供标准与目录入口,是,,https://www.yixue.com/%E5%B0%84%E5%B9%B2%E9%BC%A0%E7%B2%98%E5%AD%90%E6%B1%A4,页面正文命中方名
153,神功托里散,神功托里散,《验方新编》,痈疽、发背、肠痈、乳痈及一切肿毒，或痛憎寒壮热；金银花清热解毒，黄芪托毒生肌，当归活血，甘草调和，归肺胃经,金银花、黄芪、当归、甘草,肺胃热盛；肺胃火热；热犯肺胃,TCM-SYNDROME-D8AE92B80C54；TCM-SYNDROME-B979E2E58468；TCM-SYNDROME-67035772F9BF,采纳,肺胃热盛,TCM-SYNDROME-D8AE92B80C54,主治一切肿毒、憎寒壮热，金银花清热解毒，方归肺胃经，热毒炽盛。,A-原清单主治/原典；受控证型归一,https://openstd.samr.gov.cn/bzgk/std/newGbInfo?hcno=C71A9DAD24CB1252F12439D1F045DA6A；https://www.samr.gov.cn/bzjss/bzjd/art/2022/art_ae386988ba3a44f387bb5634b5f2aa08.html,原文直接支持；本轮提供标准与目录入口,是,,,无有效页面（HTTP 404）
154,神异温风丹,神异温风丹,《三因极一病证方论》,治中风一切诸疾。；方以麻黄发汗散邪，参术益气，姜附温阳，乳香、白胶香活血通络，全蝎熄风，甘草调和，共奏祛风散寒、温阳活血之功。,麻黄、人参、白术、干姜、茯神、附子、白胶香、甘草、乳香、全蝎,外寒伤阳；寒凝阳虚；寒凝血瘀,TCM-SYNDROME-B4932306E327；TCM-SYNDROME-A882856779F6；cold_congealing_blood_stasis,留空,,,主治原文不足以直接绑定受控核心证候；按安全默认留空。,D-证据不足,https://openstd.samr.gov.cn/bzgk/std/newGbInfo?hcno=C71A9DAD24CB1252F12439D1F045DA6A；https://www.samr.gov.cn/bzjss/bzjd/art/2022/art_ae386988ba3a44f387bb5634b5f2aa08.html,待逐方新增原典/权威二级来源后复审,是,不得仅据方名、药味或模型候选强行定证。,,无有效页面（HTTP 404）
155,神应乳香丸,神应乳香丸,《洪氏集验方》,治诸般恶痢，腹中搅刺，日夕频并，危恶不瘥。；方中乳香、没药活血止痛，安息香辟秽开窍，诃子涩肠止痢，共奏活血行气、涩肠止痢之功。；诸般恶痢，腹中搅刺，日夕频并，危恶不愈。,安息香、诃子、乳香、没药,气滞血瘀；气血凝滞；气血瘀滞,qi_stagnation_blood_stasis；TCM-SYNDROME-0C402BE25213；TCM-SYNDROME-5EC194029FA0,采纳,气滞血瘀,qi_stagnation_blood_stasis,主治恶痢、腹中搅刺，乳香没药活血止痛，证属气滞血瘀。,A-原清单主治/原典；受控证型归一,https://openstd.samr.gov.cn/bzgk/std/newGbInfo?hcno=C71A9DAD24CB1252F12439D1F045DA6A；https://www.samr.gov.cn/bzjss/bzjd/art/2022/art_ae386988ba3a44f387bb5634b5f2aa08.html,原文直接支持；本轮提供标准与目录入口,是,,,无有效页面（HTTP 404）
156,肾肝同补汤,肾肝同补汤,《大小诸证方论》,肾水亏不能滋肝木，肝木抑郁而不舒，两胁饱闷；熟地、山萸补肾，当归、白芍、柴胡、肉桂补肝，肝肾同补,熟地黄、山茱萸、白芍、当归、柴胡、肉桂,肝肾阴虚；肝郁肾虚；肝肾亏虚,TCM-SYNDROME-E62409E9BC62；TCM-SYNDROME-48EB4AB8B06F；TCM-SYNDROME-D0B79453139B,采纳,肝郁肾虚,TCM-SYNDROME-48EB4AB8B06F,肾水亏不能滋肝木，肝木抑郁，两胁饱闷,A-原清单主治/原典；受控证型归一,https://openstd.samr.gov.cn/bzgk/std/newGbInfo?hcno=C71A9DAD24CB1252F12439D1F045DA6A；https://www.samr.gov.cn/bzjss/bzjd/art/2022/art_ae386988ba3a44f387bb5634b5f2aa08.html,原文直接支持；本轮提供标准与目录入口,是,,,无有效页面（HTTP 404）
157,升阳除湿防风汤,升阳除湿防风汤,《医方集解》,治大便闭塞，或里急后重，数至圊而不能便，或有白脓，或血。；足太阴、阳明药。苍术升清阳开郁为君，白术茯苓健脾利湿，防风升阳胜湿，白芍敛阴和脾。；泄泻头痛，阳陷于下则飧泄，湿犯于上则头痛，清浊倒置。,苍术、防风、茯苓、白术、芍药,湿困脾胃；湿热困脾；湿热动血,TCM-SYNDROME-064EF6858A5E；TCM-SYNDROME-7A5184805941；TCM-SYNDROME-7E3406FDC9A5,采纳,湿困脾胃,TCM-SYNDROME-064EF6858A5E,阳陷飧泄，湿犯头痛，清浊倒置,A-原清单主治/原典；受控证型归一,https://openstd.samr.gov.cn/bzgk/std/newGbInfo?hcno=C71A9DAD24CB1252F12439D1F045DA6A；https://www.samr.gov.cn/bzjss/bzjd/art/2022/art_ae386988ba3a44f387bb5634b5f2aa08.html,原文直接支持；本轮提供标准与目录入口,是,,,无有效页面（HTTP 404）
158,生姜泻心汤,生姜泻心汤,《医方考》,伤寒中风，医反下之，下利日数十行，谷不化，腹中雷鸣，心下痞硬而满，干呕，心烦不得安。；生姜、半夏、干姜止呕逆；黄连、黄芩清痞热；人参、甘草补中虚。；治伤寒汗出解之后。胃中不和。心下痞硬。干噫食臭。（《长沙方歌括》主治，用于检索召回）,生姜、甘草、人参、黄芩、半夏、黄连,寒热错杂；上热下寒；胃热脾虚,TCM-SYNDROME-BBEC651B5E26；TCM-SYNDROME-FD9812B9BA81；TCM-SYNDROME-A49A3FEAF5BE,采纳,寒热错杂,TCM-SYNDROME-BBEC651B5E26,心下痞硬，干噫食臭，下利，寒热并用,A-原清单主治/原典；受控证型归一,https://openstd.samr.gov.cn/bzgk/std/newGbInfo?hcno=C71A9DAD24CB1252F12439D1F045DA6A；https://www.samr.gov.cn/bzjss/bzjd/art/2022/art_ae386988ba3a44f387bb5634b5f2aa08.html；https://www.yixue.com/%E7%94%9F%E5%A7%9C%E6%B3%BB%E5%BF%83%E6%B1%A4,原文直接支持；本轮提供标准与目录入口,是,,https://www.yixue.com/%E7%94%9F%E5%A7%9C%E6%B3%BB%E5%BF%83%E6%B1%A4,页面正文命中方名
159,实喘方,实喘方,《大小诸证方论》,实喘之症，气大急，喉中必作声，肩必抬起；方用黄芩、麦冬清肺，柴胡、苏叶疏表，山豆根解毒，半夏降逆，共奏清热宣肺平喘之功,黄芩、麦冬、柴胡、苏叶、山豆根、半夏,肺热气壅；热邪壅肺；肺气盛实,TCM-SYNDROME-74DA5CE46CE9；TCM-SYNDROME-2FC8CB11E271；TCM-SYNDROME-8AAC85759F6D,采纳,热邪壅肺,TCM-SYNDROME-2FC8CB11E271,清热宣肺平喘，治气急喉鸣肩抬,A-原清单主治/原典；受控证型归一,https://openstd.samr.gov.cn/bzgk/std/newGbInfo?hcno=C71A9DAD24CB1252F12439D1F045DA6A；https://www.samr.gov.cn/bzjss/bzjd/art/2022/art_ae386988ba3a44f387bb5634b5f2aa08.html,原文直接支持；本轮提供标准与目录入口,是,,,无有效页面（HTTP 404）
160,四妙汤,四妙汤,《验方新编》,治一切疮疡肿痛，微恶寒，时内热，口中无味，大便如常，气血内虚。溃后排脓去瘀，生肌长肉，逐余毒，通经络。；益气活血，解毒托里。归经：脾、肺、心。,黄芪、当归、金银花、甘草,气虚血瘀；心气虚血瘀；心脾气血两虚,TCM-SYNDROME-C3FAB62E2CDB；TCM-SYNDROME-CBDECCAA30A4；TCM-SYNDROME-6E2A619818FE,采纳,气虚血瘀,TCM-SYNDROME-C3FAB62E2CDB,气血内虚，疮疡肿痛，益气活血托里,A-原清单主治/原典；受控证型归一,https://openstd.samr.gov.cn/bzgk/std/newGbInfo?hcno=C71A9DAD24CB1252F12439D1F045DA6A；https://www.samr.gov.cn/bzjss/bzjd/art/2022/art_ae386988ba3a44f387bb5634b5f2aa08.html；https://www.yixue.com/%E5%9B%9B%E5%A6%99%E6%B1%A4,原文直接支持；本轮提供标准与目录入口,是,,https://www.yixue.com/%E5%9B%9B%E5%A6%99%E6%B1%A4,页面正文命中方名
161,四物汤加黄芩黄柏槐花方,四物汤加黄芩黄柏槐花方,《医方考》,内热痔漏下血；生地、槐花、黄芩、黄柏清热，当归、芍药、川芎调血，治内热痔漏下血；内热痔漏下血。,当归、芍药、川芎、生地黄、黄芩、黄柏、槐花,血热动血；热盛动血；血热,TCM-SYNDROME-813AF93FC412；TCM-SYNDROME-9E82B890541F；TCM-SYNDROME-29291DD0E45D,采纳,血热动血,TCM-SYNDROME-813AF93FC412,主治“内热痔漏下血”，直接体现血热迫血妄行。,A-原清单主治/原典；受控证型归一,https://openstd.samr.gov.cn/bzgk/std/newGbInfo?hcno=C71A9DAD24CB1252F12439D1F045DA6A；https://www.samr.gov.cn/bzjss/bzjd/art/2022/art_ae386988ba3a44f387bb5634b5f2aa08.html,原文直接支持；本轮提供标准与目录入口,是,,,无有效页面（HTTP 404）
162,锁喉风仙方,锁喉风仙方,《惠直堂经验方》,锁喉风；僵蚕祛风化痰，大黄泻热解毒，沉香降气，金银花夏枯草清热散结，共治锁喉风。,僵蚕、大黄、沉香、金银花、夏枯草,风热痰毒；痰热气滞；气滞痰凝咽喉,TCM-SYNDROME-8F7C33877C3C；TCM-SYNDROME-9C68E3EEB9FE；TCM-SYNDROME-307E361FDACC,留空,,,主治原文不足以直接绑定受控核心证候；按安全默认留空。,D-证据不足,https://openstd.samr.gov.cn/bzgk/std/newGbInfo?hcno=C71A9DAD24CB1252F12439D1F045DA6A；https://www.samr.gov.cn/bzjss/bzjd/art/2022/art_ae386988ba3a44f387bb5634b5f2aa08.html,待逐方新增原典/权威二级来源后复审,是,不得仅据方名、药味或模型候选强行定证。,,无有效页面（HTTP 404）
163,太无神术散,太无神术散,《医方考》,人受山岚瘴气，憎寒壮热，一身尽痛；理脾辟瘴，用苍术燥湿，厚朴平气，菖蒲、藿香辛香匡正，甘草、陈皮调中,苍术、厚朴、陈皮、石菖蒲、炙甘草、藿香,寒湿困脾；寒湿中阻；脾胃寒湿,TCM-SYNDROME-4B9F89FBA037；cold_damp_encumbering_spleen；TCM-SYNDROME-DE5A8A5C17D1,留空,,,主治原文不足以直接绑定受控核心证候；按安全默认留空。,D-证据不足,https://openstd.samr.gov.cn/bzgk/std/newGbInfo?hcno=C71A9DAD24CB1252F12439D1F045DA6A；https://www.samr.gov.cn/bzjss/bzjd/art/2022/art_ae386988ba3a44f387bb5634b5f2aa08.html,待逐方新增原典/权威二级来源后复审,是,不得仅据方名、药味或模型候选强行定证。,,无有效页面（HTTP 404）
164,菟丝煎,菟丝煎,《成方切用》,治心脾气弱，凡遇思虑劳倦，即苦遗精者；补心脾，固肾精，方中人参、山药、枣仁、茯苓、当归、菟丝子共奏益气养血、安神涩精之功,山药、酸枣仁、茯苓、当归、人参、菟丝子,心脾气血两虚；劳伤心脾；心脾气虚,TCM-SYNDROME-6E2A619818FE；TCM-SYNDROME-7A5B974D0742；TCM-SYNDROME-369A4AB40786,采纳,心脾气血两虚,TCM-SYNDROME-6E2A619818FE,主治“心脾气弱”，遇劳遗精，方用益气养血之品，对应心脾气血两虚。,A-原清单主治/原典；受控证型归一,https://openstd.samr.gov.cn/bzgk/std/newGbInfo?hcno=C71A9DAD24CB1252F12439D1F045DA6A；https://www.samr.gov.cn/bzjss/bzjd/art/2022/art_ae386988ba3a44f387bb5634b5f2aa08.html；https://www.yixue.com/%E8%8F%9F%E4%B8%9D%E7%85%8E,原文直接支持；本轮提供标准与目录入口,是,,https://www.yixue.com/%E8%8F%9F%E4%B8%9D%E7%85%8E,页面正文命中方名
165,卫生汤,卫生汤,《三因极一病证方论》,补虚劳，强五脏，除烦养真，退邪热，顺血脉，缓中，安和神志，润泽容色。常服通畅血脉，不生痈疡，养胃益精。；补气养血，调和营卫，缓中安神。归经：肝、脾、肺。,当归、白芍药、黄芪、甘草,肝脾气血两虚；气血两虚；心脾气血两虚,TCM-SYNDROME-00C438EB6F14；qi_blood_deficiency；TCM-SYNDROME-6E2A619818FE,采纳,气血两虚,qi_blood_deficiency,主治“补虚劳，强五脏”“补气养血，调和营卫”，泛补气血，无特定脏腑局限。,A-原清单主治/原典；受控证型归一,https://openstd.samr.gov.cn/bzgk/std/newGbInfo?hcno=C71A9DAD24CB1252F12439D1F045DA6A；https://www.samr.gov.cn/bzjss/bzjd/art/2022/art_ae386988ba3a44f387bb5634b5f2aa08.html；https://www.yixue.com/%E5%8D%AB%E7%94%9F%E6%B1%A4,原文直接支持；本轮提供标准与目录入口,是,,https://www.yixue.com/%E5%8D%AB%E7%94%9F%E6%B1%A4,页面正文命中方名
166,无名肿毒方,无名肿毒方,《惠直堂经验方》,无名肿毒；当归活血，黄芪益气，甘草解毒，金银花清热，黄酒助药力，共奏消肿解毒之功。,当归、黄芪、甘草、金银花,气滞热壅；气滞血瘀；气血瘀滞,TCM-SYNDROME-62BAF46EC3EE；qi_stagnation_blood_stasis；TCM-SYNDROME-5EC194029FA0,留空,,,主治原文不足以直接绑定受控核心证候；按安全默认留空。,D-证据不足,https://openstd.samr.gov.cn/bzgk/std/newGbInfo?hcno=C71A9DAD24CB1252F12439D1F045DA6A；https://www.samr.gov.cn/bzjss/bzjd/art/2022/art_ae386988ba3a44f387bb5634b5f2aa08.html,待逐方新增原典/权威二级来源后复审,是,不得仅据方名、药味或模型候选强行定证。,,无有效页面（HTTP 404）
167,小儿痢疾方,小儿痢疾方,《大小诸证方论》,小儿痢疾；方以当归、白芍养血和血，黄连清热燥湿，枳壳、槟榔行气导滞，甘草和中，主治小儿痢疾。,当归、黄连、白芍、枳壳、槟榔、甘草,大肠湿热；下焦湿热；气分湿热,TCM-SYNDROME-064C46403192；TCM-SYNDROME-18B07642641D；TCM-SYNDROME-F7B5F1CE424D,采纳,大肠湿热,TCM-SYNDROME-064C46403192,主治“小儿痢疾”，方含黄连清热燥湿、枳壳槟榔行气导滞，符合大肠湿热证。,A-原清单主治/原典；受控证型归一,https://openstd.samr.gov.cn/bzgk/std/newGbInfo?hcno=C71A9DAD24CB1252F12439D1F045DA6A；https://www.samr.gov.cn/bzjss/bzjd/art/2022/art_ae386988ba3a44f387bb5634b5f2aa08.html,原文直接支持；本轮提供标准与目录入口,是,,,无有效页面（HTTP 404）
168,行经腹痛方,行经腹痛方,《惠直堂经验方》,行经腹痛，兼能种子。；方中蕲艾温经散寒，红花活血止痛，当归养血调经，益母草活血调经，共奏温经活血止痛之功。,蕲艾、红花、当归、益母草,寒凝血瘀；寒凝血虚；血寒凝滞,cold_congealing_blood_stasis；TCM-SYNDROME-CF70F7F53666；TCM-SYNDROME-DB9626EE46C5,采纳,寒凝血瘀,cold_congealing_blood_stasis,主治“行经腹痛”，方用蕲艾温经散寒、红花活血止痛，寒凝血瘀为直接核心证候。,A-原清单主治/原典；受控证型归一,https://openstd.samr.gov.cn/bzgk/std/newGbInfo?hcno=C71A9DAD24CB1252F12439D1F045DA6A；https://www.samr.gov.cn/bzjss/bzjd/art/2022/art_ae386988ba3a44f387bb5634b5f2aa08.html,原文直接支持；本轮提供标准与目录入口,是,,,无有效页面（HTTP 404）
169,血崩方,血崩方,《大小诸证方论》,血崩；归地养血，蒲黄地榆止血，丹皮三七化瘀，共奏止血固崩之功。,当归身、生地黄、蒲黄、地榆、牡丹皮、三七,瘀血内停；瘀血阻滞；气血瘀滞,TCM-SYNDROME-80BD97F83189；TCM-SYNDROME-9F0DD3371EB8；TCM-SYNDROME-5EC194029FA0,采纳,瘀血阻滞,TCM-SYNDROME-9F0DD3371EB8,主治“血崩”，方中三七、丹皮化瘀，结合止血药，表明瘀血阻滞导致崩漏。,A-原清单主治/原典；受控证型归一,https://openstd.samr.gov.cn/bzgk/std/newGbInfo?hcno=C71A9DAD24CB1252F12439D1F045DA6A；https://www.samr.gov.cn/bzjss/bzjd/art/2022/art_ae386988ba3a44f387bb5634b5f2aa08.html,原文直接支持；本轮提供标准与目录入口,是,,,无有效页面（HTTP 404）
170,延嗣酒,延嗣酒,《验方新编》,妇人经不对者自正，经正者即受胎，大有补益；补益肝肾，调理冲任，使经正受胎,生地黄、熟地黄、天冬、麦冬、仙灵脾、当归,肝肾不足；肝肾两虚；肝肾亏虚,TCM-SYNDROME-BBA3843C00EB；TCM-SYNDROME-739213847DCB；TCM-SYNDROME-D0B79453139B,采纳,肝肾不足,TCM-SYNDROME-BBA3843C00EB,“补益肝肾，调理冲任，使经正受胎”明确指向肝肾不足所致月经不调、不孕。,A-原清单主治/原典；受控证型归一,https://openstd.samr.gov.cn/bzgk/std/newGbInfo?hcno=C71A9DAD24CB1252F12439D1F045DA6A；https://www.samr.gov.cn/bzjss/bzjd/art/2022/art_ae386988ba3a44f387bb5634b5f2aa08.html,原文直接支持；本轮提供标准与目录入口,是,,,无有效页面（HTTP 404）
171,咽肿喉闭外治方,咽肿喉闭外治方,《验方新编》,咽喉肿胀闭塞，口不能开，药不能吹，水不能下；生附子温阳散寒，补骨脂补肾助阳，外敷涌泉引火归原，治喉闭,生附子、补骨脂,肾虚寒凝；寒凝阳虚；肾阳不足,TCM-SYNDROME-D79E8B92BC81；TCM-SYNDROME-A882856779F6；TCM-SYNDROME-86857429AD3F,采纳,寒凝阳虚；肾阳不足,TCM-SYNDROME-A882856779F6；TCM-SYNDROME-86857429AD3F,生附子、补骨脂温阳补肾散寒，外敷涌泉引火归原，治阳虚寒凝、肾阳不足之喉闭。,A-原清单主治/原典；受控证型归一,https://openstd.samr.gov.cn/bzgk/std/newGbInfo?hcno=C71A9DAD24CB1252F12439D1F045DA6A；https://www.samr.gov.cn/bzjss/bzjd/art/2022/art_ae386988ba3a44f387bb5634b5f2aa08.html,原文直接支持；本轮提供标准与目录入口,是,,,无有效页面（HTTP 404）
172,阳痿不举方,阳痿不举方,《大小诸证方论》,阳痿而不振，因平日过于琢削，日泄肾中之水，肾火亦消。；补肾水以生火，水火既济，阳痿可振。,熟地黄、山茱萸、远志、巴戟天、肉苁蓉、肉桂,肾阴阳两虚；肾阳虚；命门火衰,TCM-SYNDROME-C5192FE0A72D；kidney_yang_deficiency；TCM-SYNDROME-41210895EE02,采纳,肾阴阳两虚,TCM-SYNDROME-C5192FE0A72D,原文明示日泄肾水、肾火亦消，补肾水以生火，属肾阴阳两虚。,A-原清单主治/原典；受控证型归一,https://openstd.samr.gov.cn/bzgk/std/newGbInfo?hcno=C71A9DAD24CB1252F12439D1F045DA6A；https://www.samr.gov.cn/bzjss/bzjd/art/2022/art_ae386988ba3a44f387bb5634b5f2aa08.html,原文直接支持；本轮提供标准与目录入口,是,,,无有效页面（HTTP 404）
173,益母膏,益母膏,《惠直堂经验方》,又名还魂丹。主治经闭等症。；益母草活血调经，阿胶补血滋阴，共奏活血养血之效。,益母草、阿胶,阴虚血瘀；血虚阴亏；阴血亏虚,TCM-SYNDROME-B477ECF11A64；TCM-SYNDROME-58BD704355CB；TCM-SYNDROME-097B99D0C841,采纳,阴虚血瘀,TCM-SYNDROME-B477ECF11A64,益母草活血，阿胶补血滋阴，主治经闭，属阴虚血瘀。,A-原清单主治/原典；受控证型归一,https://openstd.samr.gov.cn/bzgk/std/newGbInfo?hcno=C71A9DAD24CB1252F12439D1F045DA6A；https://www.samr.gov.cn/bzjss/bzjd/art/2022/art_ae386988ba3a44f387bb5634b5f2aa08.html；https://www.yixue.com/%E7%9B%8A%E6%AF%8D%E8%86%8F,原文直接支持；本轮提供标准与目录入口,是,,https://www.yixue.com/%E7%9B%8A%E6%AF%8D%E8%86%8F,页面正文命中方名
174,薏苡仁附子败酱散,薏苡仁附子败酱散,《三因极一病证方论》,治脉数，身无热，腹无积聚，按之濡，此为肠痈。；薏苡仁排脓利湿，附子温阳散结，败酱解毒消痈，共治肠痈。,薏苡仁、附子、败酱,寒湿化热；少腹湿热阻滞；大肠湿热,TCM-SYNDROME-24874154AD02；TCM-SYNDROME-5A6BCEBE83D3；TCM-SYNDROME-064C46403192,留空,,,主治原文不足以直接绑定受控核心证候；按安全默认留空。,D-证据不足,https://openstd.samr.gov.cn/bzgk/std/newGbInfo?hcno=C71A9DAD24CB1252F12439D1F045DA6A；https://www.samr.gov.cn/bzjss/bzjd/art/2022/art_ae386988ba3a44f387bb5634b5f2aa08.html,待逐方新增原典/权威二级来源后复审,是,不得仅据方名、药味或模型候选强行定证。,,无有效页面（HTTP 404）
175,茵陈四逆汤,茵陈四逆汤,《医方考》,发黄，脉沉而迟，肢体冷逆，腰以上自汗。；茵陈治黄要药，附子、干姜、炙甘草回阳，冷服防姜附上炎。,茵陈、附子、干姜、甘草,寒凝阳虚；元阳亏虚；亡阳,TCM-SYNDROME-A882856779F6；TCM-SYNDROME-5262EB595176；TCM-SYNDROME-51E3C81A1257,采纳,寒凝阳虚,TCM-SYNDROME-A882856779F6,发黄，脉沉迟，肢冷逆，腰以上自汗，属阳虚寒凝发黄。,A-原清单主治/原典；受控证型归一,https://openstd.samr.gov.cn/bzgk/std/newGbInfo?hcno=C71A9DAD24CB1252F12439D1F045DA6A；https://www.samr.gov.cn/bzjss/bzjd/art/2022/art_ae386988ba3a44f387bb5634b5f2aa08.html；https://www.yixue.com/%E8%8C%B5%E9%99%88%E5%9B%9B%E9%80%86%E6%B1%A4,原文直接支持；本轮提供标准与目录入口,是,,https://www.yixue.com/%E8%8C%B5%E9%99%88%E5%9B%9B%E9%80%86%E6%B1%A4,页面正文命中方名
176,营卫保和丸一,营卫保和丸一,《古方汇精》,专治大麻疯症。；方中元参、熟地滋阴，苍术、苍耳子祛风，苡仁、茯苓利湿，银花、甘草解毒，荆芥散风，共奏祛风解毒、调和营卫之功。,元参、熟地、苍术、苍耳子、苡仁、茯苓、银花、生甘草、荆芥,阴虚风毒；风湿挟毒；风湿毒聚,TCM-SYNDROME-1CA498277C94；TCM-SYNDROME-9788A5D4F66B；TCM-SYNDROME-9478464C4E84,留空,,,主治原文不足以直接绑定受控核心证候；按安全默认留空。,D-证据不足,https://openstd.samr.gov.cn/bzgk/std/newGbInfo?hcno=C71A9DAD24CB1252F12439D1F045DA6A；https://www.samr.gov.cn/bzjss/bzjd/art/2022/art_ae386988ba3a44f387bb5634b5f2aa08.html,待逐方新增原典/权威二级来源后复审,是,不得仅据方名、药味或模型候选强行定证。,,无有效页面（HTTP 404）
177,增补大保红药丹,增补大保红药丹,《验方新编》,治跌打损伤，服各部引药。；方以肉桂温通血脉，木香行气止痛，共奏活血散瘀、理气止痛之功。,肉桂、木香,外伤血瘀；气滞血瘀；血瘀气滞,TCM-SYNDROME-F898822FF2CD；qi_stagnation_blood_stasis；TCM-SYNDROME-0DFC5C558F25,采纳,血瘀气滞,TCM-SYNDROME-0DFC5C558F25,主治跌打损伤，方以活血散瘀、理气止痛，病机兼有血瘀气滞。,A-原清单主治/原典；受控证型归一,https://openstd.samr.gov.cn/bzgk/std/newGbInfo?hcno=C71A9DAD24CB1252F12439D1F045DA6A；https://www.samr.gov.cn/bzjss/bzjd/art/2022/art_ae386988ba3a44f387bb5634b5f2aa08.html,原文直接支持；本轮提供标准与目录入口,是,,,无有效页面（HTTP 404）
178,真人活命饮,真人活命饮,《成方切用》,治一切痈疽肿毒，初起未溃者。；金银花散热解毒为君，花粉清痰降火，白芷除湿祛风，排脓消肿。,金银花、陈皮、当归、防风、白芷、甘草节、贝母、天花粉,湿热火毒壅盛；风火热毒；风热痰毒,TCM-SYNDROME-74B9CBF1DCCF；TCM-SYNDROME-7AC8FAE596FF；TCM-SYNDROME-8F7C33877C3C,采纳,火热邪毒壅盛,TCM-SYNDROME-848FEFF3CCA7,主治一切痈疽肿毒初起，君药金银花散热解毒，核心为热毒壅盛。,A-原清单主治/原典；受控证型归一,https://openstd.samr.gov.cn/bzgk/std/newGbInfo?hcno=C71A9DAD24CB1252F12439D1F045DA6A；https://www.samr.gov.cn/bzjss/bzjd/art/2022/art_ae386988ba3a44f387bb5634b5f2aa08.html,原文直接支持；本轮提供标准与目录入口,是,,,无有效页面（HTTP 404）
179,镇神丹,镇神丹,《惠直堂经验方》,彻夜不眠；补气养血，宁心安神。人参、白术补气，归身、熟地养血，枣仁、茯神安神，麦冬清心。,人参、白术、当归身、酸枣仁、生地黄、茯神、麦冬、熟地黄、陈皮,心气血两虚；心血虚；心气不足,TCM-SYNDROME-F77297BD273F；heart_blood_deficiency；TCM-SYNDROME-BC4439E60A0D,采纳,心气血两虚,TCM-SYNDROME-F77297BD273F,主治彻夜不眠，方中补气养血、宁心安神，证属心气血两虚。,A-原清单主治/原典；受控证型归一,https://openstd.samr.gov.cn/bzgk/std/newGbInfo?hcno=C71A9DAD24CB1252F12439D1F045DA6A；https://www.samr.gov.cn/bzjss/bzjd/art/2022/art_ae386988ba3a44f387bb5634b5f2aa08.html,原文直接支持；本轮提供标准与目录入口,是,,,无有效页面（HTTP 404）
180,栀子甘草豉汤,栀子甘草豉汤,《绛雪园古方选注》,治少气，胸中热郁；栀子豉汤加甘草，治少气，非益中，乃缓热郁；治栀豉汤证中若少气者主之。 栀子（十四枚） 甘草（二两 内台。止用半两） 香豉（四合） 上三味。以水四升。（《长沙方歌括》主治，用于检索召回）,栀子、甘草、香豉,热在气分；气滞热壅；热盛气滞,TCM-SYNDROME-002C311B657B；TCM-SYNDROME-62BAF46EC3EE；TCM-SYNDROME-CD1F92B92322,采纳,热郁胸膈,TCM-SYNDROME-6D06EC6F0835,主治胸中热郁、少气，栀子豉汤加甘草缓热郁，核心为热郁胸膈。,A-原清单主治/原典；受控证型归一,https://openstd.samr.gov.cn/bzgk/std/newGbInfo?hcno=C71A9DAD24CB1252F12439D1F045DA6A；https://www.samr.gov.cn/bzjss/bzjd/art/2022/art_ae386988ba3a44f387bb5634b5f2aa08.html；https://www.yixue.com/%E6%A0%80%E5%AD%90%E7%94%98%E8%8D%89%E8%B1%89%E6%B1%A4,原文直接支持；本轮提供标准与目录入口,是,,https://www.yixue.com/%E6%A0%80%E5%AD%90%E7%94%98%E8%8D%89%E8%B1%89%E6%B1%A4,页面正文命中方名
181,止吐方,止吐方,《大小诸证方论》,小儿恣意饱食，不能消化，久之上冲于胃口而吐。；六君子汤变方，补脾益气，和胃降逆，治小儿食积呕吐。,人参、砂仁、白术、茯苓、陈皮、半夏、干姜,脾胃气虚；胃气上逆；脾气不足,TCM-SYNDROME-0F4FF7849863；TCM-SYNDROME-72F348E2691D；TCM-SYNDROME-ACEECA1E6E00,采纳,胃气上逆；脾胃气虚,TCM-SYNDROME-72F348E2691D；TCM-SYNDROME-0F4FF7849863,“上冲于胃口而吐”示胃气上逆，“补脾益气”示脾胃气虚。,A-原清单主治/原典；受控证型归一,https://openstd.samr.gov.cn/bzgk/std/newGbInfo?hcno=C71A9DAD24CB1252F12439D1F045DA6A；https://www.samr.gov.cn/bzjss/bzjd/art/2022/art_ae386988ba3a44f387bb5634b5f2aa08.html,原文直接支持；本轮提供标准与目录入口,是,,,无有效页面（HTTP 404）
182,枳壳丸,枳壳丸,《惠直堂经验方》,行气消积，以枳壳配巴豆煮透减毒，佐橘红、青皮、木香理气化痰，酒糊丸助药力。,枳壳、橘红、青皮、木香,痰气壅实；气滞痰凝；痰气互结,TCM-SYNDROME-00DFD47644F4；TCM-SYNDROME-904656BCD2AC；TCM-SYNDROME-311EA6F87944,采纳,气滞痰凝,TCM-SYNDROME-904656BCD2AC,主治“理气化痰”，针对气滞与痰凝。,A-原清单主治/原典；受控证型归一,https://openstd.samr.gov.cn/bzgk/std/newGbInfo?hcno=C71A9DAD24CB1252F12439D1F045DA6A；https://www.samr.gov.cn/bzjss/bzjd/art/2022/art_ae386988ba3a44f387bb5634b5f2aa08.html；https://www.yixue.com/%E6%9E%B3%E5%A3%B3%E4%B8%B8,原文直接支持；本轮提供标准与目录入口,是,,https://www.yixue.com/%E6%9E%B3%E5%A3%B3%E4%B8%B8,页面正文命中方名
183,制火润尻散,制火润尻散,《惠直堂经验方》,治尻上锐疽。；金银花、玄参清热解毒，熟地、山萸滋阴，苦参燥湿，白芥子化痰，茯苓利湿，共奏清热润燥、解毒散结之功。,金银花、玄参、苦参、甘草、熟地黄、山茱萸、白芥子、茯苓,湿热伤阴；阴虚湿热；湿热化燥,TCM-SYNDROME-49B341E0C1A1；TCM-SYNDROME-1288F5C4C84E；TCM-SYNDROME-CB8FCE0B844A,采纳,阴虚湿热,TCM-SYNDROME-1288F5C4C84E,治法滋阴清热兼燥湿，示阴虚湿热。,A-原清单主治/原典；受控证型归一,https://openstd.samr.gov.cn/bzgk/std/newGbInfo?hcno=C71A9DAD24CB1252F12439D1F045DA6A；https://www.samr.gov.cn/bzjss/bzjd/art/2022/art_ae386988ba3a44f387bb5634b5f2aa08.html,原文直接支持；本轮提供标准与目录入口,是,,,无有效页面（HTTP 404）
184,治伤寒、温病劳复食复方,治伤寒、温病劳复食复方,《外台》卷二,治大病已瘥，劳复者；枳实栀子汤行气清热，香豉解表，治劳复；加大黄消食导滞,枳实、栀子、香豉,气滞热壅；热炽腑实；热盛气滞,TCM-SYNDROME-62BAF46EC3EE；TCM-SYNDROME-CC794D929268；TCM-SYNDROME-CD1F92B92322,采纳,气滞热壅,TCM-SYNDROME-62BAF46EC3EE,主治“行气清热”，对应气滞与热壅。,A-原清单主治/原典；受控证型归一,https://openstd.samr.gov.cn/bzgk/std/newGbInfo?hcno=C71A9DAD24CB1252F12439D1F045DA6A；https://www.samr.gov.cn/bzjss/bzjd/art/2022/art_ae386988ba3a44f387bb5634b5f2aa08.html,原文直接支持；本轮提供标准与目录入口,是,,,无有效页面（HTTP 404）
185,治瞳人散大方,治瞳人散大方,《验方新编》,瞳人散大；补血养肝，益肾明目，归经肝肾,熟地黄、当归身、白芍、车前子、川芎、菟丝子,肝肾亏虚；肝肾不足；肝血不足,TCM-SYNDROME-D0B79453139B；TCM-SYNDROME-BBA3843C00EB；TCM-SYNDROME-AC7F79A86051,采纳,肝肾不足；肝血不足,TCM-SYNDROME-BBA3843C00EB；TCM-SYNDROME-AC7F79A86051,“补血养肝，益肾”示肝肾不足与肝血不足。,A-原清单主治/原典；受控证型归一,https://openstd.samr.gov.cn/bzgk/std/newGbInfo?hcno=C71A9DAD24CB1252F12439D1F045DA6A；https://www.samr.gov.cn/bzjss/bzjd/art/2022/art_ae386988ba3a44f387bb5634b5f2aa08.html,原文直接支持；本轮提供标准与目录入口,是,,,无有效页面（HTTP 404）
186,治小儿口疳流水口烂神方,治小儿口疳流水口烂神方,《大小诸证方论》,小儿口疳流水口烂；黄柏清热燥湿，人参益气生肌，共奏清热敛疮之效,黄柏、人参,湿热；心脾湿热；湿热上蒸,TCM-SYNDROME-CFEFA693692E；TCM-SYNDROME-9B7FC6986E76；TCM-SYNDROME-AB6647118483,采纳,湿热,TCM-SYNDROME-CFEFA693692E,主治口疳流水口烂，黄柏清热燥湿，明示湿热。,A-原清单主治/原典；受控证型归一,https://openstd.samr.gov.cn/bzgk/std/newGbInfo?hcno=C71A9DAD24CB1252F12439D1F045DA6A；https://www.samr.gov.cn/bzjss/bzjd/art/2022/art_ae386988ba3a44f387bb5634b5f2aa08.html,原文直接支持；本轮提供标准与目录入口,是,,,无有效页面（HTTP 404）
187,治小儿疟疾方,治小儿疟疾方,《大小诸证方论》,小儿疟疾；疏肝健脾，理气化湿，和解截疟。归经：肝、脾、胃经。,柴胡、白术、茯苓、当归、白芍、枳壳、槟榔、厚朴,湿困脾胃；肝脾气滞；气滞湿阻,TCM-SYNDROME-064EF6858A5E；TCM-SYNDROME-3E2CD824EE97；TCM-SYNDROME-E3D326948C7A,采纳,气滞湿阻,TCM-SYNDROME-E3D326948C7A,疏肝理气化湿，属气滞兼湿阻。,A-原清单主治/原典；受控证型归一,https://openstd.samr.gov.cn/bzgk/std/newGbInfo?hcno=C71A9DAD24CB1252F12439D1F045DA6A；https://www.samr.gov.cn/bzjss/bzjd/art/2022/art_ae386988ba3a44f387bb5634b5f2aa08.html,原文直接支持；本轮提供标准与目录入口,是,,,无有效页面（HTTP 404）
188,治胁痛方,治胁痛方,《大小诸证方论》,胁痛，肝病，肾水不足致肝气失养。；平肝补肾，滋水涵木，使肝气得养而胁痛自止。,熟地黄、白芍、当归、白芥子、栀子、山茱萸,肝肾阴虚；肝肾不足；肝肾亏虚,TCM-SYNDROME-E62409E9BC62；TCM-SYNDROME-BBA3843C00EB；TCM-SYNDROME-D0B79453139B,采纳,肝肾阴虚,TCM-SYNDROME-E62409E9BC62,肾水不足致肝失养，滋水涵木，即肝肾阴虚。,A-原清单主治/原典；受控证型归一,https://openstd.samr.gov.cn/bzgk/std/newGbInfo?hcno=C71A9DAD24CB1252F12439D1F045DA6A；https://www.samr.gov.cn/bzjss/bzjd/art/2022/art_ae386988ba3a44f387bb5634b5f2aa08.html,原文直接支持；本轮提供标准与目录入口,是,,,无有效页面（HTTP 404）
189,治胸腹胀满方,治胸腹胀满方,《集验方》,治胸满有气，心腹胀，中冷；温中散寒，降逆消胀。方中半夏、生姜温胃散寒，桂心温通阳气。,半夏、桂心、生姜,胃寒气逆；寒滞胃脘；寒凝气滞,TCM-SYNDROME-8F3CD2D22D9D；TCM-SYNDROME-B9C01D4E485E；TCM-SYNDROME-EA67C0A56D7A,采纳,寒凝气滞,TCM-SYNDROME-EA67C0A56D7A,胸满有气，腹胀，中冷，属寒凝气滞。,A-原清单主治/原典；受控证型归一,https://openstd.samr.gov.cn/bzgk/std/newGbInfo?hcno=C71A9DAD24CB1252F12439D1F045DA6A；https://www.samr.gov.cn/bzjss/bzjd/art/2022/art_ae386988ba3a44f387bb5634b5f2aa08.html,原文直接支持；本轮提供标准与目录入口,是,,,无有效页面（HTTP 404）
190,治虚症大便不通方,治虚症大便不通方,《大小诸证方论》,凡久病之后，大便秘者；补虚通便，归经肝肾大肠,熟地黄、玄参、当归、川芎、火麻仁、大黄,肝肾两虚；肝肾亏虚；大肠虚,TCM-SYNDROME-739213847DCB；TCM-SYNDROME-D0B79453139B；TCM-SYNDROME-00DA0057ACFC,留空,,,主治原文不足以直接绑定受控核心证候；按安全默认留空。,D-证据不足,https://openstd.samr.gov.cn/bzgk/std/newGbInfo?hcno=C71A9DAD24CB1252F12439D1F045DA6A；https://www.samr.gov.cn/bzjss/bzjd/art/2022/art_ae386988ba3a44f387bb5634b5f2aa08.html,待逐方新增原典/权威二级来源后复审,是,不得仅据方名、药味或模型候选强行定证。,,无有效页面（HTTP 404）
191,治迎风下泪方,治迎风下泪方,《验方新编》,治迎风下泪；疏风清热，养血明目。归经：肝、肺、肾。,防风、荆芥、决明子、蔓荆子、当归身、菊花、蕤仁、车前子、牡丹皮、白芍、甘草、生姜,肝经风热犯目；肝经风热；肝肺风热,TCM-SYNDROME-627FC8C554FD；TCM-SYNDROME-FE3E17588BC6；TCM-SYNDROME-DB1ECF49F3CC,留空,,,主治原文不足以直接绑定受控核心证候；按安全默认留空。,D-证据不足,https://openstd.samr.gov.cn/bzgk/std/newGbInfo?hcno=C71A9DAD24CB1252F12439D1F045DA6A；https://www.samr.gov.cn/bzjss/bzjd/art/2022/art_ae386988ba3a44f387bb5634b5f2aa08.html,待逐方新增原典/权威二级来源后复审,是,不得仅据方名、药味或模型候选强行定证。,,无有效页面（HTTP 404）
192,治痈疽方,治痈疽方,《集验方》,治痈疮，脓血不止，疮中空虚，疼痛。；方用防风、远志、当归等补气活血，排脓内托，归经于肺、脾、心。,防风、远志、当归、黄芪、白芷、甘草、桔梗、通草、厚朴、人参、桂心、附子、赤小豆、川芎,气血两虚；气虚血瘀；心脾气血两虚,qi_blood_deficiency；TCM-SYNDROME-C3FAB62E2CDB；TCM-SYNDROME-6E2A619818FE,采纳,气血两虚,qi_blood_deficiency,主治脓血不止，疮中空虚，用补气活血内托，主为气血两虚。,A-原清单主治/原典；受控证型归一,https://openstd.samr.gov.cn/bzgk/std/newGbInfo?hcno=C71A9DAD24CB1252F12439D1F045DA6A；https://www.samr.gov.cn/bzjss/bzjd/art/2022/art_ae386988ba3a44f387bb5634b5f2aa08.html,原文直接支持；本轮提供标准与目录入口,是,,,无有效页面（HTTP 404）
193,治诸痛方,治诸痛方,《大小诸证方论》,手痛、足痛、心腹痛……，一身而众处皆痛；舒肝去湿去火，治一经而诸经奏功，逍遥散之变化,柴胡、陈皮、栀子、白芍、薏苡仁、茯苓、当归,肝火湿热；肝脾湿火；肝火,TCM-SYNDROME-675593AB1394；TCM-SYNDROME-385A1BB23DCE；TCM-SYNDROME-A4E8212A15E6,采纳,肝火湿热,TCM-SYNDROME-675593AB1394,一身众痛，舒肝去湿去火，证属肝火湿热。,A-原清单主治/原典；受控证型归一,https://openstd.samr.gov.cn/bzgk/std/newGbInfo?hcno=C71A9DAD24CB1252F12439D1F045DA6A；https://www.samr.gov.cn/bzjss/bzjd/art/2022/art_ae386988ba3a44f387bb5634b5f2aa08.html,原文直接支持；本轮提供标准与目录入口,是,,,无有效页面（HTTP 404）
194,中风方,中风方,《惠直堂经验方》,治口噤痰厥。不省人事。；辰砂镇心安神，白矾化痰开窍，猪胆引药入经，共奏开窍醒神之功。,朱砂、白矾,痰迷心窍；痰蒙心窍；痰闭心窍,TCM-SYNDROME-5845113DEF18；TCM-SYNDROME-AC0AE7741CCC；TCM-SYNDROME-108CE42831A7,采纳,痰迷心窍,TCM-SYNDROME-5845113DEF18,口噤痰厥，不省人事，化痰开窍，属痰迷心窍。,A-原清单主治/原典；受控证型归一,https://openstd.samr.gov.cn/bzgk/std/newGbInfo?hcno=C71A9DAD24CB1252F12439D1F045DA6A；https://www.samr.gov.cn/bzjss/bzjd/art/2022/art_ae386988ba3a44f387bb5634b5f2aa08.html,原文直接支持；本轮提供标准与目录入口,是,,,无有效页面（HTTP 404）
195,猪脊汤,猪脊汤,《三因极一病证方论》,治三消渴疾。；方用大枣、莲肉补脾养心，木香行气，甘草和中，猪脊骨滋阴，共治三消。,大枣、莲子、木香、甘草,心脾气血两虚；心气阴两虚；脾胃气阴两虚,TCM-SYNDROME-6E2A619818FE；TCM-SYNDROME-584AD047B186；TCM-SYNDROME-85438B49A505,留空,,,主治原文不足以直接绑定受控核心证候；按安全默认留空。,D-证据不足,https://openstd.samr.gov.cn/bzgk/std/newGbInfo?hcno=C71A9DAD24CB1252F12439D1F045DA6A；https://www.samr.gov.cn/bzjss/bzjd/art/2022/art_ae386988ba3a44f387bb5634b5f2aa08.html,待逐方新增原典/权威二级来源后复审,是,不得仅据方名、药味或模型候选强行定证。,,无有效页面（HTTP 404）
196,紫霞丹,紫霞丹,《古方汇精》,治产后血晕惊风。一切危症。；补血活血，祛瘀止血，温经散寒，主治产后危症。；产后血晕惊风，一切危症。,熟地黄、川芎、当归、荆芥、炮姜、丹参、桃仁,寒凝血瘀；寒凝血虚；血瘀风燥,cold_congealing_blood_stasis；TCM-SYNDROME-CF70F7F53666；TCM-SYNDROME-E31EC384AE03,留空,,,主治原文不足以直接绑定受控核心证候；按安全默认留空。,D-证据不足,https://openstd.samr.gov.cn/bzgk/std/newGbInfo?hcno=C71A9DAD24CB1252F12439D1F045DA6A；https://www.samr.gov.cn/bzjss/bzjd/art/2022/art_ae386988ba3a44f387bb5634b5f2aa08.html；https://www.yixue.com/%E7%B4%AB%E9%9C%9E%E4%B8%B9,待逐方新增原典/权威二级来源后复审,是,不得仅据方名、药味或模型候选强行定证。,https://www.yixue.com/%E7%B4%AB%E9%9C%9E%E4%B8%B9,页面正文命中方名
197,拔疔除根方,拔疔除根方,《验方新编》,疔疮，疮根不拔，久不收功；蓖麻子拔毒，乳香活血，共奏拔疔除根之效,蓖麻子、乳香,外伤血瘀；气滞血瘀,TCM-SYNDROME-F898822FF2CD；qi_stagnation_blood_stasis,留空,,,主治原文不足以直接绑定受控核心证候；按安全默认留空。,D-证据不足,https://openstd.samr.gov.cn/bzgk/std/newGbInfo?hcno=C71A9DAD24CB1252F12439D1F045DA6A；https://www.samr.gov.cn/bzjss/bzjd/art/2022/art_ae386988ba3a44f387bb5634b5f2aa08.html；https://www.yixue.com/%E6%8B%94%E7%96%94%E9%99%A4%E6%A0%B9%E6%96%B9,待逐方新增原典/权威二级来源后复审,是,不得仅据方名、药味或模型候选强行定证。,https://www.yixue.com/%E6%8B%94%E7%96%94%E9%99%A4%E6%A0%B9%E6%96%B9,页面正文命中方名
198,百子附归丸,百子附归丸,《大小诸证方论》,调经养血，安胎顺气。不问胎前产后、经事参差、有余不足诸证，悉皆治之，殊益胎嗣。；方中阿胶、艾叶养血安胎，四物汤调经，香附理气，共奏调经养血、安胎顺气之功。,阿胶、艾叶、当归、川芎、熟地黄、香附、白芍药,气血两虚；气血亏虚,qi_blood_deficiency；TCM-SYNDROME-3AAD68D5C9BF,留空,,,主治原文不足以直接绑定受控核心证候；按安全默认留空。,D-证据不足,https://openstd.samr.gov.cn/bzgk/std/newGbInfo?hcno=C71A9DAD24CB1252F12439D1F045DA6A；https://www.samr.gov.cn/bzjss/bzjd/art/2022/art_ae386988ba3a44f387bb5634b5f2aa08.html；https://www.yixue.com/%E7%99%BE%E5%AD%90%E9%99%84%E5%BD%92%E4%B8%B8,待逐方新增原典/权威二级来源后复审,是,不得仅据方名、药味或模型候选强行定证。,https://www.yixue.com/%E7%99%BE%E5%AD%90%E9%99%84%E5%BD%92%E4%B8%B8,页面正文命中方名
199,斑龙丸,斑龙丸,《医方集解》,治虚损，理百病，驻颜益寿。；手足少阴药。鹿角胶霜、菟丝、熟地补肾精；柏子仁养心；补气血，益精髓。；鹿角、菟丝阴中之阳，地黄阴中之阴，补肾不偏不倚。,鹿角胶、鹿角霜、菟丝子、柏子仁、熟地黄,心肾阴阳两虚；心肾两虚,TCM-SYNDROME-9ACA010C2BD2；TCM-SYNDROME-C3FA5AEFA03C,采纳,心肾阴阳两虚,TCM-SYNDROME-9ACA010C2BD2,主治明言“手足少阴药”，且鹿角、菟丝阴中之阳，地黄阴中之阴，共补肾精养心，阴阳并补。,A-原清单主治/原典；受控证型归一,https://openstd.samr.gov.cn/bzgk/std/newGbInfo?hcno=C71A9DAD24CB1252F12439D1F045DA6A；https://www.samr.gov.cn/bzjss/bzjd/art/2022/art_ae386988ba3a44f387bb5634b5f2aa08.html；https://www.yixue.com/%E6%96%91%E9%BE%99%E4%B8%B8,原文直接支持；本轮提供标准与目录入口,是,,https://www.yixue.com/%E6%96%91%E9%BE%99%E4%B8%B8,页面正文命中方名
200,保安煎,保安煎,《古方汇精》,妇人难产，横生逆产，六七日不下，或婴儿已死腹中，命在垂危；补血活血，行气催产，兼安胎，归芎芍养血，朴艾理气，菟丝固胎,当归、川芎、厚朴、蕲艾、菟丝子、川贝母、白芍,气滞血瘀；气血两虚,qi_stagnation_blood_stasis；qi_blood_deficiency,采纳,气血两虚；气滞血瘀,qi_blood_deficiency；qi_stagnation_blood_stasis,主治难产，方用归芎芍养血，朴艾理气，补血活血行气，直指气血两虚兼气滞血瘀之机。,A-原清单主治/原典；受控证型归一,https://openstd.samr.gov.cn/bzgk/std/newGbInfo?hcno=C71A9DAD24CB1252F12439D1F045DA6A；https://www.samr.gov.cn/bzjss/bzjd/art/2022/art_ae386988ba3a44f387bb5634b5f2aa08.html,原文直接支持；本轮提供标准与目录入口,是,,,无有效页面（HTTP 404）
201,苍术白虎汤,苍术白虎汤,《医方简义》,治暑厥症。亦治中恶。；苍术燥湿，石膏清热，知母滋阴，甘草和中，共奏清暑化湿之功。,苍术、石膏、知母、甘草,暑湿热蕴；暑湿热郁,TCM-SYNDROME-A2C5576EFDA6；TCM-SYNDROME-7152830F6342,采纳,暑湿热蕴,TCM-SYNDROME-A2C5576EFDA6,主治暑厥、中恶，方中苍术燥湿、石膏清热，提示暑热夹湿。,A-原清单主治/原典；受控证型归一,https://openstd.samr.gov.cn/bzgk/std/newGbInfo?hcno=C71A9DAD24CB1252F12439D1F045DA6A；https://www.samr.gov.cn/bzjss/bzjd/art/2022/art_ae386988ba3a44f387bb5634b5f2aa08.html；https://www.yixue.com/%E8%8B%8D%E6%9C%AF%E7%99%BD%E8%99%8E%E6%B1%A4,原文直接支持；本轮提供标准与目录入口,是,,https://www.yixue.com/%E8%8B%8D%E6%9C%AF%E7%99%BD%E8%99%8E%E6%B1%A4,页面正文命中方名
202,柴胡梅连散,柴胡梅连散,《瑞竹堂经验方》,治骨蒸劳，久而不痊，三服除根，其效如神。及五劳七伤、虚弱，并皆治之。；方中柴胡、前胡疏解郁热，胡黄连清骨蒸，乌梅敛阴，合猪胆、脊髓等滋阴降火，治虚劳骨蒸。,胡黄连、柴胡、前胡、乌梅,阴虚火旺；肾阴虚火旺,yin_deficiency_fire；TCM-SYNDROME-C590B2C00B3B,采纳,阴虚火旺,yin_deficiency_fire,主治骨蒸劳，久不痊，方中胡黄连清骨蒸、猪脊髓等滋阴降火。,A-原清单主治/原典；受控证型归一,https://openstd.samr.gov.cn/bzgk/std/newGbInfo?hcno=C71A9DAD24CB1252F12439D1F045DA6A；https://www.samr.gov.cn/bzjss/bzjd/art/2022/art_ae386988ba3a44f387bb5634b5f2aa08.html；https://www.yixue.com/%E6%9F%B4%E8%83%A1%E6%A2%85%E8%BF%9E%E6%95%A3,原文直接支持；本轮提供标准与目录入口,是,,https://www.yixue.com/%E6%9F%B4%E8%83%A1%E6%A2%85%E8%BF%9E%E6%95%A3,页面正文命中方名
203,大小肠痈极验方,大小肠痈极验方,《验方新编》,大小肠痈，火邪甚急，需内消。；金银花败毒补阴，重用则效；地榆凉血，甘草解毒，当归活血，苡仁排脓。,地榆、生甘草、金银花、当归、苡仁,火毒伤阴；火毒犯阴,TCM-SYNDROME-D7F108D3A271；TCM-SYNDROME-BE2981FD9D60,留空,,,主治原文不足以直接绑定受控核心证候；按安全默认留空。,D-证据不足,https://openstd.samr.gov.cn/bzgk/std/newGbInfo?hcno=C71A9DAD24CB1252F12439D1F045DA6A；https://www.samr.gov.cn/bzjss/bzjd/art/2022/art_ae386988ba3a44f387bb5634b5f2aa08.html,待逐方新增原典/权威二级来源后复审,是,不得仅据方名、药味或模型候选强行定证。,,无有效页面（HTTP 404）
204,调经方,调经方,《惠直堂经验方》,调经种子，安胎；香附理气调经，归身养血，川芎活血，益母草调经，共奏调经种子安胎之功,香附、当归身、川芎,气血失调；气滞血瘀,TCM-SYNDROME-4FD46B37E9BB；qi_stagnation_blood_stasis,留空,,,主治原文不足以直接绑定受控核心证候；按安全默认留空。,D-证据不足,https://openstd.samr.gov.cn/bzgk/std/newGbInfo?hcno=C71A9DAD24CB1252F12439D1F045DA6A；https://www.samr.gov.cn/bzjss/bzjd/art/2022/art_ae386988ba3a44f387bb5634b5f2aa08.html,待逐方新增原典/权威二级来源后复审,是,不得仅据方名、药味或模型候选强行定证。,,无有效页面（HTTP 404）
205,丁香柿蒂竹茹汤,丁香柿蒂竹茹汤,《医方考》,大病后，中焦气塞，下焦呃逆。；丁香、陈皮辛温理中焦痞塞；竹茹、柿蒂苦寒疗下焦呃逆。,丁香、柿蒂、竹茹、陈皮,上寒下热；寒凝气滞,TCM-SYNDROME-F5BF1711E0C6；TCM-SYNDROME-EA67C0A56D7A,采纳,上寒下热,TCM-SYNDROME-F5BF1711E0C6,中焦气塞用丁香辛温，下焦呃逆用竹茹苦寒，示中寒下热。,A-原清单主治/原典；受控证型归一,https://openstd.samr.gov.cn/bzgk/std/newGbInfo?hcno=C71A9DAD24CB1252F12439D1F045DA6A；https://www.samr.gov.cn/bzjss/bzjd/art/2022/art_ae386988ba3a44f387bb5634b5f2aa08.html；https://www.yixue.com/%E4%B8%81%E9%A6%99%E6%9F%BF%E8%92%82%E7%AB%B9%E8%8C%B9%E6%B1%A4,原文直接支持；本轮提供标准与目录入口,是,,https://www.yixue.com/%E4%B8%81%E9%A6%99%E6%9F%BF%E8%92%82%E7%AB%B9%E8%8C%B9%E6%B1%A4,页面正文命中方名
206,肚腹水泻方,肚腹水泻方,《验方新编》,肚腹水泻；方以茯苓、厚朴、陈皮理气化湿，枳壳、葛根升清，木瓜、石榴皮涩肠止泻，红枣、煨姜和中。,茯苓、厚朴、陈皮、枳壳、葛根、木瓜、石榴皮、红枣、生姜,气滞湿阻；湿阻气滞,TCM-SYNDROME-E3D326948C7A；TCM-SYNDROME-7DFA9F18F05B,留空,,,主治原文不足以直接绑定受控核心证候；按安全默认留空。,D-证据不足,https://openstd.samr.gov.cn/bzgk/std/newGbInfo?hcno=C71A9DAD24CB1252F12439D1F045DA6A；https://www.samr.gov.cn/bzjss/bzjd/art/2022/art_ae386988ba3a44f387bb5634b5f2aa08.html,待逐方新增原典/权威二级来源后复审,是,不得仅据方名、药味或模型候选强行定证。,,无有效页面（HTTP 404）
207,飞虎散,飞虎散,《瑞竹堂经验方》,专治偏正头风。；散风清热，通络止痛。白芷、川芎、防风等祛风，石膏清热，薄荷、荆芥穗疏风。,白附子、白芷、荆芥穗、石膏、薄荷叶、天麻、川芎、防风,风热上犯；风热,TCM-SYNDROME-8F6819CF761F；TCM-SYNDROME-E4B6DC219EA9,留空,,,主治原文不足以直接绑定受控核心证候；按安全默认留空。,D-证据不足,https://openstd.samr.gov.cn/bzgk/std/newGbInfo?hcno=C71A9DAD24CB1252F12439D1F045DA6A；https://www.samr.gov.cn/bzjss/bzjd/art/2022/art_ae386988ba3a44f387bb5634b5f2aa08.html；https://www.yixue.com/%E9%A3%9E%E8%99%8E%E6%95%A3,待逐方新增原典/权威二级来源后复审,是,不得仅据方名、药味或模型候选强行定证。,https://www.yixue.com/%E9%A3%9E%E8%99%8E%E6%95%A3,页面正文命中方名
208,福神丹,福神丹,《三因极一病证方论》,未明确记载，推测用于利水消肿等（原文无主治）；方中诃子、巴戟温肾，牵牛、赤小豆利水，甘草调和，共奏温阳利水之功。,诃子、巴戟天、牵牛子、甘草、赤小豆,肾阳虚水泛；肾阳虚,TCM-SYNDROME-7DBEC456218D；kidney_yang_deficiency,留空,,,主治原文不足以直接绑定受控核心证候；按安全默认留空。,D-证据不足,https://openstd.samr.gov.cn/bzgk/std/newGbInfo?hcno=C71A9DAD24CB1252F12439D1F045DA6A；https://www.samr.gov.cn/bzjss/bzjd/art/2022/art_ae386988ba3a44f387bb5634b5f2aa08.html；https://www.yixue.com/%E7%A6%8F%E7%A5%9E%E4%B8%B9,待逐方新增原典/权威二级来源后复审,是,不得仅据方名、药味或模型候选强行定证。,https://www.yixue.com/%E7%A6%8F%E7%A5%9E%E4%B8%B9,页面正文命中方名
209,甘露散,甘露散,《瑞竹堂经验方》,服如意之后，便服此药即补，能分阴阳，大有效验。；分阴阳，补虚利水，调和脾胃。,滑石、泽泻、甘草、人参、茯苓、白术、猪苓,脾胃气虚；脾胃虚,TCM-SYNDROME-0F4FF7849863；TCM-SYNDROME-819FA92ABFAB,留空,,,主治原文不足以直接绑定受控核心证候；按安全默认留空。,D-证据不足,https://openstd.samr.gov.cn/bzgk/std/newGbInfo?hcno=C71A9DAD24CB1252F12439D1F045DA6A；https://www.samr.gov.cn/bzjss/bzjd/art/2022/art_ae386988ba3a44f387bb5634b5f2aa08.html；https://www.yixue.com/%E7%94%98%E9%9C%B2%E6%95%A3,待逐方新增原典/权威二级来源后复审,是,不得仅据方名、药味或模型候选强行定证。,https://www.yixue.com/%E7%94%98%E9%9C%B2%E6%95%A3,页面正文命中方名
210,甘遂半夏汤,甘遂半夏汤,《绛雪园古方选注》,逐留饮弥漫于肠胃之间，虽利而续坚满；甘遂反甘草，以白芍约之，白蜜润之，激而行之，去留着之根,甘遂、半夏、芍药、甘草,寒饮停胃；痰饮停胃,TCM-SYNDROME-F5CF809543E4；TCM-SYNDROME-713828ECBED5,采纳,痰饮停胃,TCM-SYNDROME-713828ECBED5,主治明言“逐留饮弥漫于肠胃之间”,A-原清单主治/原典；受控证型归一,https://openstd.samr.gov.cn/bzgk/std/newGbInfo?hcno=C71A9DAD24CB1252F12439D1F045DA6A；https://www.samr.gov.cn/bzjss/bzjd/art/2022/art_ae386988ba3a44f387bb5634b5f2aa08.html；https://www.yixue.com/%E7%94%98%E9%81%82%E5%8D%8A%E5%A4%8F%E6%B1%A4,原文直接支持；本轮提供标准与目录入口,是,,https://www.yixue.com/%E7%94%98%E9%81%82%E5%8D%8A%E5%A4%8F%E6%B1%A4,页面正文命中方名
211,膏药方,膏药方,《验方新编》,治背发见奇功第一良方，治诸疮毒，俱皆效验。；方以生地凉血滋阴，黄芩清热燥湿，甘草解毒和中，郁金活血行气，共奏解毒消肿之功。,生地黄、黄芩、甘草、郁金,血热挟湿；湿浊热毒入营血,TCM-SYNDROME-F4F87C37417F；TCM-SYNDROME-9AFC32B512A0,留空,,,主治原文不足以直接绑定受控核心证候；按安全默认留空。,D-证据不足,https://openstd.samr.gov.cn/bzgk/std/newGbInfo?hcno=C71A9DAD24CB1252F12439D1F045DA6A；https://www.samr.gov.cn/bzjss/bzjd/art/2022/art_ae386988ba3a44f387bb5634b5f2aa08.html,待逐方新增原典/权威二级来源后复审,是,不得仅据方名、药味或模型候选强行定证。,,无有效页面（HTTP 404）
212,钩藤饮十,钩藤饮十,《古方汇精》,治小儿脏寒夜啼。阴极发燥。；钩藤、茯神、茯苓宁心安神，当归、川芎养血，木香温中，甘草调和，姜枣和营卫。,钩藤、茯神、茯苓、当归、川芎、木香、甘草,心寒；心中寒,TCM-SYNDROME-F6C24D5D70A5；TCM-SYNDROME-AB4D5D32D1DD,留空,,,主治原文不足以直接绑定受控核心证候；按安全默认留空。,D-证据不足,https://openstd.samr.gov.cn/bzgk/std/newGbInfo?hcno=C71A9DAD24CB1252F12439D1F045DA6A；https://www.samr.gov.cn/bzjss/bzjd/art/2022/art_ae386988ba3a44f387bb5634b5f2aa08.html,待逐方新增原典/权威二级来源后复审,是,不得仅据方名、药味或模型候选强行定证。,,无有效页面（HTTP 404）
213,固元饮,固元饮,《古方汇精》,治妊娠三月后，胎动下血，或因倾跌欲堕。；补肝肾，固胎元，兼活血止血。归经：肝、肾、脾。；妊娠3月后，胎动下血，或因倾跌欲坠胎者。,生地黄、川芎、当归身、川续断、茯苓、白芍、杜仲、丹参、白术、甘草,肝肾不足；肝虚血瘀,TCM-SYNDROME-BBA3843C00EB；TCM-SYNDROME-AA2E37AE745F,采纳,肝肾不足,TCM-SYNDROME-BBA3843C00EB,主治“胎动下血，或因倾跌欲堕”直接对应补肝肾、固胎元治法，核心在肝肾不足、胎元不固。,A-原清单主治/原典；受控证型归一,https://openstd.samr.gov.cn/bzgk/std/newGbInfo?hcno=C71A9DAD24CB1252F12439D1F045DA6A；https://www.samr.gov.cn/bzjss/bzjd/art/2022/art_ae386988ba3a44f387bb5634b5f2aa08.html；https://www.yixue.com/%E5%9B%BA%E5%85%83%E9%A5%AE,原文直接支持；本轮提供标准与目录入口,是,,https://www.yixue.com/%E5%9B%BA%E5%85%83%E9%A5%AE,页面正文命中方名
214,桂姜汤,桂姜汤,《三因极一病证方论》,治牝疟，寒多微热，或但寒不热。；方中柴胡、黄芩和解少阳，桂心、干姜温阳散寒，牡蛎软坚，栝蒌根生津，甘草调和。,柴胡、肉桂、黄芩、牡蛎、甘草、干姜、栝蒌根,寒热错杂；寒凝阳虚,TCM-SYNDROME-BBEC651B5E26；TCM-SYNDROME-A882856779F6,采纳,寒凝阳虚,TCM-SYNDROME-A882856779F6,主治“寒多微热，或但寒不热”紧扣牝疟阳虚寒凝的本证。,A-原清单主治/原典；受控证型归一,https://openstd.samr.gov.cn/bzgk/std/newGbInfo?hcno=C71A9DAD24CB1252F12439D1F045DA6A；https://www.samr.gov.cn/bzjss/bzjd/art/2022/art_ae386988ba3a44f387bb5634b5f2aa08.html；https://www.yixue.com/%E6%A1%82%E5%A7%9C%E6%B1%A4,原文直接支持；本轮提供标准与目录入口,是,,https://www.yixue.com/%E6%A1%82%E5%A7%9C%E6%B1%A4,页面正文命中方名
215,海浮散,海浮散,《验方新编》,腐肉自去，新肉自生，外科回生保命之灵丹。毒净则收口，毒不尽则提脓外出。；乳香、没药活血散瘀，消肿生肌，外用提脓去腐，促进愈合。,乳香、没药,瘀血内停；瘀血阻滞,TCM-SYNDROME-80BD97F83189；TCM-SYNDROME-9F0DD3371EB8,采纳,瘀血阻滞,TCM-SYNDROME-9F0DD3371EB8,“腐肉自去，新肉自生”需活血散瘀，核心证候为瘀血阻滞肌表。,A-原清单主治/原典；受控证型归一,https://openstd.samr.gov.cn/bzgk/std/newGbInfo?hcno=C71A9DAD24CB1252F12439D1F045DA6A；https://www.samr.gov.cn/bzjss/bzjd/art/2022/art_ae386988ba3a44f387bb5634b5f2aa08.html；https://www.yixue.com/%E6%B5%B7%E6%B5%AE%E6%95%A3,原文直接支持；本轮提供标准与目录入口,是,,https://www.yixue.com/%E6%B5%B7%E6%B5%AE%E6%95%A3,页面正文命中方名
216,黄六一汤,黄六一汤,《医方考》,虚脱已后盗汗者；大补气而汗自止，阴生于阳，无形化有形。,黄芪、甘草,元气亏虚；气阴两虚,TCM-SYNDROME-254781E767D4；TCM-SYNDROME-64D396EDCE1F,采纳,元气亏虚,TCM-SYNDROME-254781E767D4,主治“虚脱已后盗汗”，以大补气止汗，体现元气亏虚不固。,A-原清单主治/原典；受控证型归一,https://openstd.samr.gov.cn/bzgk/std/newGbInfo?hcno=C71A9DAD24CB1252F12439D1F045DA6A；https://www.samr.gov.cn/bzjss/bzjd/art/2022/art_ae386988ba3a44f387bb5634b5f2aa08.html,原文直接支持；本轮提供标准与目录入口,是,,,无有效页面（HTTP 404）
217,回毒即消丹,回毒即消丹,《大小诸证方论》,回毒即消，一剂消大半，二剂痊愈。；金银花解毒，人参补气，元参清热，甘草和中，共奏解毒消丹之功。,金银花、甘草、人参、元参,气虚余热；余热未清,TCM-SYNDROME-2E7C031ADFBF；TCM-SYNDROME-4BAC470BBE59,留空,,,主治原文不足以直接绑定受控核心证候；按安全默认留空。,D-证据不足,https://openstd.samr.gov.cn/bzgk/std/newGbInfo?hcno=C71A9DAD24CB1252F12439D1F045DA6A；https://www.samr.gov.cn/bzjss/bzjd/art/2022/art_ae386988ba3a44f387bb5634b5f2aa08.html；https://www.yixue.com/%E5%9B%9E%E6%AF%92%E5%8D%B3%E6%B6%88%E4%B8%B9,待逐方新增原典/权威二级来源后复审,是,不得仅据方名、药味或模型候选强行定证。,https://www.yixue.com/%E5%9B%9E%E6%AF%92%E5%8D%B3%E6%B6%88%E4%B8%B9,页面正文命中方名
218,藿香汤,藿香汤,《三因极一病证方论》,心下虚满，饮食不入，时时呕吐，短气；或大病将理不复，胃气无以养，日渐羸弱。；方中藿香、木香、桂心温中行气，人参、白术、茯苓健脾益气，桔梗、枇杷叶、半夏降逆止呕，共奏温中补虚、降逆和胃之功。,藿香、人参、肉桂、桔梗、木香、白术、茯苓、枇杷叶、半夏,脾胃气虚；胃虚气滞,TCM-SYNDROME-0F4FF7849863；TCM-SYNDROME-7D0A5E9D1BF7,采纳,胃虚气滞,TCM-SYNDROME-7D0A5E9D1BF7,主治“心下虚满，饮食不入，时时呕吐，短气”，病机为胃气虚兼气滞。,A-原清单主治/原典；受控证型归一,https://openstd.samr.gov.cn/bzgk/std/newGbInfo?hcno=C71A9DAD24CB1252F12439D1F045DA6A；https://www.samr.gov.cn/bzjss/bzjd/art/2022/art_ae386988ba3a44f387bb5634b5f2aa08.html；https://www.yixue.com/%E8%97%BF%E9%A6%99%E6%B1%A4,原文直接支持；本轮提供标准与目录入口,是,,https://www.yixue.com/%E8%97%BF%E9%A6%99%E6%B1%A4,页面正文命中方名
219,加味葛根汤,加味葛根汤,《成方切用》,小儿发热，看有痘情（耳冷，指冷，脚冷，眼如含水，懒于言笑），至见点。；升麻葛根汤加味，解肌透疹，兼理气活血，引热下行。,升麻、葛根、前胡、桔梗、山楂、青皮、木通、荆芥、抚芎、甘草、灯心,气滞血瘀；气滞热壅,qi_stagnation_blood_stasis；TCM-SYNDROME-62BAF46EC3EE,留空,,,主治原文不足以直接绑定受控核心证候；按安全默认留空。,D-证据不足,https://openstd.samr.gov.cn/bzgk/std/newGbInfo?hcno=C71A9DAD24CB1252F12439D1F045DA6A；https://www.samr.gov.cn/bzjss/bzjd/art/2022/art_ae386988ba3a44f387bb5634b5f2aa08.html；https://www.yixue.com/%E5%8A%A0%E5%91%B3%E8%91%9B%E6%A0%B9%E6%B1%A4,待逐方新增原典/权威二级来源后复审,是,不得仅据方名、药味或模型候选强行定证。,https://www.yixue.com/%E5%8A%A0%E5%91%B3%E8%91%9B%E6%A0%B9%E6%B1%A4,页面正文命中方名
220,老人中蛇蛊方,老人中蛇蛊方,《验方新编》,老人中蛇蛊，血气既衰，不可全用峻利之品与大寒凉之药，故斟酌平和之剂。；方用百合、苏子等平和之品，兼顾气血，避免峻利寒凉，适合老人中蛊。,百合、苏子、薄荷、当归、茯苓、白芷、白芍、麦冬、连翘,气血两虚；气血亏虚,qi_blood_deficiency；TCM-SYNDROME-3AAD68D5C9BF,采纳,气血亏虚,TCM-SYNDROME-3AAD68D5C9BF,主治直言老人“血气既衰”，以此为基础择平和剂，属气血亏虚。,A-原清单主治/原典；受控证型归一,https://openstd.samr.gov.cn/bzgk/std/newGbInfo?hcno=C71A9DAD24CB1252F12439D1F045DA6A；https://www.samr.gov.cn/bzjss/bzjd/art/2022/art_ae386988ba3a44f387bb5634b5f2aa08.html,原文直接支持；本轮提供标准与目录入口,是,,,无有效页面（HTTP 404）
221,麦门冬煎,麦门冬煎,《三因极一病证方论》,治诸渴。；益气养阴，补脾固肾，兼温阳化饮，主治诸渴。,麦门冬、人参、黄芪、白茯苓、山茱萸、山药、桂心、黑豆,气阴两虚；脾肾阳虚水停,TCM-SYNDROME-64D396EDCE1F；TCM-SYNDROME-30D3125AFC13,留空,,,主治原文不足以直接绑定受控核心证候；按安全默认留空。,D-证据不足,https://openstd.samr.gov.cn/bzgk/std/newGbInfo?hcno=C71A9DAD24CB1252F12439D1F045DA6A；https://www.samr.gov.cn/bzjss/bzjd/art/2022/art_ae386988ba3a44f387bb5634b5f2aa08.html；https://www.yixue.com/%E9%BA%A6%E9%97%A8%E5%86%AC%E7%85%8E,待逐方新增原典/权威二级来源后复审,是,不得仅据方名、药味或模型候选强行定证。,https://www.yixue.com/%E9%BA%A6%E9%97%A8%E5%86%AC%E7%85%8E,页面正文命中方名
222,麦汤散,麦汤散,《瑞竹堂经验方》,治水痘；方用地骨皮、麻黄、甘草、人参、滑石、大黄，治水痘，表里双解，清热利湿。,地骨皮、麻黄、甘草、人参、滑石、大黄,湿热；湿热内蕴,TCM-SYNDROME-CFEFA693692E；TCM-SYNDROME-B2E08C04E2E2,采纳,湿热内蕴,TCM-SYNDROME-B2E08C04E2E2,治水痘，方用清热利湿、表里双解，符合湿热内蕴病机。,A-原清单主治/原典；受控证型归一,https://openstd.samr.gov.cn/bzgk/std/newGbInfo?hcno=C71A9DAD24CB1252F12439D1F045DA6A；https://www.samr.gov.cn/bzjss/bzjd/art/2022/art_ae386988ba3a44f387bb5634b5f2aa08.html,原文直接支持；本轮提供标准与目录入口,是,,,无有效页面（HTTP 404）
223,秘元煎,秘元煎,《成方切用》,治遗精，带浊等证，此方专主心脾。；专主心脾，固涩止遗，补气安神。,金樱子、酸枣仁、芡实、山药、白术、茯神、人参,心脾气虚；心脾两虚,TCM-SYNDROME-369A4AB40786；heart_spleen_deficiency,采纳,心脾两虚,heart_spleen_deficiency,主治遗精带浊，原文明确“专主心脾”，证属心脾两虚。,A-原清单主治/原典；受控证型归一,https://openstd.samr.gov.cn/bzgk/std/newGbInfo?hcno=C71A9DAD24CB1252F12439D1F045DA6A；https://www.samr.gov.cn/bzjss/bzjd/art/2022/art_ae386988ba3a44f387bb5634b5f2aa08.html；https://www.yixue.com/%E7%A7%98%E5%85%83%E7%85%8E,原文直接支持；本轮提供标准与目录入口,是,,https://www.yixue.com/%E7%A7%98%E5%85%83%E7%85%8E,页面正文命中方名
224,牛膝汤,牛膝汤,《三因极一病证方论》,治产儿已出，胞衣不下，脐腹坚，胀急痛甚；及子死腹中，不得出。；方用牛膝、瞿麦、滑石、当归、木通、葵子，活血利水，通胞衣，归经肝肾膀胱。,牛膝、瞿麦、滑石、当归、木通、葵子,下焦蓄血；肝血瘀阻,TCM-SYNDROME-F2311322F959；TCM-SYNDROME-BBD3280551C6,采纳,下焦蓄血,TCM-SYNDROME-F2311322F959,胞衣不下，脐腹坚胀急痛，属瘀血阻滞下焦之证。,A-原清单主治/原典；受控证型归一,https://openstd.samr.gov.cn/bzgk/std/newGbInfo?hcno=C71A9DAD24CB1252F12439D1F045DA6A；https://www.samr.gov.cn/bzjss/bzjd/art/2022/art_ae386988ba3a44f387bb5634b5f2aa08.html；https://www.yixue.com/%E7%89%9B%E8%86%9D%E6%B1%A4,原文直接支持；本轮提供标准与目录入口,是,,https://www.yixue.com/%E7%89%9B%E8%86%9D%E6%B1%A4,页面正文命中方名
225,普救散,普救散,《洪氏集验方》,治四时伤寒、浑身发热、四肢疼痛、头重眼疼，不问阴阳二证，并皆治之。；苍术燥湿健脾，葛根解肌退热，甘草调和诸药，共奏解表散寒、清热除湿之功。；四时伤寒，浑身发热，四肢疼痛，头重眼疼，不问阴阳二证。,苍术、葛根、甘草,寒湿化热；寒湿,TCM-SYNDROME-24874154AD02；TCM-SYNDROME-1F5A809D649C,采纳,寒湿化热,TCM-SYNDROME-24874154AD02,治四时伤寒，症见发热疼痛头重，方兼解表散寒与清热除湿，为寒湿化热。,A-原清单主治/原典；受控证型归一,https://openstd.samr.gov.cn/bzgk/std/newGbInfo?hcno=C71A9DAD24CB1252F12439D1F045DA6A；https://www.samr.gov.cn/bzjss/bzjd/art/2022/art_ae386988ba3a44f387bb5634b5f2aa08.html；https://www.yixue.com/%E6%99%AE%E6%95%91%E6%95%A3,原文直接支持；本轮提供标准与目录入口,是,,https://www.yixue.com/%E6%99%AE%E6%95%91%E6%95%A3,页面正文命中方名
226,乳吹乳岩方,乳吹乳岩方,《惠直堂经验方》,乳吹、乳岩；方以栝蒌化痰散结，甘草、当归养血活血，乳香、没药活血止痛，酒煎助药力，共奏散结消岩之功。,栝蒌、甘草、当归、乳香、没药,痰结血瘀；血瘀痰滞,TCM-SYNDROME-29C372D08055；TCM-SYNDROME-F2D7D7730696,采纳,痰结血瘀,TCM-SYNDROME-29C372D08055,主治乳吹乳岩，方中化痰散结与养血活血并施，针对痰瘀互结。,A-原清单主治/原典；受控证型归一,https://openstd.samr.gov.cn/bzgk/std/newGbInfo?hcno=C71A9DAD24CB1252F12439D1F045DA6A；https://www.samr.gov.cn/bzjss/bzjd/art/2022/art_ae386988ba3a44f387bb5634b5f2aa08.html,原文直接支持；本轮提供标准与目录入口,是,,,无有效页面（HTTP 404）
227,乳癖乳岩方,乳癖乳岩方,《惠直堂经验方》,乳癖、乳岩；蒲公英、金银花、夏枯草清热解毒散结，土贝母化痰消肿，白酒助药力。,蒲公英、金银花、夏枯草、土贝母,痰热蕴结；痰热,TCM-SYNDROME-16B338B903A0；TCM-SYNDROME-AB90372F519A,采纳,痰热蕴结,TCM-SYNDROME-16B338B903A0,主治乳癖乳岩，多用清热解毒散结、化痰消肿之品，符合痰热蕴结。,A-原清单主治/原典；受控证型归一,https://openstd.samr.gov.cn/bzgk/std/newGbInfo?hcno=C71A9DAD24CB1252F12439D1F045DA6A；https://www.samr.gov.cn/bzjss/bzjd/art/2022/art_ae386988ba3a44f387bb5634b5f2aa08.html,原文直接支持；本轮提供标准与目录入口,是,,,无有效页面（HTTP 404）
228,神功沃雪汤,神功沃雪汤,《验方新编》,治一切无名肿毒；当归活血，白芷消肿，夏枯草散结，僵蚕化痰，酒煎助药力，主治无名肿毒。,当归、白芷、夏枯草、僵蚕,痰结血瘀；血瘀痰滞,TCM-SYNDROME-29C372D08055；TCM-SYNDROME-F2D7D7730696,采纳,痰结血瘀,TCM-SYNDROME-29C372D08055,主治无名肿毒，以活血、消肿、散结、化痰药组成，体现痰瘀同治。,A-原清单主治/原典；受控证型归一,https://openstd.samr.gov.cn/bzgk/std/newGbInfo?hcno=C71A9DAD24CB1252F12439D1F045DA6A；https://www.samr.gov.cn/bzjss/bzjd/art/2022/art_ae386988ba3a44f387bb5634b5f2aa08.html,原文直接支持；本轮提供标准与目录入口,是,,,无有效页面（HTTP 404）
229,神仙附益丸,神仙附益丸,《大小诸证方论》,妇人百病，生育之功如神。胎前产后俱服。；香附理气调经，益母草活血利水，二药合用，气血双调，为妇人常用却病之方。,香附、益母草,气滞血瘀；气血失调,qi_stagnation_blood_stasis；TCM-SYNDROME-4FD46B37E9BB,采纳,气血失调,TCM-SYNDROME-4FD46B37E9BB,主治妇人百病、胎前产后，香附理气、益母草活血，明言气血双调。,A-原清单主治/原典；受控证型归一,https://openstd.samr.gov.cn/bzgk/std/newGbInfo?hcno=C71A9DAD24CB1252F12439D1F045DA6A；https://www.samr.gov.cn/bzjss/bzjd/art/2022/art_ae386988ba3a44f387bb5634b5f2aa08.html,原文直接支持；本轮提供标准与目录入口,是,,,无有效页面（HTTP 404）
230,神效万金丹,神效万金丹,《瑞竹堂经验方》,治小儿慢惊风、急惊风，十无一失。；朱砂安神定惊，轻粉攻毒劫痰，虫汁引药入络，共奏息风止痉之功。,朱砂、轻粉,痰热动风；痰火动风,TCM-SYNDROME-F92A542211B8；TCM-SYNDROME-013202A92D6D,采纳,痰热动风,TCM-SYNDROME-F92A542211B8,主治急慢惊风，轻粉劫痰攻毒、朱砂安神定惊，共奏息风止痉，针对痰热动风。,A-原清单主治/原典；受控证型归一,https://openstd.samr.gov.cn/bzgk/std/newGbInfo?hcno=C71A9DAD24CB1252F12439D1F045DA6A；https://www.samr.gov.cn/bzjss/bzjd/art/2022/art_ae386988ba3a44f387bb5634b5f2aa08.html,原文直接支持；本轮提供标准与目录入口,是,,,无有效页面（HTTP 404）
231,神验保产无忧散,神验保产无忧散,《医方简义》,妊妇九个月外，未临盆时，预服可免一切产难之虞；补气血、安胎、祛风，预防难产,当归、川贝母、白芍、黄芪、菟丝子、川芎、羌活,气血两虚动风；气血两虚,TCM-SYNDROME-6A3F837B46E1；qi_blood_deficiency,留空,,,主治原文不足以直接绑定受控核心证候；按安全默认留空。,D-证据不足,https://openstd.samr.gov.cn/bzgk/std/newGbInfo?hcno=C71A9DAD24CB1252F12439D1F045DA6A；https://www.samr.gov.cn/bzjss/bzjd/art/2022/art_ae386988ba3a44f387bb5634b5f2aa08.html,待逐方新增原典/权威二级来源后复审,是,不得仅据方名、药味或模型候选强行定证。,,无有效页面（HTTP 404）
232,肾着汤,肾着汤,《金匮》,伤湿身重，腹痛腰冷，不渴，小便自利，饮食如故，病属下焦；《宣明》用治胞痹，膀胱热痛，涩于小便，上为清涕；足太阴、太阳药。干姜辛热燥湿，白术苦温胜湿，茯苓甘淡渗湿，甘草和中补土，益土制水；治身重，腰冷痹，如坐水中，形如水状，反不渴，小便自利，食饮如故，病属下焦，以身劳汗出，衣里冷湿，久而得之，腰以下冷痛，腰重如带五贯钱。,干姜、茯苓、甘草、白术,太阴寒湿；湿困脾阳,TCM-SYNDROME-B7E530399DD5；TCM-SYNDROME-B5AA06997313,采纳,寒湿,TCM-SYNDROME-1F5A809D649C,原文“腰冷痛，身重如带五贯钱”，显属寒湿着于下焦,A-原清单主治/原典；受控证型归一,https://openstd.samr.gov.cn/bzgk/std/newGbInfo?hcno=C71A9DAD24CB1252F12439D1F045DA6A；https://www.samr.gov.cn/bzjss/bzjd/art/2022/art_ae386988ba3a44f387bb5634b5f2aa08.html；https://www.yixue.com/%E8%82%BE%E7%9D%80%E6%B1%A4,原文直接支持；本轮提供标准与目录入口,是,,https://www.yixue.com/%E8%82%BE%E7%9D%80%E6%B1%A4,页面正文命中方名
233,升阳散火汤,升阳散火汤,《医方考》,过食冷物，抑遏少阳之火，郁于脾部者。；辛温升少阳，酸甘泻土补中，升阳散火，治脾郁。,升麻、葛根、独活、羌活、人参、白芍、柴胡、防风、生甘草、炙甘草,阴火乘脾；脾虚火旺,TCM-SYNDROME-B1BBC470A6EE；TCM-SYNDROME-467DADB8BDFB,留空,,,主治原文不足以直接绑定受控核心证候；按安全默认留空。,D-证据不足,https://openstd.samr.gov.cn/bzgk/std/newGbInfo?hcno=C71A9DAD24CB1252F12439D1F045DA6A；https://www.samr.gov.cn/bzjss/bzjd/art/2022/art_ae386988ba3a44f387bb5634b5f2aa08.html；https://www.yixue.com/%E5%8D%87%E9%98%B3%E6%95%A3%E7%81%AB%E6%B1%A4,待逐方新增原典/权威二级来源后复审,是,不得仅据方名、药味或模型候选强行定证。,https://www.yixue.com/%E5%8D%87%E9%98%B3%E6%95%A3%E7%81%AB%E6%B1%A4,页面正文命中方名
234,生化汤论附方,生化汤论附方,《验方新编》,产后诸证，气血骤下，元气大亏，恶露停滞，晕厥、汗、崩等。；芎、归、桃仁温中行血，去旧生新；炙黑干姜、炙草引药入肺肝，行中有补，化中有生。,当归、川芎、干姜、桃仁、甘草,气虚血瘀；气血两虚,TCM-SYNDROME-C3FAB62E2CDB；qi_blood_deficiency,采纳,气虚血瘀,TCM-SYNDROME-C3FAB62E2CDB,原文明示“元气大亏，恶露停滞”，气血骤下而瘀,A-原清单主治/原典；受控证型归一,https://openstd.samr.gov.cn/bzgk/std/newGbInfo?hcno=C71A9DAD24CB1252F12439D1F045DA6A；https://www.samr.gov.cn/bzjss/bzjd/art/2022/art_ae386988ba3a44f387bb5634b5f2aa08.html,原文直接支持；本轮提供标准与目录入口,是,,,无有效页面（HTTP 404）
235,疏风利阴煎,疏风利阴煎,《古方汇精》,治产妇中风。不省人事。口吐涎沫。手足螈 。；归身养血，荆芥穗疏风，酒童便引经，共奏疏风利阴、开窍醒神之功。,当归身、荆芥穗,血虚动风；阴虚动风,TCM-SYNDROME-5C0AC255F0D0；TCM-SYNDROME-64B394A234B3,采纳,血虚动风,TCM-SYNDROME-5C0AC255F0D0,治“产妇中风”抽搐，方用“归身养血，荆芥穗疏风”,A-原清单主治/原典；受控证型归一,https://openstd.samr.gov.cn/bzgk/std/newGbInfo?hcno=C71A9DAD24CB1252F12439D1F045DA6A；https://www.samr.gov.cn/bzjss/bzjd/art/2022/art_ae386988ba3a44f387bb5634b5f2aa08.html,原文直接支持；本轮提供标准与目录入口,是,,,无有效页面（HTTP 404）
236,陶真君心痛方,陶真君心痛方,《惠直堂经验方》,心痛，失饥伤饱成病，每痛则吐酸水；胡椒温中散寒，大枣补脾和营，共奏温中止痛之功；陈曲消食化积，酒下助行药力,胡椒、大枣,寒凝心脉；心中寒,TCM-SYNDROME-F75B65A01AE8；TCM-SYNDROME-AB4D5D32D1DD,留空,,,主治原文不足以直接绑定受控核心证候；按安全默认留空。,D-证据不足,https://openstd.samr.gov.cn/bzgk/std/newGbInfo?hcno=C71A9DAD24CB1252F12439D1F045DA6A；https://www.samr.gov.cn/bzjss/bzjd/art/2022/art_ae386988ba3a44f387bb5634b5f2aa08.html,待逐方新增原典/权威二级来源后复审,是,不得仅据方名、药味或模型候选强行定证。,,无有效页面（HTTP 404）
237,通脉散,通脉散,《验方新编》,治血衰无乳或乳少。；补气血通乳，归经在脾胃肝。,黄芪、当归、白芷,肝脾气血两虚；气血两虚,TCM-SYNDROME-00C438EB6F14；qi_blood_deficiency,采纳,气血两虚,qi_blood_deficiency,主治明言“血衰无乳”，补气血通乳，属气血两虚。,A-原清单主治/原典；受控证型归一,https://openstd.samr.gov.cn/bzgk/std/newGbInfo?hcno=C71A9DAD24CB1252F12439D1F045DA6A；https://www.samr.gov.cn/bzjss/bzjd/art/2022/art_ae386988ba3a44f387bb5634b5f2aa08.html,原文直接支持；本轮提供标准与目录入口,是,,,无有效页面（HTTP 404）
238,通血散,通血散,《仙传外科集验方》,肉伤无血，打扑遍身赤肿，大小便不通；大黄泻下通瘀，当归活血止痛，苏木、枳壳行气散肿，引药下行。；肉伤无出血者，及打扑遍身赤肿，大小便不通。,大黄、当归,外伤血瘀；气滞血瘀,TCM-SYNDROME-F898822FF2CD；qi_stagnation_blood_stasis,采纳,气滞血瘀,qi_stagnation_blood_stasis,“肉伤无血，遍身赤肿，大小便不通”，瘀血内停，气机阻滞。,A-原清单主治/原典；受控证型归一,https://openstd.samr.gov.cn/bzgk/std/newGbInfo?hcno=C71A9DAD24CB1252F12439D1F045DA6A；https://www.samr.gov.cn/bzjss/bzjd/art/2022/art_ae386988ba3a44f387bb5634b5f2aa08.html,原文直接支持；本轮提供标准与目录入口,是,,,无有效页面（HTTP 404）
239,杏参散,杏参散,《三因极一病证方论》,治上气喘满，倚息不能卧。；杏仁、桃仁降气止咳，桑白皮泻肺平喘，人参益气固本，共奏降气平喘、补虚之功。,杏仁、桃仁、桑白皮、人参,肺气虚；肺肾气虚,lung_qi_deficiency；TCM-SYNDROME-F0DAF48543ED,采纳,肺气虚,lung_qi_deficiency,“上气喘满，倚息不能卧”，人参益气，属肺气虚而气逆。,A-原清单主治/原典；受控证型归一,https://openstd.samr.gov.cn/bzgk/std/newGbInfo?hcno=C71A9DAD24CB1252F12439D1F045DA6A；https://www.samr.gov.cn/bzjss/bzjd/art/2022/art_ae386988ba3a44f387bb5634b5f2aa08.html；https://www.yixue.com/%E6%9D%8F%E5%8F%82%E6%95%A3,原文直接支持；本轮提供标准与目录入口,是,,https://www.yixue.com/%E6%9D%8F%E5%8F%82%E6%95%A3,页面正文命中方名
240,雄黄兑散,雄黄兑散,《三因极一病证方论》,治下部疮。；方用雄黄解毒，青葙子、苦参、黄连清热燥湿，桃仁活血，共治下部疮。,雄黄、青葙子、苦参、黄连、桃仁,湿热下注；下焦湿热,TCM-SYNDROME-C94E52ED40D3；TCM-SYNDROME-18B07642641D,采纳,湿热下注,TCM-SYNDROME-C94E52ED40D3,治“下部疮”，苦参、黄连清热燥湿，病机为湿热下注。,A-原清单主治/原典；受控证型归一,https://openstd.samr.gov.cn/bzgk/std/newGbInfo?hcno=C71A9DAD24CB1252F12439D1F045DA6A；https://www.samr.gov.cn/bzjss/bzjd/art/2022/art_ae386988ba3a44f387bb5634b5f2aa08.html,原文直接支持；本轮提供标准与目录入口,是,,,无有效页面（HTTP 404）
241,血余丸,血余丸,《惠直堂经验方》,治便血。并一切血症。；血余炭止血，阿胶养血滋阴，蜜丸缓补，主治便血及血症。,血余、阿胶,阴血亏虚；血虚阴亏,TCM-SYNDROME-097B99D0C841；TCM-SYNDROME-58BD704355CB,留空,,,主治原文不足以直接绑定受控核心证候；按安全默认留空。,D-证据不足,https://openstd.samr.gov.cn/bzgk/std/newGbInfo?hcno=C71A9DAD24CB1252F12439D1F045DA6A；https://www.samr.gov.cn/bzjss/bzjd/art/2022/art_ae386988ba3a44f387bb5634b5f2aa08.html,待逐方新增原典/权威二级来源后复审,是,不得仅据方名、药味或模型候选强行定证。,,无有效页面（HTTP 404）
242,牙痛煎方,牙痛煎方,《惠直堂经验方》,牙痛，根据牙位不同加减用药。；方以甘草、防风、青皮、荆芥、丹皮、生地、升麻为主，疏风清热凉血，随牙位归经加减。,甘草、防风、青皮、荆芥、丹皮、生地、升麻,血热风盛；血热动风,TCM-SYNDROME-FD7C5C16ACEA；TCM-SYNDROME-528A18A430ED,采纳,血热风盛,TCM-SYNDROME-FD7C5C16ACEA,原文'疏风清热凉血'，风热与血热并见,A-原清单主治/原典；受控证型归一,https://openstd.samr.gov.cn/bzgk/std/newGbInfo?hcno=C71A9DAD24CB1252F12439D1F045DA6A；https://www.samr.gov.cn/bzjss/bzjd/art/2022/art_ae386988ba3a44f387bb5634b5f2aa08.html,原文直接支持；本轮提供标准与目录入口,是,,,无有效页面（HTTP 404）
243,阳症吐血方,阳症吐血方,《大小诸证方论》,凡人感暑伤气，忽然吐血盈盆，阳症吐血。；补正多于解暑，解暑与补气养血并用，治阳症吐血。,石膏、青蒿、香薷、荆芥、当归、人参,气不摄血；气血两虚,TCM-SYNDROME-C1348758E444；qi_blood_deficiency,采纳,气不摄血,TCM-SYNDROME-C1348758E444,感暑伤气、吐血，补气以摄血,A-原清单主治/原典；受控证型归一,https://openstd.samr.gov.cn/bzgk/std/newGbInfo?hcno=C71A9DAD24CB1252F12439D1F045DA6A；https://www.samr.gov.cn/bzjss/bzjd/art/2022/art_ae386988ba3a44f387bb5634b5f2aa08.html,原文直接支持；本轮提供标准与目录入口,是,,,无有效页面（HTTP 404）
244,遗精矣而又健忘方,遗精矣而又健忘方,《大小诸证方论》,遗精，下病也；健忘，上病也。此症遗精，是肾水之虚；而实本是君火之弱。；补心君以固肾关，心火旺则玉关自闭，水火既济。,人参、莲须、芡实、熟地黄、五味子、山药、柏子仁,心肾两虚；心肾气阴两虚,TCM-SYNDROME-C3FA5AEFA03C；TCM-SYNDROME-64741BDF4B52,采纳,心肾两虚,TCM-SYNDROME-C3FA5AEFA03C,遗精因肾水虚，健忘因君火弱,A-原清单主治/原典；受控证型归一,https://openstd.samr.gov.cn/bzgk/std/newGbInfo?hcno=C71A9DAD24CB1252F12439D1F045DA6A；https://www.samr.gov.cn/bzjss/bzjd/art/2022/art_ae386988ba3a44f387bb5634b5f2aa08.html,原文直接支持；本轮提供标准与目录入口,是,,,无有效页面（HTTP 404）
245,又补录定胎方,又补录定胎方,《大小诸证方论》,经行过期色淡；补血调经，理气暖宫，归芎芍地养血，香附陈皮理气，吴萸温经散寒。,当归身、陈皮、川芎、白芍、熟地黄、香附、吴茱萸、茯苓,寒凝气滞；寒凝血虚,TCM-SYNDROME-EA67C0A56D7A；TCM-SYNDROME-CF70F7F53666,采纳,寒凝血虚,TCM-SYNDROME-CF70F7F53666,经行过期色淡血虚，吴萸温经散寒,A-原清单主治/原典；受控证型归一,https://openstd.samr.gov.cn/bzgk/std/newGbInfo?hcno=C71A9DAD24CB1252F12439D1F045DA6A；https://www.samr.gov.cn/bzjss/bzjd/art/2022/art_ae386988ba3a44f387bb5634b5f2aa08.html,原文直接支持；本轮提供标准与目录入口,是,,,无有效页面（HTTP 404）
246,遇仙丹,遇仙丹,《三因极一病证方论》,方用人参补气，紫参、苦参清热燥湿，白僵蚕祛风散结，共奏祛风清热、益气散结之功。,人参、紫参、苦参、白僵蚕,风热夹湿；风湿热,TCM-SYNDROME-4ED46BF1E62D；TCM-SYNDROME-A0F9FCE51BD6,采纳,风湿热,TCM-SYNDROME-A0F9FCE51BD6,方中“清热燥湿”“祛风”并见，病机为风湿热邪侵袭,A-原清单主治/原典；受控证型归一,https://openstd.samr.gov.cn/bzgk/std/newGbInfo?hcno=C71A9DAD24CB1252F12439D1F045DA6A；https://www.samr.gov.cn/bzjss/bzjd/art/2022/art_ae386988ba3a44f387bb5634b5f2aa08.html；https://www.yixue.com/%E9%81%87%E4%BB%99%E4%B8%B9,原文直接支持；本轮提供标准与目录入口,是,,https://www.yixue.com/%E9%81%87%E4%BB%99%E4%B8%B9,页面正文命中方名
247,栀子汤,栀子汤,《三因极一病证方论》,治胸痞切痛方。；栀子清热除烦，附子温阳散寒，薤白通阳散结，共治胸痞切痛。,栀子、附子,上热下寒；寒热错杂,TCM-SYNDROME-FD9812B9BA81；TCM-SYNDROME-BBEC651B5E26,采纳,寒热错杂,TCM-SYNDROME-BBEC651B5E26,栀子清热，附子温阳，寒热并用治胸痞切痛,A-原清单主治/原典；受控证型归一,https://openstd.samr.gov.cn/bzgk/std/newGbInfo?hcno=C71A9DAD24CB1252F12439D1F045DA6A；https://www.samr.gov.cn/bzjss/bzjd/art/2022/art_ae386988ba3a44f387bb5634b5f2aa08.html；https://www.yixue.com/%E6%A0%80%E5%AD%90%E6%B1%A4,原文直接支持；本轮提供标准与目录入口,是,,https://www.yixue.com/%E6%A0%80%E5%AD%90%E6%B1%A4,页面正文命中方名
248,治急心疼方,治急心疼方,《瑞竹堂经验方》,急心疼；斑蝥辛热有毒，胡椒温中散寒，炒后去斑蝥取胡椒，以温通止痛，归心胃经。,斑蝥、胡椒,寒凝心脉；寒邪犯胃,TCM-SYNDROME-F75B65A01AE8；TCM-SYNDROME-2A363D51ACD4,采纳,寒凝心脉,TCM-SYNDROME-F75B65A01AE8,胡椒温中散寒，温通止痛，治急心疼,A-原清单主治/原典；受控证型归一,https://openstd.samr.gov.cn/bzgk/std/newGbInfo?hcno=C71A9DAD24CB1252F12439D1F045DA6A；https://www.samr.gov.cn/bzjss/bzjd/art/2022/art_ae386988ba3a44f387bb5634b5f2aa08.html,原文直接支持；本轮提供标准与目录入口,是,,,无有效页面（HTTP 404）
249,治腿麻木沉重方,治腿麻木沉重方,《大小诸证方论》,治腿麻木沉重；补气升阳，行气活血，治腿麻木沉重。,黄芪、甘草、青皮、升麻、柴胡、五味子、当归,气虚血瘀；气滞血瘀,TCM-SYNDROME-C3FAB62E2CDB；qi_stagnation_blood_stasis,采纳,气虚血瘀,TCM-SYNDROME-C3FAB62E2CDB,补气升阳、行气活血治麻木沉重，气虚血瘀,A-原清单主治/原典；受控证型归一,https://openstd.samr.gov.cn/bzgk/std/newGbInfo?hcno=C71A9DAD24CB1252F12439D1F045DA6A；https://www.samr.gov.cn/bzjss/bzjd/art/2022/art_ae386988ba3a44f387bb5634b5f2aa08.html,原文直接支持；本轮提供标准与目录入口,是,,,无有效页面（HTTP 404）
250,滋补丸,滋补丸,《瑞竹堂经验方》,治下元虚弱。；补益下元，气血双补。白芍、当归养血，人参、茯苓益气，阿胶滋阴，地黄补肾。,白芍药、人参、白茯苓、阿胶、当归、地黄,肾气虚；气血两虚,TCM-SYNDROME-B7B9EF78361F；qi_blood_deficiency,采纳,肾气虚；气血两虚,TCM-SYNDROME-B7B9EF78361F；qi_blood_deficiency,治下元虚弱，补益下元且气血双补，用地黄补肾,A-原清单主治/原典；受控证型归一,https://openstd.samr.gov.cn/bzgk/std/newGbInfo?hcno=C71A9DAD24CB1252F12439D1F045DA6A；https://www.samr.gov.cn/bzjss/bzjd/art/2022/art_ae386988ba3a44f387bb5634b5f2aa08.html,原文直接支持；本轮提供标准与目录入口,是,,,无有效页面（HTTP 404）
251,《千金》内补散,《千金》内补散,《三因极一病证方论》,治痈疽发背，恶肌不尽。服此消肌生肉。；补气血、托毒排脓，归经心、脾、肺。,当归、肉桂、人参、川芎、厚朴、防风、甘草、白芷、桔梗,心脾气血两虚,TCM-SYNDROME-6E2A619818FE,留空,,,主治原文不足以直接绑定受控核心证候；按安全默认留空。,D-证据不足,https://openstd.samr.gov.cn/bzgk/std/newGbInfo?hcno=C71A9DAD24CB1252F12439D1F045DA6A；https://www.samr.gov.cn/bzjss/bzjd/art/2022/art_ae386988ba3a44f387bb5634b5f2aa08.html,待逐方新增原典/权威二级来源后复审,是,不得仅据方名、药味或模型候选强行定证。,,无有效页面（HTTP 404）
252,艾煎茯苓散,艾煎茯苓散,《医方考》,别处无汗，独心孔一片有汗者。；茯苓甘淡养心渗湿，艾叶香涩利气固津，治心火蒸湿所致心孔汗出。；别处无汗，独心孔1片有汗者。,艾叶、茯苓,心火炽盛,heart_fire_hyperactivity,留空,,,主治原文不足以直接绑定受控核心证候；按安全默认留空。,D-证据不足,https://openstd.samr.gov.cn/bzgk/std/newGbInfo?hcno=C71A9DAD24CB1252F12439D1F045DA6A；https://www.samr.gov.cn/bzjss/bzjd/art/2022/art_ae386988ba3a44f387bb5634b5f2aa08.html；https://www.yixue.com/%E8%89%BE%E7%85%8E%E8%8C%AF%E8%8B%93%E6%95%A3,待逐方新增原典/权威二级来源后复审,是,不得仅据方名、药味或模型候选强行定证。,https://www.yixue.com/%E8%89%BE%E7%85%8E%E8%8C%AF%E8%8B%93%E6%95%A3,页面正文命中方名
253,安神丸,安神丸,《医方考》,忧愁思虑伤心，心伤则苦惊喜忘，夜不能寐。；黄连泻心火，朱砂镇惊，生地凉心，当归养血，炙甘草益脾，使子不食气于母。,黄连、朱砂、当归、生地黄、炙甘草,心火炽盛,heart_fire_hyperactivity,采纳,心火上炎,TCM-SYNDROME-0D6D95356B5D,主治用黄连泻心火，治惊喜忘不寐，心火内扰主证明确。,A-原清单主治/原典；受控证型归一,https://openstd.samr.gov.cn/bzgk/std/newGbInfo?hcno=C71A9DAD24CB1252F12439D1F045DA6A；https://www.samr.gov.cn/bzjss/bzjd/art/2022/art_ae386988ba3a44f387bb5634b5f2aa08.html；https://www.yixue.com/%E5%AE%89%E7%A5%9E%E4%B8%B8,原文直接支持；本轮提供标准与目录入口,是,,https://www.yixue.com/%E5%AE%89%E7%A5%9E%E4%B8%B8,页面正文命中方名
254,保产无忧方,保产无忧方,《惠直堂经验方》,难产横生，胎动不安等症；方中归芎养血活血，厚朴行气，白芍柔肝，川贝润肺，共奏安胎催产之效。,当归身、川芎、厚朴、白芍、川贝母,气血失调,TCM-SYNDROME-4FD46B37E9BB,留空,,,主治原文不足以直接绑定受控核心证候；按安全默认留空。,D-证据不足,https://openstd.samr.gov.cn/bzgk/std/newGbInfo?hcno=C71A9DAD24CB1252F12439D1F045DA6A；https://www.samr.gov.cn/bzjss/bzjd/art/2022/art_ae386988ba3a44f387bb5634b5f2aa08.html,待逐方新增原典/权威二级来源后复审,是,不得仅据方名、药味或模型候选强行定证。,,无有效页面（HTTP 404）
255,不止麒麟散,不止麒麟散,《仙传外科集验方》,治痈疽恶疮，生肌后行房事，用力劳动、努复出血不止。；方中血竭活血止血，槟榔、白芨收敛生肌，黄连、黄柏清热燥湿，诃子固涩止血，共奏止血敛疮之效。,血竭、槟榔、白芨、黄连、黄柏、诃子,湿热动血,TCM-SYNDROME-7E3406FDC9A5,采纳,湿热动血,TCM-SYNDROME-7E3406FDC9A5,主治用黄连黄柏清热燥湿以止血，针对湿热所致出血。,A-原清单主治/原典；受控证型归一,https://openstd.samr.gov.cn/bzgk/std/newGbInfo?hcno=C71A9DAD24CB1252F12439D1F045DA6A；https://www.samr.gov.cn/bzjss/bzjd/art/2022/art_ae386988ba3a44f387bb5634b5f2aa08.html,原文直接支持；本轮提供标准与目录入口,是,,,无有效页面（HTTP 404）
256,柴胡去半夏加栝蒌汤,柴胡去半夏加栝蒌汤,《绛雪园古方选注》,正疟，寒热相间，邪发于少阳。；方从柴胡汤去半夏加栝蒌根，治疟邪久伏少阳，清热生津。,柴胡、人参、黄芩、甘草、栝蒌根、生姜、大枣,寒热错杂,TCM-SYNDROME-BBEC651B5E26,留空,,,主治原文不足以直接绑定受控核心证候；按安全默认留空。,D-证据不足,https://openstd.samr.gov.cn/bzgk/std/newGbInfo?hcno=C71A9DAD24CB1252F12439D1F045DA6A；https://www.samr.gov.cn/bzjss/bzjd/art/2022/art_ae386988ba3a44f387bb5634b5f2aa08.html,待逐方新增原典/权威二级来源后复审,是,不得仅据方名、药味或模型候选强行定证。,,无有效页面（HTTP 404）
257,产妇气喘腹痛方,产妇气喘腹痛方,《大小诸证方论》,产妇气喘腹痛，少阴受寒，真阳逼越于上焦，上假热而下真寒。；方用人参、白术补气，麦冬润肺，肉桂、吴茱萸温肾散寒，引火归元。,人参、麦冬、白术、肉桂、吴茱萸,上热下寒,TCM-SYNDROME-FD9812B9BA81,采纳,真寒假热,TCM-SYNDROME-A423F97E94A8,主治“上假热而下真寒”,A-原清单主治/原典；受控证型归一,https://openstd.samr.gov.cn/bzgk/std/newGbInfo?hcno=C71A9DAD24CB1252F12439D1F045DA6A；https://www.samr.gov.cn/bzjss/bzjd/art/2022/art_ae386988ba3a44f387bb5634b5f2aa08.html,原文直接支持；本轮提供标准与目录入口,是,,,无有效页面（HTTP 404）
258,冲和灵宝饮,冲和灵宝饮,《医方简义》,治阴阳两感。（不拘太阳少阳阳明太阴少阴厥阴等症）；方用防风、白芷散表，柴胡、细辛和解，生地养阴，甘草和中，兼顾阴阳两感。,甘草、防风、生地黄、柴胡、细辛、白芷,太阳少阴两感,TCM-SYNDROME-A211439638F5,留空,,,主治原文不足以直接绑定受控核心证候；按安全默认留空。,D-证据不足,https://openstd.samr.gov.cn/bzgk/std/newGbInfo?hcno=C71A9DAD24CB1252F12439D1F045DA6A；https://www.samr.gov.cn/bzjss/bzjd/art/2022/art_ae386988ba3a44f387bb5634b5f2aa08.html；https://www.yixue.com/%E5%86%B2%E5%92%8C%E7%81%B5%E5%AE%9D%E9%A5%AE,待逐方新增原典/权威二级来源后复审,是,不得仅据方名、药味或模型候选强行定证。,https://www.yixue.com/%E5%86%B2%E5%92%8C%E7%81%B5%E5%AE%9D%E9%A5%AE,页面正文命中方名
259,春雪膏,春雪膏,《惠直堂经验方》,治一切肿毒。未成即消，已成粘贴能止痛，又能使皮薄易溃，呼脓收口。专治一切，无论已破未破，俱有奇效。；白胶香活血止痛，蓖麻子消肿拔毒，外用贴敷，共奏消肿止痛、溃脓收口之功。,白胶香、蓖麻子,气滞血瘀,qi_stagnation_blood_stasis,留空,,,主治原文不足以直接绑定受控核心证候；按安全默认留空。,D-证据不足,https://openstd.samr.gov.cn/bzgk/std/newGbInfo?hcno=C71A9DAD24CB1252F12439D1F045DA6A；https://www.samr.gov.cn/bzjss/bzjd/art/2022/art_ae386988ba3a44f387bb5634b5f2aa08.html；https://www.yixue.com/%E6%98%A5%E9%9B%AA%E8%86%8F,待逐方新增原典/权威二级来源后复审,是,不得仅据方名、药味或模型候选强行定证。,https://www.yixue.com/%E6%98%A5%E9%9B%AA%E8%86%8F,页面正文命中方名
260,淳于丸,淳于丸,《惠直堂经验方》,方用大黄泻热通腑，白芍养血缓急，车前子利水，萝卜子降气，共奏攻积导滞之功。,大黄、白芍、车前子、萝卜子,气分湿热,TCM-SYNDROME-F7B5F1CE424D,留空,,,主治原文不足以直接绑定受控核心证候；按安全默认留空。,D-证据不足,https://openstd.samr.gov.cn/bzgk/std/newGbInfo?hcno=C71A9DAD24CB1252F12439D1F045DA6A；https://www.samr.gov.cn/bzjss/bzjd/art/2022/art_ae386988ba3a44f387bb5634b5f2aa08.html；https://www.yixue.com/%E6%B7%B3%E4%BA%8E%E4%B8%B8,待逐方新增原典/权威二级来源后复审,是,不得仅据方名、药味或模型候选强行定证。,https://www.yixue.com/%E6%B7%B3%E4%BA%8E%E4%B8%B8,页面正文命中方名
261,大黄甘遂汤,大黄甘遂汤,《三因极一病证方论》,治妇人小腹满，如敦状，小便微难而不渴，产后者，为水与血并结在血室也。；方中大黄逐瘀，甘遂逐水，阿胶养血，共治水血互结血室。；治妇人少腹满如敦状。小便微难而不渴。此为水与血俱结在血室也。此汤主之 大黄（四两。（《金匮方歌括》主治，用于检索召回）,大黄、甘遂、阿胶,少腹血瘀,TCM-SYNDROME-C155285CAB7E,留空,,,主治原文不足以直接绑定受控核心证候；按安全默认留空。,D-证据不足,https://openstd.samr.gov.cn/bzgk/std/newGbInfo?hcno=C71A9DAD24CB1252F12439D1F045DA6A；https://www.samr.gov.cn/bzjss/bzjd/art/2022/art_ae386988ba3a44f387bb5634b5f2aa08.html；https://www.yixue.com/%E5%A4%A7%E9%BB%84%E7%94%98%E9%81%82%E6%B1%A4,待逐方新增原典/权威二级来源后复审,是,不得仅据方名、药味或模型候选强行定证。,https://www.yixue.com/%E5%A4%A7%E9%BB%84%E7%94%98%E9%81%82%E6%B1%A4,页面正文命中方名
262,导气丸,导气丸,《医方考》,诸腹胀大，痞塞不通，大便虚秘。；青皮、莪术等气积药配逐血药，干姜等温中药配软坚疏利药，治气实有余之证。,青皮、莪术、三棱、槟榔、吴茱萸、干姜、胡椒、附子、赤芍药、石菖蒲,实中夹虚,TCM-SYNDROME-3BB442CE069F,采纳,实中夹虚,TCM-SYNDROME-3BB442CE069F,腹胀痞塞属实，大便虚秘为虚，方治气实有余兼逐血，故实中夹虚。,A-原清单主治/原典；受控证型归一,https://openstd.samr.gov.cn/bzgk/std/newGbInfo?hcno=C71A9DAD24CB1252F12439D1F045DA6A；https://www.samr.gov.cn/bzjss/bzjd/art/2022/art_ae386988ba3a44f387bb5634b5f2aa08.html；https://www.yixue.com/%E5%AF%BC%E6%B0%94%E4%B8%B8,原文直接支持；本轮提供标准与目录入口,是,,https://www.yixue.com/%E5%AF%BC%E6%B0%94%E4%B8%B8,页面正文命中方名
263,第二方,第二方,《惠直堂经验方》,久疟；补泻互用，调和肝脾，祛邪扶正,何首乌、陈皮、茯苓、柴胡、黄芩、白术、当归、威灵仙、甘草、生姜,肝脾不调,TCM-SYNDROME-9AA952D43A89,留空,,,主治原文不足以直接绑定受控核心证候；按安全默认留空。,D-证据不足,https://openstd.samr.gov.cn/bzgk/std/newGbInfo?hcno=C71A9DAD24CB1252F12439D1F045DA6A；https://www.samr.gov.cn/bzjss/bzjd/art/2022/art_ae386988ba3a44f387bb5634b5f2aa08.html,待逐方新增原典/权威二级来源后复审,是,不得仅据方名、药味或模型候选强行定证。,,无有效页面（HTTP 404）
264,调中散,调中散,《绛雪园古方选注》,一阳发病，少阴嗽泄，三焦不利，上咳下泻，心火不宁，其动若掣；方以桂枝、干姜温中，参术苓草补脾，五味敛肺，当归和血，治三焦不利之咳泻,桂枝、干姜、五味子、人参、白术、赤茯苓、甘草、当归,心脾阳虚,TCM-SYNDROME-AA6F8CE8BB13,留空,,,主治原文不足以直接绑定受控核心证候；按安全默认留空。,D-证据不足,https://openstd.samr.gov.cn/bzgk/std/newGbInfo?hcno=C71A9DAD24CB1252F12439D1F045DA6A；https://www.samr.gov.cn/bzjss/bzjd/art/2022/art_ae386988ba3a44f387bb5634b5f2aa08.html；https://www.yixue.com/%E8%B0%83%E4%B8%AD%E6%95%A3,待逐方新增原典/权威二级来源后复审,是,不得仅据方名、药味或模型候选强行定证。,https://www.yixue.com/%E8%B0%83%E4%B8%AD%E6%95%A3,页面正文命中方名
265,二神丸,二神丸,《医方考》,脾肾二脏俱虚，泄泻不止者；肉豆蔻温脾涩肠，补骨脂辛温暖肾，脾肾不虚不寒则泄泻止,补骨脂、肉豆蔻,脾肾阳虚,spleen_kidney_yang_deficiency,采纳,脾肾阳虚,spleen_kidney_yang_deficiency,主治“脾肾二脏俱虚，泄泻不止”，温脾暖肾，直指脾肾阳虚。,A-原清单主治/原典；受控证型归一,https://openstd.samr.gov.cn/bzgk/std/newGbInfo?hcno=C71A9DAD24CB1252F12439D1F045DA6A；https://www.samr.gov.cn/bzjss/bzjd/art/2022/art_ae386988ba3a44f387bb5634b5f2aa08.html,原文直接支持；本轮提供标准与目录入口,是,,,无有效页面（HTTP 404）
266,防己地黄汤,防己地黄汤,金匮,治病如狂状，妄行，独语不休，无寒热，其脉浮。；风入于心，风升气涌，涎滞湿留，壅火邪聚，故以地黄养血，防己防风祛风，桂枝甘草调和。；治中风病如狂状。妄行。独语不休。无热。（《金匮方歌括》主治，用于检索召回）,桂枝、防风、防己、甘草、生地黄,心肝风火,TCM-SYNDROME-89AC324E7D4C,采纳,心肝风火,TCM-SYNDROME-89AC324E7D4C,如狂、妄行、独语不休，风入于心，壅火邪聚,A-原清单主治/原典；受控证型归一,https://openstd.samr.gov.cn/bzgk/std/newGbInfo?hcno=C71A9DAD24CB1252F12439D1F045DA6A；https://www.samr.gov.cn/bzjss/bzjd/art/2022/art_ae386988ba3a44f387bb5634b5f2aa08.html；https://www.yixue.com/%E9%98%B2%E5%B7%B1%E5%9C%B0%E9%BB%84%E6%B1%A4,原文直接支持；本轮提供标准与目录入口,是,,https://www.yixue.com/%E9%98%B2%E5%B7%B1%E5%9C%B0%E9%BB%84%E6%B1%A4,页面正文命中方名
267,茯苓五味子汤,茯苓五味子汤,《三因极一病证方论》,治支饮，手足冷，多唾口燥，气从小腹上冲胸咽，手足痹，面热翕然如醉，因复下流阴股，小便难，时复眩冒，呕肿。；温阳化饮，降逆平冲。方中茯苓利水，桂心温阳，五味子敛肺，甘草和中。,茯苓、桂心、甘草、五味子,水气凌心犯肺,TCM-SYNDROME-D85FFB5B5C4E,留空,,,主治原文不足以直接绑定受控核心证候；按安全默认留空。,D-证据不足,https://openstd.samr.gov.cn/bzgk/std/newGbInfo?hcno=C71A9DAD24CB1252F12439D1F045DA6A；https://www.samr.gov.cn/bzjss/bzjd/art/2022/art_ae386988ba3a44f387bb5634b5f2aa08.html,待逐方新增原典/权威二级来源后复审,是,不得仅据方名、药味或模型候选强行定证。,,无有效页面（HTTP 404）
268,附录《金匮》枳术汤,附录《金匮》枳术汤,《古今名医方论》,治心下硬大如盘，边如旋杯，水饮所作。；强胃消痞，治水饮结于心下。,枳实、白术,寒饮停胃,TCM-SYNDROME-F5CF809543E4,采纳,寒饮停胃,TCM-SYNDROME-F5CF809543E4,心下硬大如盘，边如旋杯，水饮所作,A-原清单主治/原典；受控证型归一,https://openstd.samr.gov.cn/bzgk/std/newGbInfo?hcno=C71A9DAD24CB1252F12439D1F045DA6A；https://www.samr.gov.cn/bzjss/bzjd/art/2022/art_ae386988ba3a44f387bb5634b5f2aa08.html,原文直接支持；本轮提供标准与目录入口,是,,,无有效页面（HTTP 404）
269,赴筵散,赴筵散,《三因极一病证方论》,治口疮疼痛。；五倍子敛疮，黄柏清热燥湿，滑石利湿，共治口疮疼痛。；治口疮。及小儿走马牙疳并效。,五倍子、黄柏、滑石,湿热蒸口,TCM-SYNDROME-39319C885552,采纳,湿热蒸口,TCM-SYNDROME-39319C885552,口疮疼痛，清热燥湿，证属湿热上蒸,A-原清单主治/原典；受控证型归一,https://openstd.samr.gov.cn/bzgk/std/newGbInfo?hcno=C71A9DAD24CB1252F12439D1F045DA6A；https://www.samr.gov.cn/bzjss/bzjd/art/2022/art_ae386988ba3a44f387bb5634b5f2aa08.html；https://www.yixue.com/%E8%B5%B4%E7%AD%B5%E6%95%A3,原文直接支持；本轮提供标准与目录入口,是,,https://www.yixue.com/%E8%B5%B4%E7%AD%B5%E6%95%A3,页面正文命中方名
270,甘桔防风汤,甘桔防风汤,《医方考》,咽痛；甘草缓急，桔梗下气，防风散壅，共治咽痛。,甘草、桔梗、防风,外风,TCM-SYNDROME-D721CD68E4A1,留空,,,主治原文不足以直接绑定受控核心证候；按安全默认留空。,D-证据不足,https://openstd.samr.gov.cn/bzgk/std/newGbInfo?hcno=C71A9DAD24CB1252F12439D1F045DA6A；https://www.samr.gov.cn/bzjss/bzjd/art/2022/art_ae386988ba3a44f387bb5634b5f2aa08.html；https://www.yixue.com/%E7%94%98%E6%A1%94%E9%98%B2%E9%A3%8E%E6%B1%A4,待逐方新增原典/权威二级来源后复审,是,不得仅据方名、药味或模型候选强行定证。,https://www.yixue.com/%E7%94%98%E6%A1%94%E9%98%B2%E9%A3%8E%E6%B1%A4,页面正文命中方名
271,干姜人参半夏丸,干姜人参半夏丸,金匮,治妊娠呕吐不止。；治妊娠寒吐，温中降逆。；治妊娠呕吐不止。此丸主之。 干姜 人参（各一两。） 半夏（二两。（《金匮方歌括》主治，用于检索召回）,干姜、人参、半夏,中虚脏寒,TCM-SYNDROME-2F4BE6A894A5,采纳,中虚脏寒,TCM-SYNDROME-2F4BE6A894A5,主治明言“寒吐”“温中”，指向中焦虚寒，胃气上逆呕吐,A-原清单主治/原典；受控证型归一,https://openstd.samr.gov.cn/bzgk/std/newGbInfo?hcno=C71A9DAD24CB1252F12439D1F045DA6A；https://www.samr.gov.cn/bzjss/bzjd/art/2022/art_ae386988ba3a44f387bb5634b5f2aa08.html；https://www.yixue.com/%E5%B9%B2%E5%A7%9C%E4%BA%BA%E5%8F%82%E5%8D%8A%E5%A4%8F%E4%B8%B8,原文直接支持；本轮提供标准与目录入口,是,,https://www.yixue.com/%E5%B9%B2%E5%A7%9C%E4%BA%BA%E5%8F%82%E5%8D%8A%E5%A4%8F%E4%B8%B8,页面正文命中方名
272,桂枝二越脾一汤,桂枝二越脾一汤,《绛雪园古方选注》,治脉微无阳，阳分亡津；桂枝汤和越脾汤合方，调和营卫，微发其汗，复阳生津,桂枝、芍药、甘草、生姜、大枣、麻黄,亡阳,TCM-SYNDROME-51E3C81A1257,留空,,,主治原文不足以直接绑定受控核心证候；按安全默认留空。,D-证据不足,https://openstd.samr.gov.cn/bzgk/std/newGbInfo?hcno=C71A9DAD24CB1252F12439D1F045DA6A；https://www.samr.gov.cn/bzjss/bzjd/art/2022/art_ae386988ba3a44f387bb5634b5f2aa08.html,待逐方新增原典/权威二级来源后复审,是,不得仅据方名、药味或模型候选强行定证。,,无有效页面（HTTP 404）
273,桂枝加芍药加大黄二汤,桂枝加芍药加大黄二汤,《古今名医方论》,本太阳病，医反下之，因尔腹满时痛者，属太阴也；大实痛者。；腹满为太阴、阳明俱有之证，太阴主出，阳明主内，加芍药以调太阴，加大黄以通阳明。,桂枝、芍药、甘草、生姜、大枣、大黄,阳明腑实,TCM-SYNDROME-50B50D4BCFB5,留空,,,主治原文不足以直接绑定受控核心证候；按安全默认留空。,D-证据不足,https://openstd.samr.gov.cn/bzgk/std/newGbInfo?hcno=C71A9DAD24CB1252F12439D1F045DA6A；https://www.samr.gov.cn/bzjss/bzjd/art/2022/art_ae386988ba3a44f387bb5634b5f2aa08.html,待逐方新增原典/权威二级来源后复审,是,不得仅据方名、药味或模型候选强行定证。,,无有效页面（HTTP 404）
274,桂枝加芍药生姜人参新加汤,桂枝加芍药生姜人参新加汤,《绛雪园古方选注》,桂枝汤调和营卫，加芍药生姜人参，偏于补气益营。；治发汗后身疼痛脉沉迟者。 桂枝（三两） 芍药（四两） 甘草（二两 炙。） 人参（三两） 大枣（十二枚） 生 姜 上六味。以水一斗二升。（《长沙方歌括》主治，用于检索召回）；治伤寒发汗后身疼痛，脉沉迟者。 桂枝汤原方芍药、生姜各增一两，加人参三两。 桂枝新加人参汤，（曰“新加”者，申明表邪未解，无补中法，今因脉沉迟而始加，故 曰“新加”。更妙在姜、芍各加一两，不使人参有实邪之患，仍是和营卫法,桂枝、芍药、生姜、甘草、人参、大枣,气虚寒凝,TCM-SYNDROME-EE74CF51D6BA,留空,,,主治原文不足以直接绑定受控核心证候；按安全默认留空。,D-证据不足,https://openstd.samr.gov.cn/bzgk/std/newGbInfo?hcno=C71A9DAD24CB1252F12439D1F045DA6A；https://www.samr.gov.cn/bzjss/bzjd/art/2022/art_ae386988ba3a44f387bb5634b5f2aa08.html,待逐方新增原典/权威二级来源后复审,是,不得仅据方名、药味或模型候选强行定证。,,无有效页面（HTTP 404）
275,桂枝去桂加茯苓白术汤,桂枝去桂加茯苓白术汤,《绛雪园古方选注》,太阳病，解肌或下后，水邪不去，反变症，小便利即愈。；苓术芍甘，治太阳里水法，去桂枝以解肌利水。,芍药、甘草、生姜、大枣、茯苓、白术,太阳蓄水,TCM-SYNDROME-8C1D295C2EF0,采纳,太阳蓄水,TCM-SYNDROME-8C1D295C2EF0,主治水邪内停、利水即愈，小便不利为太阳蓄水典型表现,A-原清单主治/原典；受控证型归一,https://openstd.samr.gov.cn/bzgk/std/newGbInfo?hcno=C71A9DAD24CB1252F12439D1F045DA6A；https://www.samr.gov.cn/bzjss/bzjd/art/2022/art_ae386988ba3a44f387bb5634b5f2aa08.html；https://www.yixue.com/%E6%A1%82%E6%9E%9D%E5%8E%BB%E6%A1%82%E5%8A%A0%E8%8C%AF%E8%8B%93%E7%99%BD%E6%9C%AF%E6%B1%A4,原文直接支持；本轮提供标准与目录入口,是,,https://www.yixue.com/%E6%A1%82%E6%9E%9D%E5%8E%BB%E6%A1%82%E5%8A%A0%E8%8C%AF%E8%8B%93%E7%99%BD%E6%9C%AF%E6%B1%A4,页面正文命中方名
276,寒泻方,寒泻方,《大小诸证方论》,腹痛而喜手按摩，口不渴而舌滑，喜热饮而不喜冷；温中散寒，健脾止泻。方中肉桂、干姜温阳散寒，人参、白术、茯苓健脾益气，砂仁理气，甘草调和。,人参、白术、茯苓、肉桂、甘草、干姜、砂仁,脾胃阳虚气滞,TCM-SYNDROME-A3E468A17E1E,采纳,脾胃阳虚,TCM-SYNDROME-AEF5893DC408,腹痛喜按、喜热饮不喜冷、口不渴舌滑，为脾胃阳虚典型表现。,A-原清单主治/原典；受控证型归一,https://openstd.samr.gov.cn/bzgk/std/newGbInfo?hcno=C71A9DAD24CB1252F12439D1F045DA6A；https://www.samr.gov.cn/bzjss/bzjd/art/2022/art_ae386988ba3a44f387bb5634b5f2aa08.html,原文直接支持；本轮提供标准与目录入口,是,,,无有效页面（HTTP 404）
277,和胃二陈煎,和胃二陈煎,《医方简义》,（即火齐汤方见火症）；虚体患痢，用黄连解毒汤后邪去者。,茯苓、姜半夏、陈皮、炙甘草、炮姜、杏仁,中气亏虚,TCM-SYNDROME-D2724F4203A1,留空,,,主治原文不足以直接绑定受控核心证候；按安全默认留空。,D-证据不足,https://openstd.samr.gov.cn/bzgk/std/newGbInfo?hcno=C71A9DAD24CB1252F12439D1F045DA6A；https://www.samr.gov.cn/bzjss/bzjd/art/2022/art_ae386988ba3a44f387bb5634b5f2aa08.html；https://www.yixue.com/%E5%92%8C%E8%83%83%E4%BA%8C%E9%99%88%E7%85%8E,待逐方新增原典/权威二级来源后复审,是,不得仅据方名、药味或模型候选强行定证。,https://www.yixue.com/%E5%92%8C%E8%83%83%E4%BA%8C%E9%99%88%E7%85%8E,页面正文命中方名
278,黑丸子,黑丸子,《瑞竹堂经验方》,治精血耗竭，面色黧黑，耳聋目昏，口干多渴，腰痛脚弱，小便白浊，上燥下寒，不受峻补；鹿茸温肾阳、益精血，当归补血活血，乌梅敛阴生津，共治上燥下寒之证,鹿茸、当归,肾阴阳两虚,TCM-SYNDROME-C5192FE0A72D,采纳,肾阴阳两虚,TCM-SYNDROME-C5192FE0A72D,上燥下寒，精血耗竭，耳聋目昏腰痛等皆肾阴阳两虚之象。,A-原清单主治/原典；受控证型归一,https://openstd.samr.gov.cn/bzgk/std/newGbInfo?hcno=C71A9DAD24CB1252F12439D1F045DA6A；https://www.samr.gov.cn/bzjss/bzjd/art/2022/art_ae386988ba3a44f387bb5634b5f2aa08.html；https://www.yixue.com/%E9%BB%91%E4%B8%B8%E5%AD%90,原文直接支持；本轮提供标准与目录入口,是,,https://www.yixue.com/%E9%BB%91%E4%B8%B8%E5%AD%90,页面正文命中方名
279,胡桃丸,胡桃丸,《三因极一病证方论》,治消肾，亦去内消。多因快情纵欲，极意房中，年少惧不能房，多服丹石；及失志伤肾，遂致唇口干焦，精溢自出，或小便赤黄，五色浮浊，大便燥实，小便大利而不甚渴。；方中茯苓健脾渗湿，胡桃补肾固精，附子温阳助火，共奏补肾固涩、温阳化气之功。,白茯苓、胡桃肉、附子,脾肾阳虚,spleen_kidney_yang_deficiency,采纳,肾阳虚,kidney_yang_deficiency,主治纵欲伤肾，精溢、小便浊、唇干口焦乃阳虚不化津、精关不固。,A-原清单主治/原典；受控证型归一,https://openstd.samr.gov.cn/bzgk/std/newGbInfo?hcno=C71A9DAD24CB1252F12439D1F045DA6A；https://www.samr.gov.cn/bzjss/bzjd/art/2022/art_ae386988ba3a44f387bb5634b5f2aa08.html；https://www.yixue.com/%E8%83%A1%E6%A1%83%E4%B8%B8,原文直接支持；本轮提供标准与目录入口,是,,https://www.yixue.com/%E8%83%A1%E6%A1%83%E4%B8%B8,页面正文命中方名
280,黄蛇散,黄蛇散,《惠直堂经验方》,治甲痈肿烂。生脚指甲边赤肉努出。又治嵌甲入肉。时常出血。痛不可忍。；雄黄解毒杀虫，蛇蜕祛风消肿，共奏解毒消肿、敛疮止痛之功。,雄黄、蛇蜕,外伤血瘀,TCM-SYNDROME-F898822FF2CD,留空,,,主治原文不足以直接绑定受控核心证候；按安全默认留空。,D-证据不足,https://openstd.samr.gov.cn/bzgk/std/newGbInfo?hcno=C71A9DAD24CB1252F12439D1F045DA6A；https://www.samr.gov.cn/bzjss/bzjd/art/2022/art_ae386988ba3a44f387bb5634b5f2aa08.html；https://www.yixue.com/%E9%BB%84%E8%9B%87%E6%95%A3,待逐方新增原典/权威二级来源后复审,是,不得仅据方名、药味或模型候选强行定证。,https://www.yixue.com/%E9%BB%84%E8%9B%87%E6%95%A3,页面正文命中方名
281,火吐方,火吐方,《大小诸证方论》,火吐，若降火则火由脾入大肠，必变便血之症；方用茯苓利湿，人参补气，砂仁和胃，黄连清火，共奏清水止吐之功,茯苓、人参、砂仁、黄连,脾胃湿热,TCM-SYNDROME-B97E517E9EE8,采纳,脾胃湿热,TCM-SYNDROME-B97E517E9EE8,火吐用黄连清火、茯苓利湿，针对脾胃湿热,A-原清单主治/原典；受控证型归一,https://openstd.samr.gov.cn/bzgk/std/newGbInfo?hcno=C71A9DAD24CB1252F12439D1F045DA6A；https://www.samr.gov.cn/bzjss/bzjd/art/2022/art_ae386988ba3a44f387bb5634b5f2aa08.html,原文直接支持；本轮提供标准与目录入口,是,,,无有效页面（HTTP 404）
282,加减安胎饮,加减安胎饮,《医方简义》,妊妇每月服二三剂最妙。；养血安胎，清热健脾。方中生地、归身、白芍养血，川芎行气，白术健脾，黄芩清热安胎。,生地黄、当归身、川芎、白芍、白术、黄芩,气血两虚,qi_blood_deficiency,留空,,,主治原文不足以直接绑定受控核心证候；按安全默认留空。,D-证据不足,https://openstd.samr.gov.cn/bzgk/std/newGbInfo?hcno=C71A9DAD24CB1252F12439D1F045DA6A；https://www.samr.gov.cn/bzjss/bzjd/art/2022/art_ae386988ba3a44f387bb5634b5f2aa08.html；https://www.yixue.com/%E5%8A%A0%E5%87%8F%E5%AE%89%E8%83%8E%E9%A5%AE,待逐方新增原典/权威二级来源后复审,是,不得仅据方名、药味或模型候选强行定证。,https://www.yixue.com/%E5%8A%A0%E5%87%8F%E5%AE%89%E8%83%8E%E9%A5%AE,页面正文命中方名
283,加味理中丸,加味理中丸,《三因极一病证方论》,治饮酒过多，及啖炙爆热食，动血，发为鼻衄。；理中温中健脾，加葛根升清止衄，川芎活血，共治饮酒动血鼻衄。,人参、白术、甘草、干姜、葛根、川芎,脾不统血,TCM-SYNDROME-B5B11E67C678,采纳,脾不统血,TCM-SYNDROME-B5B11E67C678,理中温中健脾治鼻衄，属脾不统血,A-原清单主治/原典；受控证型归一,https://openstd.samr.gov.cn/bzgk/std/newGbInfo?hcno=C71A9DAD24CB1252F12439D1F045DA6A；https://www.samr.gov.cn/bzjss/bzjd/art/2022/art_ae386988ba3a44f387bb5634b5f2aa08.html；https://www.yixue.com/%E5%8A%A0%E5%91%B3%E7%90%86%E4%B8%AD%E4%B8%B8,原文直接支持；本轮提供标准与目录入口,是,,https://www.yixue.com/%E5%8A%A0%E5%91%B3%E7%90%86%E4%B8%AD%E4%B8%B8,页面正文命中方名
284,加味三补丸,加味三补丸,《医方考》,郁火嘈杂；辛香开郁，苦寒泻火，三黄得苍附不滞，苍附得三黄不燥,黄芩、黄连、黄柏、香附、苍术,实火,TCM-SYNDROME-83DDAFC3F5FC,采纳,实火,TCM-SYNDROME-83DDAFC3F5FC,苦寒泻火治郁火嘈杂，火属实火,A-原清单主治/原典；受控证型归一,https://openstd.samr.gov.cn/bzgk/std/newGbInfo?hcno=C71A9DAD24CB1252F12439D1F045DA6A；https://www.samr.gov.cn/bzjss/bzjd/art/2022/art_ae386988ba3a44f387bb5634b5f2aa08.html；https://www.yixue.com/%E5%8A%A0%E5%91%B3%E4%B8%89%E8%A1%A5%E4%B8%B8,原文直接支持；本轮提供标准与目录入口,是,,https://www.yixue.com/%E5%8A%A0%E5%91%B3%E4%B8%89%E8%A1%A5%E4%B8%B8,页面正文命中方名
285,加味香附丸,加味香附丸,《绛雪园古方选注》,内肝伤；震阳巽阴，阴从阳而不失柔顺中正，治肝伤。,香附、海螵蛸、当归、川芎、白芍、熟地黄,肝阴虚阳亢,TCM-SYNDROME-6FF877EE1C73,留空,,,主治原文不足以直接绑定受控核心证候；按安全默认留空。,D-证据不足,https://openstd.samr.gov.cn/bzgk/std/newGbInfo?hcno=C71A9DAD24CB1252F12439D1F045DA6A；https://www.samr.gov.cn/bzjss/bzjd/art/2022/art_ae386988ba3a44f387bb5634b5f2aa08.html；https://www.yixue.com/%E5%8A%A0%E5%91%B3%E9%A6%99%E9%99%84%E4%B8%B8,待逐方新增原典/权威二级来源后复审,是,不得仅据方名、药味或模型候选强行定证。,https://www.yixue.com/%E5%8A%A0%E5%91%B3%E9%A6%99%E9%99%84%E4%B8%B8,页面正文命中方名
286,桔梗汤,桔梗汤,《绛雪园古方选注》,足少阴热邪；桔梗苦辛开提少阴热邪，甘草载药上行，如舟载药；治少阴咽痛。与甘草不差者。与桔梗汤。 桔梗（一两） 甘草（二两） 上二味。（《长沙方歌括》主治，用于检索召回）,桔梗、甘草,少阴热化,TCM-SYNDROME-1D2248D1BC34,采纳,少阴热化,TCM-SYNDROME-1D2248D1BC34,主治治少阴咽痛，针对足少阴热邪。,A-原清单主治/原典；受控证型归一,https://openstd.samr.gov.cn/bzgk/std/newGbInfo?hcno=C71A9DAD24CB1252F12439D1F045DA6A；https://www.samr.gov.cn/bzjss/bzjd/art/2022/art_ae386988ba3a44f387bb5634b5f2aa08.html；https://www.yixue.com/%E6%A1%94%E6%A2%97%E6%B1%A4,原文直接支持；本轮提供标准与目录入口,是,,https://www.yixue.com/%E6%A1%94%E6%A2%97%E6%B1%A4,页面正文命中方名
287,久虚缓补方,久虚缓补方,《大小诸证方论》,久虚之人，气息奄奄，气血大虚，不宜骤补，宜缓补。；以白芍为君，引参术入肝，缓补气血，使脾气渐实，胃口渐开。,当归、白芍、茯苓、白术、人参、山药、陈皮、麦芽、炮姜、酸枣仁、甘草,肝脾气血两虚,TCM-SYNDROME-00C438EB6F14,采纳,肝脾气血两虚,TCM-SYNDROME-00C438EB6F14,主治气血大虚，引参术入肝宣补脾气，为肝脾气血两虚。,A-原清单主治/原典；受控证型归一,https://openstd.samr.gov.cn/bzgk/std/newGbInfo?hcno=C71A9DAD24CB1252F12439D1F045DA6A；https://www.samr.gov.cn/bzjss/bzjd/art/2022/art_ae386988ba3a44f387bb5634b5f2aa08.html,原文直接支持；本轮提供标准与目录入口,是,,,无有效页面（HTTP 404）
288,局方神术散,局方神术散,《医方集解》,伤风应有汗，辛、羌、芎、中也,苍术、川芎、白芷、羌活、藁本、细辛、炙甘草,外风,TCM-SYNDROME-D721CD68E4A1,留空,,,主治原文不足以直接绑定受控核心证候；按安全默认留空。,D-证据不足,https://openstd.samr.gov.cn/bzgk/std/newGbInfo?hcno=C71A9DAD24CB1252F12439D1F045DA6A；https://www.samr.gov.cn/bzjss/bzjd/art/2022/art_ae386988ba3a44f387bb5634b5f2aa08.html,待逐方新增原典/权威二级来源后复审,是,不得仅据方名、药味或模型候选强行定证。,,无有效页面（HTTP 404）
289,蠲痹汤（《济生方》严氏）,蠲痹汤（《济生方》严氏）,《重订严氏济生方》,"风温相搏,身体烦疼,项臂痛重,举动艰难,及手足冷痹,腰腿沉重,筋脉无力。",当归、羌活、姜黄、白芍、黄芪、防风、炙甘草,外风,TCM-SYNDROME-D721CD68E4A1,采纳,风湿痹阻,TCM-SYNDROME-C2AC22EABB50,主治风温相搏，烦疼沉重，关键证象为风湿痹阻。,A-原清单主治/原典；受控证型归一,https://openstd.samr.gov.cn/bzgk/std/newGbInfo?hcno=C71A9DAD24CB1252F12439D1F045DA6A；https://www.samr.gov.cn/bzjss/bzjd/art/2022/art_ae386988ba3a44f387bb5634b5f2aa08.html,原文直接支持；本轮提供标准与目录入口,是,,,无有效页面（HTTP 404）
290,苦散,苦散,《三因极一病证方论》,治脾受湿气，泄利不止，米谷不化。；黄连清热燥湿，吴茱萸温中散寒，白芍缓急止泻，共奏燥湿止利之功。,黄连、吴茱萸、白芍药,寒湿困脾,TCM-SYNDROME-4B9F89FBA037,采纳,湿困脾胃,TCM-SYNDROME-064EF6858A5E,主治脾受湿气，泄利不止，核心为湿邪困脾。,A-原清单主治/原典；受控证型归一,https://openstd.samr.gov.cn/bzgk/std/newGbInfo?hcno=C71A9DAD24CB1252F12439D1F045DA6A；https://www.samr.gov.cn/bzjss/bzjd/art/2022/art_ae386988ba3a44f387bb5634b5f2aa08.html；https://www.yixue.com/%E8%8B%A6%E6%95%A3,原文直接支持；本轮提供标准与目录入口,是,,https://www.yixue.com/%E8%8B%A6%E6%95%A3,页面正文命中方名
291,快斑红蜡丸,快斑红蜡丸,《惠直堂经验方》,专治五六日痘疹，益血解毒；方中四物汤加减，补血活血，人参益气，牛黄解毒，共奏益血解毒之功。,当归、熟地黄、生地黄、人参、白术、川芎、牛黄,气血两虚毒滞,TCM-SYNDROME-275494A78C7F,采纳,气血两虚毒滞,TCM-SYNDROME-275494A78C7F,主治益血解毒，用参、四物益气补血，牛黄解毒，属气血两虚毒滞。,A-原清单主治/原典；受控证型归一,https://openstd.samr.gov.cn/bzgk/std/newGbInfo?hcno=C71A9DAD24CB1252F12439D1F045DA6A；https://www.samr.gov.cn/bzjss/bzjd/art/2022/art_ae386988ba3a44f387bb5634b5f2aa08.html,原文直接支持；本轮提供标准与目录入口,是,,,无有效页面（HTTP 404）
292,狂症方,狂症方,《大小诸证方论》,终年狂而不愈，或持刀杀人；补心、脾、胃三经，化痰而不泻火，防心气伤、痰涎盛,人参、白术、茯神、附子、菟丝子、半夏,心脾气虚,TCM-SYNDROME-369A4AB40786,留空,,,主治原文不足以直接绑定受控核心证候；按安全默认留空。,D-证据不足,https://openstd.samr.gov.cn/bzgk/std/newGbInfo?hcno=C71A9DAD24CB1252F12439D1F045DA6A；https://www.samr.gov.cn/bzjss/bzjd/art/2022/art_ae386988ba3a44f387bb5634b5f2aa08.html,待逐方新增原典/权威二级来源后复审,是,不得仅据方名、药味或模型候选强行定证。,,无有效页面（HTTP 404）
293,流口水烂方,流口水烂方,《大小诸证方论》,小儿口疳流水口烂；黄柏去火，人参健土（脾），清火补脾，治口疳,黄柏、人参,脾虚火旺,TCM-SYNDROME-467DADB8BDFB,采纳,脾虚火旺,TCM-SYNDROME-467DADB8BDFB,人参健土，黄柏去火，清火补脾，属脾虚火旺。,A-原清单主治/原典；受控证型归一,https://openstd.samr.gov.cn/bzgk/std/newGbInfo?hcno=C71A9DAD24CB1252F12439D1F045DA6A；https://www.samr.gov.cn/bzjss/bzjd/art/2022/art_ae386988ba3a44f387bb5634b5f2aa08.html,原文直接支持；本轮提供标准与目录入口,是,,,无有效页面（HTTP 404）
294,六神汤,六神汤,《三因极一病证方论》,治三消渴疾。；方中莲房、葛根、枇杷叶、天花粉清热生津，黄芪、甘草益气和中，共奏益气养阴、清热止渴之功。,莲房、葛根、枇杷叶、甘草、天花粉、黄芪,气阴两虚,TCM-SYNDROME-64D396EDCE1F,采纳,气阴两虚,TCM-SYNDROME-64D396EDCE1F,益气养阴、清热止渴治三消，属气阴两虚。,A-原清单主治/原典；受控证型归一,https://openstd.samr.gov.cn/bzgk/std/newGbInfo?hcno=C71A9DAD24CB1252F12439D1F045DA6A；https://www.samr.gov.cn/bzjss/bzjd/art/2022/art_ae386988ba3a44f387bb5634b5f2aa08.html；https://www.yixue.com/%E5%85%AD%E7%A5%9E%E6%B1%A4,原文直接支持；本轮提供标准与目录入口,是,,https://www.yixue.com/%E5%85%AD%E7%A5%9E%E6%B1%A4,页面正文命中方名
295,龙须散,龙须散,《洪氏集验方》,治中暑，迷闷不省人事，暑月代一切暑药。；方中甘草、乌梅酸甘化阴，白矾、五倍子收敛固涩，共奏清热解暑、生津止渴之功。,甘草、乌梅、白矾、五倍子,热盛伤阴,TCM-SYNDROME-56CF0B642950,采纳,热盛伤阴,TCM-SYNDROME-56CF0B642950,清热解暑、生津止渴治中暑，属热盛伤阴。,A-原清单主治/原典；受控证型归一,https://openstd.samr.gov.cn/bzgk/std/newGbInfo?hcno=C71A9DAD24CB1252F12439D1F045DA6A；https://www.samr.gov.cn/bzjss/bzjd/art/2022/art_ae386988ba3a44f387bb5634b5f2aa08.html；https://www.yixue.com/%E9%BE%99%E9%A1%BB%E6%95%A3,原文直接支持；本轮提供标准与目录入口,是,,https://www.yixue.com/%E9%BE%99%E9%A1%BB%E6%95%A3,页面正文命中方名
296,漏芦散,漏芦散,《三因极一病证方论》,治乳妇气脉壅塞，乳汁不行；及经络凝滞，乳内胀痛，留蓄邪毒，或作痈肿。；漏芦通乳散结，蛇蜕祛风解毒，栝蒌清热消肿，共奏通络行乳、消痈止痛之功。,漏芦、蛇蜕、栝蒌,气滞热壅,TCM-SYNDROME-62BAF46EC3EE,采纳,气滞热壅,TCM-SYNDROME-62BAF46EC3EE,主治“气脉壅塞，乳汁不行，经络凝滞，胀痛，留蓄邪毒，或作痈肿”，属气滞热壅。,A-原清单主治/原典；受控证型归一,https://openstd.samr.gov.cn/bzgk/std/newGbInfo?hcno=C71A9DAD24CB1252F12439D1F045DA6A；https://www.samr.gov.cn/bzjss/bzjd/art/2022/art_ae386988ba3a44f387bb5634b5f2aa08.html；https://www.yixue.com/%E6%BC%8F%E8%8A%A6%E6%95%A3,原文直接支持；本轮提供标准与目录入口,是,,https://www.yixue.com/%E6%BC%8F%E8%8A%A6%E6%95%A3,页面正文命中方名
297,妙功散,妙功散,《瑞竹堂经验方》,治疥疮；黄柏清热燥湿，蛇床子杀虫止痒，白矾收敛解毒，油调外搽治疥疮。,黄柏、蛇床子、白矾,湿热,TCM-SYNDROME-CFEFA693692E,留空,,,主治原文不足以直接绑定受控核心证候；按安全默认留空。,D-证据不足,https://openstd.samr.gov.cn/bzgk/std/newGbInfo?hcno=C71A9DAD24CB1252F12439D1F045DA6A；https://www.samr.gov.cn/bzjss/bzjd/art/2022/art_ae386988ba3a44f387bb5634b5f2aa08.html,待逐方新增原典/权威二级来源后复审,是,不得仅据方名、药味或模型候选强行定证。,,无有效页面（HTTP 404）
298,内塞散,内塞散,《三因极一病证方论》,治痈疽热退，脓血不止。排脓止痛。；补气养血，排脓止痛。归经：肺、脾、心。,防风、茯苓、白芷、桔梗、远志、甘草、人参、川芎、当归、黄芪、桂心、附子、厚朴、赤小豆,心脾气血两虚,TCM-SYNDROME-6E2A619818FE,采纳,气血两虚,qi_blood_deficiency,主治“痈疽热退，脓血不止”，属气血亏虚，不能敛疮。,A-原清单主治/原典；受控证型归一,https://openstd.samr.gov.cn/bzgk/std/newGbInfo?hcno=C71A9DAD24CB1252F12439D1F045DA6A；https://www.samr.gov.cn/bzjss/bzjd/art/2022/art_ae386988ba3a44f387bb5634b5f2aa08.html,原文直接支持；本轮提供标准与目录入口,是,,,无有效页面（HTTP 404）
299,内消丸,内消丸,《验方新编》,治一切肿毒，止痛神效。；雄黄解毒，乳香活血，蟾酥消肿止痛，共奏内消肿毒之功。,雄黄、乳香、蟾酥,气滞血瘀,qi_stagnation_blood_stasis,留空,,,主治原文不足以直接绑定受控核心证候；按安全默认留空。,D-证据不足,https://openstd.samr.gov.cn/bzgk/std/newGbInfo?hcno=C71A9DAD24CB1252F12439D1F045DA6A；https://www.samr.gov.cn/bzjss/bzjd/art/2022/art_ae386988ba3a44f387bb5634b5f2aa08.html；https://www.yixue.com/%E5%86%85%E6%B6%88%E4%B8%B8,待逐方新增原典/权威二级来源后复审,是,不得仅据方名、药味或模型候选强行定证。,https://www.yixue.com/%E5%86%85%E6%B6%88%E4%B8%B8,页面正文命中方名
300,辟瘟丹,辟瘟丹,《医方简义》,遇疫病盛行时，焚烧以除邪秽。；芳香辟秽，燥湿解毒，用于疫病流行时空气消毒。,乳香、苍术、细辛、甘草、川芎、降香、檀香,湿阻气分,TCM-SYNDROME-6F1B93D7D25B,留空,,,主治原文不足以直接绑定受控核心证候；按安全默认留空。,D-证据不足,https://openstd.samr.gov.cn/bzgk/std/newGbInfo?hcno=C71A9DAD24CB1252F12439D1F045DA6A；https://www.samr.gov.cn/bzjss/bzjd/art/2022/art_ae386988ba3a44f387bb5634b5f2aa08.html；https://www.yixue.com/%E8%BE%9F%E7%98%9F%E4%B8%B9,待逐方新增原典/权威二级来源后复审,是,不得仅据方名、药味或模型候选强行定证。,https://www.yixue.com/%E8%BE%9F%E7%98%9F%E4%B8%B9,页面正文命中方名
301,朴硝散,朴硝散,《验方新编》,治小儿脐疮。；方用牡蛎敛湿，大黄清热，朴硝消肿，外敷治脐疮。,牡蛎、大黄、朴硝,湿热,TCM-SYNDROME-CFEFA693692E,留空,,,主治原文不足以直接绑定受控核心证候；按安全默认留空。,D-证据不足,https://openstd.samr.gov.cn/bzgk/std/newGbInfo?hcno=C71A9DAD24CB1252F12439D1F045DA6A；https://www.samr.gov.cn/bzjss/bzjd/art/2022/art_ae386988ba3a44f387bb5634b5f2aa08.html,待逐方新增原典/权威二级来源后复审,是,不得仅据方名、药味或模型候选强行定证。,,无有效页面（HTTP 404）
302,如圣散,如圣散,《医方集解》,治崩漏不止，包括漏下（淋沥不已）和崩中（忽然暴下如山崩）。；足厥阴药。涩能止血（棕榈），酸能收敛（乌梅），温能守中（干姜），黑能止血（水胜火）。；刚柔二痉，口噤、切牙、大便实等。,棕榈、乌梅、干姜,亡血,TCM-SYNDROME-1BD060DD7B8B,采纳,亡血,TCM-SYNDROME-1BD060DD7B8B,主治崩漏不止、漏下淋沥、崩中暴下，直指亡血。,A-原清单主治/原典；受控证型归一,https://openstd.samr.gov.cn/bzgk/std/newGbInfo?hcno=C71A9DAD24CB1252F12439D1F045DA6A；https://www.samr.gov.cn/bzjss/bzjd/art/2022/art_ae386988ba3a44f387bb5634b5f2aa08.html；https://www.yixue.com/%E5%A6%82%E5%9C%A3%E6%95%A3,原文直接支持；本轮提供标准与目录入口,是,,https://www.yixue.com/%E5%A6%82%E5%9C%A3%E6%95%A3,页面正文命中方名
303,三补丸,三补丸,《医方考》,三焦有火，嗌喉干燥，小便赤涩，大便秘结；降三焦壮火，使气得生、血得养，黄芩清上、黄连泻中、黄柏泻下,黄芩、黄连、黄柏,燥气化火,TCM-SYNDROME-4279C7A6C16E,留空,,,主治原文不足以直接绑定受控核心证候；按安全默认留空。,D-证据不足,https://openstd.samr.gov.cn/bzgk/std/newGbInfo?hcno=C71A9DAD24CB1252F12439D1F045DA6A；https://www.samr.gov.cn/bzjss/bzjd/art/2022/art_ae386988ba3a44f387bb5634b5f2aa08.html；https://www.yixue.com/%E4%B8%89%E8%A1%A5%E4%B8%B8,待逐方新增原典/权威二级来源后复审,是,不得仅据方名、药味或模型候选强行定证。,https://www.yixue.com/%E4%B8%89%E8%A1%A5%E4%B8%B8,页面正文命中方名
304,三合汤,三合汤,《医方简义》,治产后瘟疫。不论重轻。宜活血清邪。；三方合法，活血清邪，兼顾少阳阳明。,当归、川芎、桃仁、红花、黄芩、丹皮、栀子、生甘草,少阳证类,TCM-SYNDROME-00DC1C832C18,留空,,,主治原文不足以直接绑定受控核心证候；按安全默认留空。,D-证据不足,https://openstd.samr.gov.cn/bzgk/std/newGbInfo?hcno=C71A9DAD24CB1252F12439D1F045DA6A；https://www.samr.gov.cn/bzjss/bzjd/art/2022/art_ae386988ba3a44f387bb5634b5f2aa08.html；https://www.yixue.com/%E4%B8%89%E5%90%88%E6%B1%A4,待逐方新增原典/权威二级来源后复审,是,不得仅据方名、药味或模型候选强行定证。,https://www.yixue.com/%E4%B8%89%E5%90%88%E6%B1%A4,页面正文命中方名
305,三圣散,三圣散,《成方切用》,治中风，手足拘挛，口眼斜，香港脚行步不正。；当归活血，玄胡索行气，肉桂温通，共治中风拘挛。,当归、玄胡索、肉桂,气滞血瘀,qi_stagnation_blood_stasis,采纳,气滞血瘀,qi_stagnation_blood_stasis,活血行气温通治中风拘挛、口眼斜，契合气滞血瘀病机。,A-原清单主治/原典；受控证型归一,https://openstd.samr.gov.cn/bzgk/std/newGbInfo?hcno=C71A9DAD24CB1252F12439D1F045DA6A；https://www.samr.gov.cn/bzjss/bzjd/art/2022/art_ae386988ba3a44f387bb5634b5f2aa08.html；https://www.yixue.com/%E4%B8%89%E5%9C%A3%E6%95%A3,原文直接支持；本轮提供标准与目录入口,是,,https://www.yixue.com/%E4%B8%89%E5%9C%A3%E6%95%A3,页面正文命中方名
306,三因七气汤,三因七气汤,《三因》,七气相干，阴阳不得升降，攻冲作痛；紫苏散七气，厚朴下七气，半夏、茯苓平水谷相干之七气,半夏、茯苓、厚朴、紫苏,阴阳失调,TCM-SYNDROME-D8BA0ADB3479,留空,,,主治原文不足以直接绑定受控核心证候；按安全默认留空。,D-证据不足,https://openstd.samr.gov.cn/bzgk/std/newGbInfo?hcno=C71A9DAD24CB1252F12439D1F045DA6A；https://www.samr.gov.cn/bzjss/bzjd/art/2022/art_ae386988ba3a44f387bb5634b5f2aa08.html,待逐方新增原典/权威二级来源后复审,是,不得仅据方名、药味或模型候选强行定证。,,无有效页面（HTTP 404）
307,麝香散,麝香散,《三因极一病证方论》,治耳底耳，耳内脓出。；桑螵蛸收湿敛疮，麝香通窍散脓，共治耳内脓出。；治卒风哑中，忽然倒地，不省人事，左瘫右痪，口眼斜，诸药未服者,桑螵蛸、麝香,内风,TCM-SYNDROME-70CC701C322B,采纳,内风,TCM-SYNDROME-70CC701C322B,主治有卒风哑中、不省人事、左瘫右痪，属内风证。,A-原清单主治/原典；受控证型归一,https://openstd.samr.gov.cn/bzgk/std/newGbInfo?hcno=C71A9DAD24CB1252F12439D1F045DA6A；https://www.samr.gov.cn/bzjss/bzjd/art/2022/art_ae386988ba3a44f387bb5634b5f2aa08.html；https://www.yixue.com/%E9%BA%9D%E9%A6%99%E6%95%A3,原文直接支持；本轮提供标准与目录入口,是,,https://www.yixue.com/%E9%BA%9D%E9%A6%99%E6%95%A3,页面正文命中方名
308,肾气丸,肾气丸,《绛雪园古方选注》,纳气归肾，补足三阴三阳，分头导纳，意尤重于肾。,熟地黄、山茱萸、山药、泽泻、牡丹皮、茯苓、肉桂、附子,肾阴阳两虚,TCM-SYNDROME-C5192FE0A72D,采纳,肾阴阳两虚,TCM-SYNDROME-C5192FE0A72D,原文'补足三阴三阳，纳气归肾，意重于肾'，直接支持肾阴阳两虚。,A-原清单主治/原典；受控证型归一,https://openstd.samr.gov.cn/bzgk/std/newGbInfo?hcno=C71A9DAD24CB1252F12439D1F045DA6A；https://www.samr.gov.cn/bzjss/bzjd/art/2022/art_ae386988ba3a44f387bb5634b5f2aa08.html；https://www.yixue.com/%E8%82%BE%E6%B0%94%E4%B8%B8,原文直接支持；本轮提供标准与目录入口,是,,https://www.yixue.com/%E8%82%BE%E6%B0%94%E4%B8%B8,页面正文命中方名
309,肾水成痰引火下降方,肾水成痰引火下降方,《大小诸证方论》,肾水虚，火不归元，水泛成痰，久病痰不愈。；补肾水以安火，引火归元，化痰下行。,熟地黄、山茱萸、肉桂、五味子、牛膝,肾阴虚火旺,TCM-SYNDROME-C590B2C00B3B,采纳,肾阴虚火旺,TCM-SYNDROME-C590B2C00B3B,主治'肾水虚，火不归元，水泛成痰'，即肾阴虚火旺。,A-原清单主治/原典；受控证型归一,https://openstd.samr.gov.cn/bzgk/std/newGbInfo?hcno=C71A9DAD24CB1252F12439D1F045DA6A；https://www.samr.gov.cn/bzjss/bzjd/art/2022/art_ae386988ba3a44f387bb5634b5f2aa08.html,原文直接支持；本轮提供标准与目录入口,是,,,无有效页面（HTTP 404）
310,升阳除湿汤,升阳除湿汤,《医方考》,水疝者，肾囊肿大，阴汗不绝；风药胜湿升阳，黄芪托陷，甘草培土，当归调荣,柴胡、羌活、苍术、黄芪、防风、升麻、藁本、炙甘草、蔓荆子,寒湿伤肾,TCM-SYNDROME-1781A337C43E,留空,,,主治原文不足以直接绑定受控核心证候；按安全默认留空。,D-证据不足,https://openstd.samr.gov.cn/bzgk/std/newGbInfo?hcno=C71A9DAD24CB1252F12439D1F045DA6A；https://www.samr.gov.cn/bzjss/bzjd/art/2022/art_ae386988ba3a44f387bb5634b5f2aa08.html；https://www.yixue.com/%E5%8D%87%E9%98%B3%E9%99%A4%E6%B9%BF%E6%B1%A4,待逐方新增原典/权威二级来源后复审,是,不得仅据方名、药味或模型候选强行定证。,https://www.yixue.com/%E5%8D%87%E9%98%B3%E9%99%A4%E6%B9%BF%E6%B1%A4,页面正文命中方名
311,生地黄散,生地黄散,《瑞竹堂经验方》,治小儿斑驳疹，身热口干，咳嗽心烦。；清热养阴，止咳化痰，归肺胃经。,生地黄、麦门冬、杏仁、款冬花、陈皮、甘草,肺热阴虚,TCM-SYNDROME-E36258BFCE80,采纳,肺热阴虚,TCM-SYNDROME-E36258BFCE80,身热口干，咳嗽心烦，肺热伤阴之象,A-原清单主治/原典；受控证型归一,https://openstd.samr.gov.cn/bzgk/std/newGbInfo?hcno=C71A9DAD24CB1252F12439D1F045DA6A；https://www.samr.gov.cn/bzjss/bzjd/art/2022/art_ae386988ba3a44f387bb5634b5f2aa08.html；https://www.yixue.com/%E7%94%9F%E5%9C%B0%E9%BB%84%E6%95%A3,原文直接支持；本轮提供标准与目录入口,是,,https://www.yixue.com/%E7%94%9F%E5%9C%B0%E9%BB%84%E6%95%A3,页面正文命中方名
312,双解贵金丸,双解贵金丸,《验方新编》,治背疽诸毒，初起坚硬木闷，便秘，脉沉实。；大黄泻热通便，白芷散结消肿，葱头发汗，共奏表里双解之功。,大黄、白芷,表里实热,TCM-SYNDROME-52E4E2A5E60B,采纳,表里实热,TCM-SYNDROME-52E4E2A5E60B,初起坚硬木闷，便秘脉沉实，表里实热,A-原清单主治/原典；受控证型归一,https://openstd.samr.gov.cn/bzgk/std/newGbInfo?hcno=C71A9DAD24CB1252F12439D1F045DA6A；https://www.samr.gov.cn/bzjss/bzjd/art/2022/art_ae386988ba3a44f387bb5634b5f2aa08.html；https://www.yixue.com/%E5%8F%8C%E8%A7%A3%E8%B4%B5%E9%87%91%E4%B8%B8,原文直接支持；本轮提供标准与目录入口,是,,https://www.yixue.com/%E5%8F%8C%E8%A7%A3%E8%B4%B5%E9%87%91%E4%B8%B8,页面正文命中方名
313,水解散,水解散,《肘后》,治天行一二日，头痛壮热。；此足太阳、阳明药也。麻黄能开腠发汗，桂心能引血化汗，黄芩以清上中之热，大黄以泻中下之热，甘草、白芍能调胃而和中。盖天行温疫，郁热自内达外，与伤寒由表传里者不同。；麻黄开腠发汗，桂心引血化汗，黄芩清上中热，大黄泻中下热，甘草白芍调和。,麻黄、桂心、甘草、白芍、大黄、黄芩,外寒里热,TCM-SYNDROME-32E952B84760,留空,,,主治原文不足以直接绑定受控核心证候；按安全默认留空。,D-证据不足,https://openstd.samr.gov.cn/bzgk/std/newGbInfo?hcno=C71A9DAD24CB1252F12439D1F045DA6A；https://www.samr.gov.cn/bzjss/bzjd/art/2022/art_ae386988ba3a44f387bb5634b5f2aa08.html；https://www.yixue.com/%E6%B0%B4%E8%A7%A3%E6%95%A3,待逐方新增原典/权威二级来源后复审,是,不得仅据方名、药味或模型候选强行定证。,https://www.yixue.com/%E6%B0%B4%E8%A7%A3%E6%95%A3,页面正文命中方名
314,顺气消食化痰丸,顺气消食化痰丸,《瑞竹堂》,治酒食生痰，胸膈膨闷，五更咳嗽；此手足太阴药也。痰由湿生，半夏、南星所以燥湿；痰由气升，苏子、菔子、杏仁所以降气；麦芽燥脾逆者；饮食生痰，胸膈膨闷,半夏、胆星、青皮、陈皮、莱菔子、苏子、山楂,痰湿蕴脾,TCM-SYNDROME-AB5B1F1D8E94,采纳,痰湿蕴脾,TCM-SYNDROME-AB5B1F1D8E94,酒食生痰，胸膈膨闷，痰湿蕴脾,A-原清单主治/原典；受控证型归一,https://openstd.samr.gov.cn/bzgk/std/newGbInfo?hcno=C71A9DAD24CB1252F12439D1F045DA6A；https://www.samr.gov.cn/bzjss/bzjd/art/2022/art_ae386988ba3a44f387bb5634b5f2aa08.html；https://www.yixue.com/%E9%A1%BA%E6%B0%94%E6%B6%88%E9%A3%9F%E5%8C%96%E7%97%B0%E4%B8%B8,原文直接支持；本轮提供标准与目录入口,是,,https://www.yixue.com/%E9%A1%BA%E6%B0%94%E6%B6%88%E9%A3%9F%E5%8C%96%E7%97%B0%E4%B8%B8,页面正文命中方名
315,搜脓散,搜脓散,《瑞竹堂经验方》,疮内有脓，不能自出，透深者；白芍、川芎活血行气，白芷排脓消肿，轻粉拔毒，共奏搜脓外出之效,白芍药、川芎、白芷、轻粉,气滞血瘀,qi_stagnation_blood_stasis,留空,,,主治原文不足以直接绑定受控核心证候；按安全默认留空。,D-证据不足,https://openstd.samr.gov.cn/bzgk/std/newGbInfo?hcno=C71A9DAD24CB1252F12439D1F045DA6A；https://www.samr.gov.cn/bzjss/bzjd/art/2022/art_ae386988ba3a44f387bb5634b5f2aa08.html,待逐方新增原典/权威二级来源后复审,是,不得仅据方名、药味或模型候选强行定证。,,无有效页面（HTTP 404）
316,索血散,索血散,《仙传外科集验方》,凡刀刃伤，有潮热，面肿气喘，乃破伤风者，此药亦以治之。；散风解表，活血止痛，归经于肺、肝、胃。；刀刃伤有潮热、面肿、气喘，及破伤风者。,葛根、防风、赤芍、细辛、羌活、桔梗、甘草、肉桂、白芷,肝肺风热,TCM-SYNDROME-DB1ECF49F3CC,留空,,,主治原文不足以直接绑定受控核心证候；按安全默认留空。,D-证据不足,https://openstd.samr.gov.cn/bzgk/std/newGbInfo?hcno=C71A9DAD24CB1252F12439D1F045DA6A；https://www.samr.gov.cn/bzjss/bzjd/art/2022/art_ae386988ba3a44f387bb5634b5f2aa08.html,待逐方新增原典/权威二级来源后复审,是,不得仅据方名、药味或模型候选强行定证。,,无有效页面（HTTP 404）
317,天麻二陈汤,天麻二陈汤,《医方简义》,治厥头痛。；天麻平肝熄风，二陈汤化痰降逆，共治厥头痛。,天麻、半夏、茯苓、陈皮、甘草、生姜,肝风痰浊,TCM-SYNDROME-D98C827F0AC5,采纳,肝风痰浊,TCM-SYNDROME-D98C827F0AC5,天麻平肝熄风，二陈化痰，治厥头痛，证属肝风痰浊。,A-原清单主治/原典；受控证型归一,https://openstd.samr.gov.cn/bzgk/std/newGbInfo?hcno=C71A9DAD24CB1252F12439D1F045DA6A；https://www.samr.gov.cn/bzjss/bzjd/art/2022/art_ae386988ba3a44f387bb5634b5f2aa08.html,原文直接支持；本轮提供标准与目录入口,是,,,无有效页面（HTTP 404）
318,铁瓮先生交感丹,铁瓮先生交感丹,《瑞竹堂经验方》,世人中年，精耗神衰，常言百事心灰。盖缘心血少而火不能下降，肾气惫而水不能上升；交通心肾，降火升水，补益精血，平调阴阳,茯神、香附子,心肾气阴两虚,TCM-SYNDROME-64741BDF4B52,采纳,心肾气阴两虚,TCM-SYNDROME-64741BDF4B52,原文心血少火不降，肾气惫水不升，属心肾气阴两虚。,A-原清单主治/原典；受控证型归一,https://openstd.samr.gov.cn/bzgk/std/newGbInfo?hcno=C71A9DAD24CB1252F12439D1F045DA6A；https://www.samr.gov.cn/bzjss/bzjd/art/2022/art_ae386988ba3a44f387bb5634b5f2aa08.html,原文直接支持；本轮提供标准与目录入口,是,,,无有效页面（HTTP 404）
319,透邪煎,透邪煎,《成方切用》,麻疹初热，未出之时，恐误药，解利得宜则毒散势减。；方以当归、芍药养血和营，防风、荆芥穗疏风透疹，升麻升阳解毒，甘草调和诸药。,当归、芍药、防风、荆芥穗、升麻、甘草,肺经风热,TCM-SYNDROME-3B8AB5881D5E,采纳,肺经风热,TCM-SYNDROME-3B8AB5881D5E,主治麻疹初热未出，方疏风透疹，针对肺经风热。,A-原清单主治/原典；受控证型归一,https://openstd.samr.gov.cn/bzgk/std/newGbInfo?hcno=C71A9DAD24CB1252F12439D1F045DA6A；https://www.samr.gov.cn/bzjss/bzjd/art/2022/art_ae386988ba3a44f387bb5634b5f2aa08.html,原文直接支持；本轮提供标准与目录入口,是,,,无有效页面（HTTP 404）
320,胃气痛方,胃气痛方,（《傅青主男科》）,人病不能饮食，或饮食而不消化，作痛作满，或兼吐泻，此肝木来克脾土也。；疏肝健脾，调和肝脾。方中白芍、当归养血柔肝，柴胡疏肝，茯苓健脾，白芥子化痰，甘草和中。,白芍、当归、茯苓、柴胡、白芥子、甘草,肝郁脾虚,liver_depression_spleen_deficiency,采纳,肝郁脾虚,liver_depression_spleen_deficiency,原文明言肝木克脾土，方疏肝健脾，证属肝郁脾虚。,A-原清单主治/原典；受控证型归一,https://openstd.samr.gov.cn/bzgk/std/newGbInfo?hcno=C71A9DAD24CB1252F12439D1F045DA6A；https://www.samr.gov.cn/bzjss/bzjd/art/2022/art_ae386988ba3a44f387bb5634b5f2aa08.html,原文直接支持；本轮提供标准与目录入口,是,,,无有效页面（HTTP 404）
321,五神膏,五神膏,《惠直堂经验方》,贴一切无名肿毒痈疽等症；血余、蛇蜕、蜂房解毒消肿，元参清热凉血，杏仁润散，麻油黄丹收膏，共治痈疽肿毒。,血余、蛇蜕、蜂房、玄参、杏仁,血热,TCM-SYNDROME-29291DD0E45D,留空,,,主治原文不足以直接绑定受控核心证候；按安全默认留空。,D-证据不足,https://openstd.samr.gov.cn/bzgk/std/newGbInfo?hcno=C71A9DAD24CB1252F12439D1F045DA6A；https://www.samr.gov.cn/bzjss/bzjd/art/2022/art_ae386988ba3a44f387bb5634b5f2aa08.html,待逐方新增原典/权威二级来源后复审,是,不得仅据方名、药味或模型候选强行定证。,,无有效页面（HTTP 404）
322,仙传通津救命至灵丹,仙传通津救命至灵丹,《古方汇精》,治裂胞生。及难产数日。血水已干。产户枯涩。命在垂危者。；桂圆肉补血润燥，牛膝引血下行，酒助药力，共奏通津催产之效。；裂胞生，及难产数日，血水已干，产户枯涩，命在垂危者。,桂圆肉、牛膝,血燥,TCM-SYNDROME-B5A11667241B,留空,,,主治原文不足以直接绑定受控核心证候；按安全默认留空。,D-证据不足,https://openstd.samr.gov.cn/bzgk/std/newGbInfo?hcno=C71A9DAD24CB1252F12439D1F045DA6A；https://www.samr.gov.cn/bzjss/bzjd/art/2022/art_ae386988ba3a44f387bb5634b5f2aa08.html,待逐方新增原典/权威二级来源后复审,是,不得仅据方名、药味或模型候选强行定证。,,无有效页面（HTTP 404）
323,香荆散,香荆散,《三因极一病证方论》,治肛门脱出，大人小儿悉主之。；香附理气，荆芥升散，共奏升提固脱之功。,香附子、荆芥穗,中气下陷,TCM-SYNDROME-593D354C4690,采纳,中气下陷,TCM-SYNDROME-593D354C4690,'肛门脱出'为中气下陷主症，方以荆芥升散、香附理气，契合病机。,A-原清单主治/原典；受控证型归一,https://openstd.samr.gov.cn/bzgk/std/newGbInfo?hcno=C71A9DAD24CB1252F12439D1F045DA6A；https://www.samr.gov.cn/bzjss/bzjd/art/2022/art_ae386988ba3a44f387bb5634b5f2aa08.html,原文直接支持；本轮提供标准与目录入口,是,,,无有效页面（HTTP 404）
324,香薷汤,香薷汤,《医方考》,疟发时，独热无寒者，名曰瘅疟，当责之暑。；香薷解表里暑，扁豆解肠胃暑，厚朴破暑饮，甘草解暑毒，茯神宁心。,香薷、白扁豆、厚朴、茯神、炙甘草,暑热扰心,TCM-SYNDROME-B46CC44FE080,留空,,,主治原文不足以直接绑定受控核心证候；按安全默认留空。,D-证据不足,https://openstd.samr.gov.cn/bzgk/std/newGbInfo?hcno=C71A9DAD24CB1252F12439D1F045DA6A；https://www.samr.gov.cn/bzjss/bzjd/art/2022/art_ae386988ba3a44f387bb5634b5f2aa08.html；https://www.yixue.com/%E9%A6%99%E8%96%B7%E6%B1%A4,待逐方新增原典/权威二级来源后复审,是,不得仅据方名、药味或模型候选强行定证。,https://www.yixue.com/%E9%A6%99%E8%96%B7%E6%B1%A4,页面正文命中方名
325,小儿疟疾方,小儿疟疾方,《大小诸证方论》,小儿疟疾；方以柴胡疏肝解郁，白术茯苓健脾，归芍养血，半夏青皮化痰理气，调和肝脾，治小儿疟疾。,柴胡、白术、茯苓、当归身、白芍、半夏、青皮,肝脾气血两虚,TCM-SYNDROME-00C438EB6F14,留空,,,主治原文不足以直接绑定受控核心证候；按安全默认留空。,D-证据不足,https://openstd.samr.gov.cn/bzgk/std/newGbInfo?hcno=C71A9DAD24CB1252F12439D1F045DA6A；https://www.samr.gov.cn/bzjss/bzjd/art/2022/art_ae386988ba3a44f387bb5634b5f2aa08.html,待逐方新增原典/权威二级来源后复审,是,不得仅据方名、药味或模型候选强行定证。,,无有效页面（HTTP 404）
326,小青龙加石膏汤,小青龙加石膏汤,《古今名医方论》,治肺胀咳而上气，烦躁而喘，脉浮者，心下有水。；方中麻黄、桂枝解表散寒，干姜、细辛温肺化饮，石膏清解郁热，五味子敛肺止咳，芍药、甘草和营缓急。；治肺胀咳而上气。烦躁而喘。脉浮者。心下有水。（《金匮方歌括》主治，用于检索召回）,麻黄、桂枝、细辛、芍药、甘草、五味子、干姜、半夏、石膏,表寒肺热,TCM-SYNDROME-C30B052A8D0F,留空,,,主治原文不足以直接绑定受控核心证候；按安全默认留空。,D-证据不足,https://openstd.samr.gov.cn/bzgk/std/newGbInfo?hcno=C71A9DAD24CB1252F12439D1F045DA6A；https://www.samr.gov.cn/bzjss/bzjd/art/2022/art_ae386988ba3a44f387bb5634b5f2aa08.html；https://www.yixue.com/%E5%B0%8F%E9%9D%92%E9%BE%99%E5%8A%A0%E7%9F%B3%E8%86%8F%E6%B1%A4,待逐方新增原典/权威二级来源后复审,是,不得仅据方名、药味或模型候选强行定证。,https://www.yixue.com/%E5%B0%8F%E9%9D%92%E9%BE%99%E5%8A%A0%E7%9F%B3%E8%86%8F%E6%B1%A4,页面正文命中方名
327,泻毒饮,泻毒饮,《古方汇精》,治痘粒干收。；方中生地、玄参、当归滋阴养血，银花、甘草解毒，半夏化痰，金汁、辰砂清热安神，共奏解毒养阴之功。；痘粒干收。,生地黄、玄参、当归、金银花、甘草、半夏,痰热伤阴,TCM-SYNDROME-EA1948941896,采纳,热毒伤阴,TCM-SYNDROME-4542FD469DD8,“痘粒干收”提示阴伤，方用解毒养阴，证属热毒伤阴,A-原清单主治/原典；受控证型归一,https://openstd.samr.gov.cn/bzgk/std/newGbInfo?hcno=C71A9DAD24CB1252F12439D1F045DA6A；https://www.samr.gov.cn/bzjss/bzjd/art/2022/art_ae386988ba3a44f387bb5634b5f2aa08.html,原文直接支持；本轮提供标准与目录入口,是,,,无有效页面（HTTP 404）
328,心气痛方,心气痛方,《惠直堂经验方》,心气痛；香附理气止痛，白矾收敛燥湿，酒助药力发汗，共奏行气止痛之功。,香附子、白矾,心脉气滞,TCM-SYNDROME-9E6782B5D9A2,采纳,心脉气滞,TCM-SYNDROME-9E6782B5D9A2,主治“心气痛”，香附理气止痛，属气滞证,A-原清单主治/原典；受控证型归一,https://openstd.samr.gov.cn/bzgk/std/newGbInfo?hcno=C71A9DAD24CB1252F12439D1F045DA6A；https://www.samr.gov.cn/bzjss/bzjd/art/2022/art_ae386988ba3a44f387bb5634b5f2aa08.html,原文直接支持；本轮提供标准与目录入口,是,,,无有效页面（HTTP 404）
329,雄黄解毒散,雄黄解毒散,《验方新编》,治一切痈疽溃烂毒势甚者；方中雄黄解毒，白矾燥湿，寒水石清热，共奏解毒敛疮之功,雄黄、白矾、寒水石,湿热化燥,TCM-SYNDROME-CB8FCE0B844A,采纳,热毒炽盛,TCM-SYNDROME-C0CF9C4F077A,治痈疽溃烂毒势甚，雄黄等专解毒，属热毒炽盛,A-原清单主治/原典；受控证型归一,https://openstd.samr.gov.cn/bzgk/std/newGbInfo?hcno=C71A9DAD24CB1252F12439D1F045DA6A；https://www.samr.gov.cn/bzjss/bzjd/art/2022/art_ae386988ba3a44f387bb5634b5f2aa08.html,原文直接支持；本轮提供标准与目录入口,是,,,无有效页面（HTTP 404）
330,玄天散,玄天散,《惠直堂经验方》,治肺痈。凡人咳嗽而两胁疼痛者是。即宜速用此方。；玄参、天冬滋阴清热，桔梗、甘草排脓利咽，蒲公英、金银花解毒消痈，共治肺痈初起。,玄参、天冬、桔梗、甘草、蒲公英、金银花,肺热阴虚,TCM-SYNDROME-E36258BFCE80,留空,,,主治原文不足以直接绑定受控核心证候；按安全默认留空。,D-证据不足,https://openstd.samr.gov.cn/bzgk/std/newGbInfo?hcno=C71A9DAD24CB1252F12439D1F045DA6A；https://www.samr.gov.cn/bzjss/bzjd/art/2022/art_ae386988ba3a44f387bb5634b5f2aa08.html,待逐方新增原典/权威二级来源后复审,是,不得仅据方名、药味或模型候选强行定证。,,无有效页面（HTTP 404）
331,熏药方,熏药方,《医方简义》,用于妇人乳疾，需熏乳使收上。；白蔹、防风、羌活祛风散结，外用熏法以通络收乳。,白蔹、防风、羌活,外风,TCM-SYNDROME-D721CD68E4A1,留空,,,主治原文不足以直接绑定受控核心证候；按安全默认留空。,D-证据不足,https://openstd.samr.gov.cn/bzgk/std/newGbInfo?hcno=C71A9DAD24CB1252F12439D1F045DA6A；https://www.samr.gov.cn/bzjss/bzjd/art/2022/art_ae386988ba3a44f387bb5634b5f2aa08.html,待逐方新增原典/权威二级来源后复审,是,不得仅据方名、药味或模型候选强行定证。,,无有效页面（HTTP 404）
332,牙痛立止方,牙痛立止方,《惠直堂经验方》,牙痛；辛夷、防风散风止痛，花椒、蜂房杀虫止痛，共奏散风杀虫止痛之功。,辛夷、花椒、蜂房、防风,外风,TCM-SYNDROME-D721CD68E4A1,采纳,外风,TCM-SYNDROME-D721CD68E4A1,主治明确“散风止痛”，直接支持外风证候。,A-原清单主治/原典；受控证型归一,https://openstd.samr.gov.cn/bzgk/std/newGbInfo?hcno=C71A9DAD24CB1252F12439D1F045DA6A；https://www.samr.gov.cn/bzjss/bzjd/art/2022/art_ae386988ba3a44f387bb5634b5f2aa08.html,原文直接支持；本轮提供标准与目录入口,是,,,无有效页面（HTTP 404）
333,羊肝散,羊肝散,《古方汇精》,治疳气入眼。并痘后眼脬肿痛羞明。；密蒙花、青葙子、决明子、车前子清肝明目，羊肝引经，治疳积及痘后目疾。,密蒙花、青葙子、决明子、车前子,肝热气滞,TCM-SYNDROME-CAAD8A1BF3B6,采纳,肝火上炎,TCM-SYNDROME-D458E1730BE6,疳气入眼、肿痛羞明，并清肝明目，提示肝热上扰。,A-原清单主治/原典；受控证型归一,https://openstd.samr.gov.cn/bzgk/std/newGbInfo?hcno=C71A9DAD24CB1252F12439D1F045DA6A；https://www.samr.gov.cn/bzjss/bzjd/art/2022/art_ae386988ba3a44f387bb5634b5f2aa08.html；https://www.yixue.com/%E7%BE%8A%E8%82%9D%E6%95%A3,原文直接支持；本轮提供标准与目录入口,是,,https://www.yixue.com/%E7%BE%8A%E8%82%9D%E6%95%A3,页面正文命中方名
334,阳和生化汤,阳和生化汤,《古方汇精》,产后恶露不行，儿枕作痛，并一切血晕诸症。小产亦宜照服。；温经活血，化瘀止痛。归经：肝、心、脾。；产后恶露不行，儿枕作痛，一切血晕，及小产。,当归、炙甘草、炮姜、川芎、丹参、桃仁,心肝血瘀,TCM-SYNDROME-AF18A9F0CC6B,采纳,血瘀,TCM-SYNDROME-DD4FA175C420,主治恶露不行、儿枕作痛、血晕，显系瘀血内停。,A-原清单主治/原典；受控证型归一,https://openstd.samr.gov.cn/bzgk/std/newGbInfo?hcno=C71A9DAD24CB1252F12439D1F045DA6A；https://www.samr.gov.cn/bzjss/bzjd/art/2022/art_ae386988ba3a44f387bb5634b5f2aa08.html,原文直接支持；本轮提供标准与目录入口,是,,,无有效页面（HTTP 404）
335,养营惜红煎,养营惜红煎,《古方汇精》,治产后鼻中流血不止。；归芎养血活血，荆芥穗炒黑止血，血余炭化瘀，童便引血下行。；产后鼻中流血不止。,当归尾、川芎、荆芥穗、血余炭,气血瘀滞鼻窍,TCM-SYNDROME-C35A9EACC486,留空,,,主治原文不足以直接绑定受控核心证候；按安全默认留空。,D-证据不足,https://openstd.samr.gov.cn/bzgk/std/newGbInfo?hcno=C71A9DAD24CB1252F12439D1F045DA6A；https://www.samr.gov.cn/bzjss/bzjd/art/2022/art_ae386988ba3a44f387bb5634b5f2aa08.html,待逐方新增原典/权威二级来源后复审,是,不得仅据方名、药味或模型候选强行定证。,,无有效页面（HTTP 404）
336,养元汤,养元汤,《医方简义》,治妊娠。每月加减而服。以养胎元。；方以生地、归身养血，白术、黄芩安胎，黄芪益气，随经加减以养胎元。,生地黄、当归身、白术、黄芩、黄芪,气血两虚,qi_blood_deficiency,留空,,,主治原文不足以直接绑定受控核心证候；按安全默认留空。,D-证据不足,https://openstd.samr.gov.cn/bzgk/std/newGbInfo?hcno=C71A9DAD24CB1252F12439D1F045DA6A；https://www.samr.gov.cn/bzjss/bzjd/art/2022/art_ae386988ba3a44f387bb5634b5f2aa08.html；https://www.yixue.com/%E5%85%BB%E5%85%83%E6%B1%A4,待逐方新增原典/权威二级来源后复审,是,不得仅据方名、药味或模型候选强行定证。,https://www.yixue.com/%E5%85%BB%E5%85%83%E6%B1%A4,页面正文命中方名
337,腰痛矣而又头痛方,腰痛矣而又头痛方,《大小诸证方论》,腰痛兼头痛，因肾气不通于脑所致。；补肾之剂，熟地、杜仲专治腰痛，肾旺上通于脑，故头痛亦愈。,熟地黄、杜仲、麦冬、五味子,肾气不足,TCM-SYNDROME-8706B2AF37CC,采纳,肾气不足,TCM-SYNDROME-8706B2AF37CC,原文“肾气不通于脑”，补肾则愈,A-原清单主治/原典；受控证型归一,https://openstd.samr.gov.cn/bzgk/std/newGbInfo?hcno=C71A9DAD24CB1252F12439D1F045DA6A；https://www.samr.gov.cn/bzjss/bzjd/art/2022/art_ae386988ba3a44f387bb5634b5f2aa08.html,原文直接支持；本轮提供标准与目录入口,是,,,无有效页面（HTTP 404）
338,咬头方,咬头方,《惠直堂经验方》,疮口不破，需促其出头；蟾酥解毒消肿，麝香活血通窍，共奏促疮出头之效。,蟾酥、麝香,气滞血瘀,qi_stagnation_blood_stasis,留空,,,主治原文不足以直接绑定受控核心证候；按安全默认留空。,D-证据不足,https://openstd.samr.gov.cn/bzgk/std/newGbInfo?hcno=C71A9DAD24CB1252F12439D1F045DA6A；https://www.samr.gov.cn/bzjss/bzjd/art/2022/art_ae386988ba3a44f387bb5634b5f2aa08.html,待逐方新增原典/权威二级来源后复审,是,不得仅据方名、药味或模型候选强行定证。,,无有效页面（HTTP 404）
339,抑气散,抑气散,严氏,治妇人气盛于血，变生诸证，头晕膈满；手太阴、少阳药。香附散郁气，陈皮调诸气，茯神安心气，甘草缓正气。；治妇人气盛于血，变生诸证。头晕，膈满。,香附、陈皮、茯神、甘草,心脉气滞,TCM-SYNDROME-9E6782B5D9A2,采纳,气滞,TCM-SYNDROME-7F85B83ECF9F,主治“气盛于血”致头晕膈满，散郁调气,A-原清单主治/原典；受控证型归一,https://openstd.samr.gov.cn/bzgk/std/newGbInfo?hcno=C71A9DAD24CB1252F12439D1F045DA6A；https://www.samr.gov.cn/bzjss/bzjd/art/2022/art_ae386988ba3a44f387bb5634b5f2aa08.html,原文直接支持；本轮提供标准与目录入口,是,,,无有效页面（HTTP 404）
340,银花甘草汤,银花甘草汤,《验方新编》,凡肿毒初起，一切恶毒，无不立消。但宜早服方可消散，迟则疮毒已成，脓必外溃，无从消散。；金银花清热解毒，生甘草调和解毒，清酒助药力，共奏消散肿毒之功。,金银花、甘草,三焦实热,TCM-SYNDROME-11394BF7307F,采纳,火毒,TCM-SYNDROME-386034674214,主治肿毒初起，清热解毒消散,A-原清单主治/原典；受控证型归一,https://openstd.samr.gov.cn/bzgk/std/newGbInfo?hcno=C71A9DAD24CB1252F12439D1F045DA6A；https://www.samr.gov.cn/bzjss/bzjd/art/2022/art_ae386988ba3a44f387bb5634b5f2aa08.html,原文直接支持；本轮提供标准与目录入口,是,,,无有效页面（HTTP 404）
341,又治火泻方,又治火泻方,《大小诸证方论》,火泻，完谷不化，饮食下喉即出，昼夜有泻数十次者，甚至有百次者；补肾水以制火，使火有居处而不上腾，非止泻而泻自止,熟地黄、山茱萸、甘草、茯苓、车前子、白芍,肾阴虚火旺,TCM-SYNDROME-C590B2C00B3B,采纳,肾阴虚火旺,TCM-SYNDROME-C590B2C00B3B,主治“火泻”，“补肾水以制火”,A-原清单主治/原典；受控证型归一,https://openstd.samr.gov.cn/bzgk/std/newGbInfo?hcno=C71A9DAD24CB1252F12439D1F045DA6A；https://www.samr.gov.cn/bzjss/bzjd/art/2022/art_ae386988ba3a44f387bb5634b5f2aa08.html,原文直接支持；本轮提供标准与目录入口,是,,,无有效页面（HTTP 404）
342,又治脾泄丸（散）方,又治脾泄丸（散）方,《大小诸证方论》,脾泄；健脾渗湿止泻，归脾、胃经。,白术、茯苓、白扁豆、薏苡仁、谷芽、陈皮,湿困脾胃,TCM-SYNDROME-064EF6858A5E,采纳,脾虚湿困,spleen_deficiency_dampness,主治“脾泄”，“健脾渗湿止泻”,A-原清单主治/原典；受控证型归一,https://openstd.samr.gov.cn/bzgk/std/newGbInfo?hcno=C71A9DAD24CB1252F12439D1F045DA6A；https://www.samr.gov.cn/bzjss/bzjd/art/2022/art_ae386988ba3a44f387bb5634b5f2aa08.html,原文直接支持；本轮提供标准与目录入口,是,,,无有效页面（HTTP 404）
343,玉屑膏,玉屑膏,《三因极一病证方论》,治尿血，并五淋砂石，疼痛不可忍受者。；黄芪补气升阳，人参益气固脱，蜜炙萝卜润下，共奏益气通淋止痛之功。,黄芪、人参,气不摄血,TCM-SYNDROME-C1348758E444,留空,,,主治原文不足以直接绑定受控核心证候；按安全默认留空。,D-证据不足,https://openstd.samr.gov.cn/bzgk/std/newGbInfo?hcno=C71A9DAD24CB1252F12439D1F045DA6A；https://www.samr.gov.cn/bzjss/bzjd/art/2022/art_ae386988ba3a44f387bb5634b5f2aa08.html,待逐方新增原典/权威二级来源后复审,是,不得仅据方名、药味或模型候选强行定证。,,无有效页面（HTTP 404）
344,振阳汤,振阳汤,《医方简义》,治阳痿症。；温补肾阳，填精固涩，主治阳痿。；阳痿。,鹿角霜、肉苁蓉、怀牛膝、枸杞子、远志、菟丝子、大枣,肾阳不足,TCM-SYNDROME-86857429AD3F,采纳,肾阳不足,TCM-SYNDROME-86857429AD3F,主治“治阳痿症”，“温补肾阳”,A-原清单主治/原典；受控证型归一,https://openstd.samr.gov.cn/bzgk/std/newGbInfo?hcno=C71A9DAD24CB1252F12439D1F045DA6A；https://www.samr.gov.cn/bzjss/bzjd/art/2022/art_ae386988ba3a44f387bb5634b5f2aa08.html,原文直接支持；本轮提供标准与目录入口,是,,,无有效页面（HTTP 404）
345,止血方,止血方,《惠直堂经验方》,止血。；生地、元参滋阴凉血，当归养血，荆芥炒黑止血，三七化瘀止血，共奏止血之功。,生地黄、当归、玄参、荆芥、三七,阴虚血瘀,TCM-SYNDROME-B477ECF11A64,留空,,,主治原文不足以直接绑定受控核心证候；按安全默认留空。,D-证据不足,https://openstd.samr.gov.cn/bzgk/std/newGbInfo?hcno=C71A9DAD24CB1252F12439D1F045DA6A；https://www.samr.gov.cn/bzjss/bzjd/art/2022/art_ae386988ba3a44f387bb5634b5f2aa08.html,待逐方新增原典/权威二级来源后复审,是,不得仅据方名、药味或模型候选强行定证。,,无有效页面（HTTP 404）
346,治滞痰方,治滞痰方,《大小诸证方论》,痰之滞，乃气之滞也，不补气而惟去痰，未见痰去而病消也。；补气化痰，人参白术补气，茯苓陈皮白芥子花粉苏子化痰降气。,人参、白术、茯苓、陈皮、白芥子、花粉、苏子,气虚痰结,TCM-SYNDROME-A503C0F9A3B1,采纳,气虚痰结,TCM-SYNDROME-A503C0F9A3B1,原文强调“补气而化痰”，人参白术补气，针对气虚为本，痰滞为标。,A-原清单主治/原典；受控证型归一,https://openstd.samr.gov.cn/bzgk/std/newGbInfo?hcno=C71A9DAD24CB1252F12439D1F045DA6A；https://www.samr.gov.cn/bzjss/bzjd/art/2022/art_ae386988ba3a44f387bb5634b5f2aa08.html,原文直接支持；本轮提供标准与目录入口,是,,,无有效页面（HTTP 404）
347,种玉酒七,种玉酒七,《古方汇精》,治妇女经水不调，气血乖和，不能受孕，或生过一胎，停隔多年。；当归养血活血，远志散滞行气消痰，酒浸温通，调和气血。,当归、远志,气血失调,TCM-SYNDROME-4FD46B37E9BB,采纳,气血失调,TCM-SYNDROME-4FD46B37E9BB,主治明确“气血乖和”，方中当归养血，远志行气，酒浸调和气血。,A-原清单主治/原典；受控证型归一,https://openstd.samr.gov.cn/bzgk/std/newGbInfo?hcno=C71A9DAD24CB1252F12439D1F045DA6A；https://www.samr.gov.cn/bzjss/bzjd/art/2022/art_ae386988ba3a44f387bb5634b5f2aa08.html,原文直接支持；本轮提供标准与目录入口,是,,,无有效页面（HTTP 404）
348,朱雀丸,朱雀丸,《医方考》,惊气怔忡；茯神宁心，沉香下气，气下则怔忡瘥,茯神、沉香,心脉气滞,TCM-SYNDROME-9E6782B5D9A2,采纳,心脉气滞,TCM-SYNDROME-9E6782B5D9A2,“惊气怔忡”因气机逆乱，沉香下气则怔忡瘥，病机为气滞心胸。,A-原清单主治/原典；受控证型归一,https://openstd.samr.gov.cn/bzgk/std/newGbInfo?hcno=C71A9DAD24CB1252F12439D1F045DA6A；https://www.samr.gov.cn/bzjss/bzjd/art/2022/art_ae386988ba3a44f387bb5634b5f2aa08.html；https://www.yixue.com/%E6%9C%B1%E9%9B%80%E4%B8%B8,原文直接支持；本轮提供标准与目录入口,是,,https://www.yixue.com/%E6%9C%B1%E9%9B%80%E4%B8%B8,页面正文命中方名
349,诸疝初起方,诸疝初起方,《验方新编》,诸疝初起；荔枝核行气散寒，小茴香温肾暖肝，紫背天葵清热散结，共奏理气止痛之功。,荔枝核、小茴香、紫背天葵,寒热错杂,TCM-SYNDROME-BBEC651B5E26,采纳,寒热错杂,TCM-SYNDROME-BBEC651B5E26,方中荔枝核、小茴香散寒，紫背天葵清热，寒热并用针对错杂病机。,A-原清单主治/原典；受控证型归一,https://openstd.samr.gov.cn/bzgk/std/newGbInfo?hcno=C71A9DAD24CB1252F12439D1F045DA6A；https://www.samr.gov.cn/bzjss/bzjd/art/2022/art_ae386988ba3a44f387bb5634b5f2aa08.html,原文直接支持；本轮提供标准与目录入口,是,,,无有效页面（HTTP 404）
350,逐狐汤,逐狐汤,《惠直堂经验方》,治狐疝。日则缩而痛。夜则出而安。且能强阳善战。是真狐疝也。；方用人参、白术、茯苓补气健脾，肉桂温阳，橘核、白薇、荆芥散结疏肝，共治狐疝。,人参、白术、茯苓、肉桂、橘核、白薇、荆芥,肝脾气滞,TCM-SYNDROME-3E2CD824EE97,采纳,肝脾气滞,TCM-SYNDROME-3E2CD824EE97,方中橘核、荆芥疏肝散结，参术苓补气健脾，提示肝郁气滞兼脾虚。,A-原清单主治/原典；受控证型归一,https://openstd.samr.gov.cn/bzgk/std/newGbInfo?hcno=C71A9DAD24CB1252F12439D1F045DA6A；https://www.samr.gov.cn/bzjss/bzjd/art/2022/art_ae386988ba3a44f387bb5634b5f2aa08.html,原文直接支持；本轮提供标准与目录入口,是,,,无有效页面（HTTP 404）
351,走精黄病方,走精黄病方,《古方汇精》,面目俱黄，多睡，舌紫甚而裂，若爪甲黑者死。；淡豆豉宣郁除烦，牛膝引血下行，外擦内饮以退黄。,淡豆豉、牛膝,下焦蓄血,TCM-SYNDROME-F2311322F959,留空,,,主治原文不足以直接绑定受控核心证候；按安全默认留空。,D-证据不足,https://openstd.samr.gov.cn/bzgk/std/newGbInfo?hcno=C71A9DAD24CB1252F12439D1F045DA6A；https://www.samr.gov.cn/bzjss/bzjd/art/2022/art_ae386988ba3a44f387bb5634b5f2aa08.html,待逐方新增原典/权威二级来源后复审,是,不得仅据方名、药味或模型候选强行定证。,,无有效页面（HTTP 404）
352,阿胶饮,阿胶饮,《三因极一病证方论》,治小便遗失不禁。；阿胶补血，牡蛎固涩，鹿茸温肾，共奏固脬止遗之效。,阿胶、牡蛎、鹿茸,,,采纳,肾虚不固,TCM-SYNDROME-8A2B81FE85B4,主治“小便遗失不禁”，直指肾虚不固、膀胱失约,A-原清单主治/原典；受控证型归一,https://openstd.samr.gov.cn/bzgk/std/newGbInfo?hcno=C71A9DAD24CB1252F12439D1F045DA6A；https://www.samr.gov.cn/bzjss/bzjd/art/2022/art_ae386988ba3a44f387bb5634b5f2aa08.html,原文直接支持；本轮提供标准与目录入口,是,,,无有效页面（HTTP 404）
353,百合地黄汤,百合地黄汤,《绛雪园古方选注》,百合病，未经汗吐下者，溺时头痛，属厥阴、阳明二经为病。；补阴之法，治百脉一宗之病，中病勿更服，恐变症。；治百合病。百合病者，百脉一宗，悉致其病也。（《退思集类方歌注》主治，用于检索召回）,百合、生地黄,,,留空,,,主治原文不足以直接绑定受控核心证候；按安全默认留空。,D-证据不足,https://openstd.samr.gov.cn/bzgk/std/newGbInfo?hcno=C71A9DAD24CB1252F12439D1F045DA6A；https://www.samr.gov.cn/bzjss/bzjd/art/2022/art_ae386988ba3a44f387bb5634b5f2aa08.html；https://www.yixue.com/%E7%99%BE%E5%90%88%E5%9C%B0%E9%BB%84%E6%B1%A4,待逐方新增原典/权威二级来源后复审,是,不得仅据方名、药味或模型候选强行定证。,https://www.yixue.com/%E7%99%BE%E5%90%88%E5%9C%B0%E9%BB%84%E6%B1%A4,页面正文命中方名
354,百合知母汤,百合知母汤,《绛雪园古方选注》,治百合病发汗后者。（《退思集类方歌注》主治，用于检索召回）,百合、知母,,,留空,,,主治原文不足以直接绑定受控核心证候；按安全默认留空。,D-证据不足,https://openstd.samr.gov.cn/bzgk/std/newGbInfo?hcno=C71A9DAD24CB1252F12439D1F045DA6A；https://www.samr.gov.cn/bzjss/bzjd/art/2022/art_ae386988ba3a44f387bb5634b5f2aa08.html；https://www.yixue.com/%E7%99%BE%E5%90%88%E7%9F%A5%E6%AF%8D%E6%B1%A4,待逐方新增原典/权威二级来源后复审,是,不得仅据方名、药味或模型候选强行定证。,https://www.yixue.com/%E7%99%BE%E5%90%88%E7%9F%A5%E6%AF%8D%E6%B1%A4,页面正文命中方名
355,败毒托里散,败毒托里散,《医方集宜》,治疰节疔生于手指上,人参、黄芪、当归、川芎、芍药、白术、茯苓、白芷、金银花、甘草、防风,,,采纳,火毒炽盛,TCM-SYNDROME-7E87F04A76C1,主治“疰节疔生于手指上”，属火毒炽盛之疔疮,A-原清单主治/原典；受控证型归一,https://openstd.samr.gov.cn/bzgk/std/newGbInfo?hcno=C71A9DAD24CB1252F12439D1F045DA6A；https://www.samr.gov.cn/bzjss/bzjd/art/2022/art_ae386988ba3a44f387bb5634b5f2aa08.html,原文直接支持；本轮提供标准与目录入口,是,,,无有效页面（HTTP 404）
356,败毒至圣散,败毒至圣散,《惠直堂经验方》,治大小肠痈。；金银花败毒补虚，当归活血，地榆凉血，薏苡仁排脓，合治肠痈。,金银花、当归、地榆、薏苡仁,,,留空,,,主治原文不足以直接绑定受控核心证候；按安全默认留空。,D-证据不足,https://openstd.samr.gov.cn/bzgk/std/newGbInfo?hcno=C71A9DAD24CB1252F12439D1F045DA6A；https://www.samr.gov.cn/bzjss/bzjd/art/2022/art_ae386988ba3a44f387bb5634b5f2aa08.html,待逐方新增原典/权威二级来源后复审,是,不得仅据方名、药味或模型候选强行定证。,,无有效页面（HTTP 404）
357,备用要方,备用要方,《痧胀玉衡》,痧有因于风者，此方主之。；祛风散邪，理气解表。归经：肺、脾、肝。,防风、陈皮、细辛、金银花、荆芥、枳壳,,,采纳,风邪,TCM-SYNDROME-9382BFDA22CF,“痧有因于风者，此方主之”，明确针对风邪致病,A-原清单主治/原典；受控证型归一,https://openstd.samr.gov.cn/bzgk/std/newGbInfo?hcno=C71A9DAD24CB1252F12439D1F045DA6A；https://www.samr.gov.cn/bzjss/bzjd/art/2022/art_ae386988ba3a44f387bb5634b5f2aa08.html,原文直接支持；本轮提供标准与目录入口,是,,,无有效页面（HTTP 404）
358,背骨痛方,背骨痛方,《大小诸证方论》,肾水虚耗，不能上润于脑，河车之路干涩而难行，故作背骨痛。；补气补水，去湿去风，润筋滋骨。,黄芪、熟地黄、白术、山茱萸、五味子、茯苓,,,留空,,,主治原文不足以直接绑定受控核心证候；按安全默认留空。,D-证据不足,https://openstd.samr.gov.cn/bzgk/std/newGbInfo?hcno=C71A9DAD24CB1252F12439D1F045DA6A；https://www.samr.gov.cn/bzjss/bzjd/art/2022/art_ae386988ba3a44f387bb5634b5f2aa08.html,待逐方新增原典/权威二级来源后复审,是,不得仅据方名、药味或模型候选强行定证。,,无有效页面（HTTP 404）
359,参桂汤,参桂汤,《三因极一病证方论》,治卒半身不遂，手足拘急，不得屈伸，身体冷，或智或痴，或身强直，不语，或生或死，狂言不可名状，角弓反张，或欲得食，或不用食，或大小便不利。；方用人参、桂心益气通阳，当归、独活活血祛风，黄芩、石膏清热，干姜、甘草温中，杏仁宣肺，共奏调和营卫、祛风通络之功。,人参、肉桂、当归、独活、黄芩、干姜、甘草、石膏、杏仁,,,留空,,,主治原文不足以直接绑定受控核心证候；按安全默认留空。,D-证据不足,https://openstd.samr.gov.cn/bzgk/std/newGbInfo?hcno=C71A9DAD24CB1252F12439D1F045DA6A；https://www.samr.gov.cn/bzjss/bzjd/art/2022/art_ae386988ba3a44f387bb5634b5f2aa08.html；https://www.yixue.com/%E5%8F%82%E6%A1%82%E6%B1%A4,待逐方新增原典/权威二级来源后复审,是,不得仅据方名、药味或模型候选强行定证。,https://www.yixue.com/%E5%8F%82%E6%A1%82%E6%B1%A4,页面正文命中方名
360,柴葛解肌汤（《医学心悟》程氏）,柴葛解肌汤（《医学心悟》程氏）,《医学心悟》,"春温夏热之病,其症发热头痛,与正伤寒同,但不恶寒而口渴。",柴胡、葛根、赤芍、甘草、黄芩、知母、贝母、生地黄,,,留空,,,主治原文不足以直接绑定受控核心证候；按安全默认留空。,D-证据不足,https://openstd.samr.gov.cn/bzgk/std/newGbInfo?hcno=C71A9DAD24CB1252F12439D1F045DA6A；https://www.samr.gov.cn/bzjss/bzjd/art/2022/art_ae386988ba3a44f387bb5634b5f2aa08.html,待逐方新增原典/权威二级来源后复审,是,不得仅据方名、药味或模型候选强行定证。,,无有效页面（HTTP 404）
361,柴胡桂枝汤,柴胡桂枝汤,《古今名医方论》,伤寒六七日，发热，微恶寒，肢节烦疼，微呕，心下支结。此太阳、少阳并病也。；柴、桂二汤调和，桂枝重解表微清里，柴胡重调里微解表，两方合用，表里双解。；治伤寒六七日。发热微恶寒。肢节烦疼。微呕。（《长沙方歌括》主治，用于检索召回）,柴胡、黄芩、人参、生姜、芍药、桂枝、甘草、半夏、大枣,,,留空,,,主治原文不足以直接绑定受控核心证候；按安全默认留空。,D-证据不足,https://openstd.samr.gov.cn/bzgk/std/newGbInfo?hcno=C71A9DAD24CB1252F12439D1F045DA6A；https://www.samr.gov.cn/bzjss/bzjd/art/2022/art_ae386988ba3a44f387bb5634b5f2aa08.html；https://www.yixue.com/%E6%9F%B4%E8%83%A1%E6%A1%82%E6%9E%9D%E6%B1%A4,待逐方新增原典/权威二级来源后复审,是,不得仅据方名、药味或模型候选强行定证。,https://www.yixue.com/%E6%9F%B4%E8%83%A1%E6%A1%82%E6%9E%9D%E6%B1%A4,页面正文命中方名
362,柴胡生化汤,柴胡生化汤,《医方简义》,治产后郁冒寒多。复汗。身热。；方以柴胡疏解郁热，川芎活血，当归养血，桃仁化瘀，炙甘草和中，炮姜温中，共奏和解化瘀之功。；产后郁冒寒多，复汗，身热。,柴胡、川芎、当归、桃仁、甘草、炮姜,,,留空,,,主治原文不足以直接绑定受控核心证候；按安全默认留空。,D-证据不足,https://openstd.samr.gov.cn/bzgk/std/newGbInfo?hcno=C71A9DAD24CB1252F12439D1F045DA6A；https://www.samr.gov.cn/bzjss/bzjd/art/2022/art_ae386988ba3a44f387bb5634b5f2aa08.html；https://www.yixue.com/%E6%9F%B4%E8%83%A1%E7%94%9F%E5%8C%96%E6%B1%A4,待逐方新增原典/权威二级来源后复审,是,不得仅据方名、药味或模型候选强行定证。,https://www.yixue.com/%E6%9F%B4%E8%83%A1%E7%94%9F%E5%8C%96%E6%B1%A4,页面正文命中方名
363,蟾酥解毒丸,蟾酥解毒丸,《惠直堂经验方》,治疔疮恶毒。走黄疔。耳疔。；蟾酥解毒消肿，雄黄解毒杀虫，乳香活血止痛，葱汁通阳，朱砂安神，共奏解毒疗疮之功。,蟾酥、雄黄、乳香,,,留空,,,主治原文不足以直接绑定受控核心证候；按安全默认留空。,D-证据不足,https://openstd.samr.gov.cn/bzgk/std/newGbInfo?hcno=C71A9DAD24CB1252F12439D1F045DA6A；https://www.samr.gov.cn/bzjss/bzjd/art/2022/art_ae386988ba3a44f387bb5634b5f2aa08.html,待逐方新增原典/权威二级来源后复审,是,不得仅据方名、药味或模型候选强行定证。,,无有效页面（HTTP 404）
364,蟾酥丸,蟾酥丸,《惠直堂经验方》,治发背。疔肿。喉毒。小儿急慢惊风。痘疹伤寒寒症等候。；朱砂、雄黄解毒辟秽，麝香开窍通络，蟾酥消肿止痛，共奏解毒消肿、开窍定惊之功。；治双单蛾。,朱砂、雄黄、麝香,,,留空,,,主治原文不足以直接绑定受控核心证候；按安全默认留空。,D-证据不足,https://openstd.samr.gov.cn/bzgk/std/newGbInfo?hcno=C71A9DAD24CB1252F12439D1F045DA6A；https://www.samr.gov.cn/bzjss/bzjd/art/2022/art_ae386988ba3a44f387bb5634b5f2aa08.html；https://www.yixue.com/%E8%9F%BE%E9%85%A5%E4%B8%B8,待逐方新增原典/权威二级来源后复审,是,不得仅据方名、药味或模型候选强行定证。,https://www.yixue.com/%E8%9F%BE%E9%85%A5%E4%B8%B8,页面正文命中方名
365,赤石脂禹余粮汤,赤石脂禹余粮汤,仲景,治伤寒服汤药下利不止，心中痞硬；服泻心汤已，复以他药下之，利不止，医以理中与之，利不止；涩可去脱，重可达下，石脂、余粮之涩以止脱，重以固下，甘以益气；伤寒下之利不止，病在下焦者,赤石脂、禹余粮,,,留空,,,主治原文不足以直接绑定受控核心证候；按安全默认留空。,D-证据不足,https://openstd.samr.gov.cn/bzgk/std/newGbInfo?hcno=C71A9DAD24CB1252F12439D1F045DA6A；https://www.samr.gov.cn/bzjss/bzjd/art/2022/art_ae386988ba3a44f387bb5634b5f2aa08.html；https://www.yixue.com/%E8%B5%A4%E7%9F%B3%E8%84%82%E7%A6%B9%E4%BD%99%E7%B2%AE%E6%B1%A4,待逐方新增原典/权威二级来源后复审,是,不得仅据方名、药味或模型候选强行定证。,https://www.yixue.com/%E8%B5%A4%E7%9F%B3%E8%84%82%E7%A6%B9%E4%BD%99%E7%B2%AE%E6%B1%A4,页面正文命中方名
366,川椒丸,川椒丸,《三因极一病证方论》,治脏虚，泄泻无度。；温脏止泻，黄连清热，川椒、干姜、桂心温中，当归、乌梅肉养血涩肠。,黄连、乌梅肉、当归、川椒、桂心、干姜,,,采纳,脾胃阳虚,TCM-SYNDROME-AEF5893DC408,治脏虚泄泻无度，温脏止泻。,A-原清单主治/原典；受控证型归一,https://openstd.samr.gov.cn/bzgk/std/newGbInfo?hcno=C71A9DAD24CB1252F12439D1F045DA6A；https://www.samr.gov.cn/bzjss/bzjd/art/2022/art_ae386988ba3a44f387bb5634b5f2aa08.html；https://www.yixue.com/%E5%B7%9D%E6%A4%92%E4%B8%B8,原文直接支持；本轮提供标准与目录入口,是,,https://www.yixue.com/%E5%B7%9D%E6%A4%92%E4%B8%B8,页面正文命中方名
367,催生遇仙丹,催生遇仙丹,《惠直堂经验方》,催生，用于胞破水下时安脐中催产。；蛇蜕、蓖麻子催产通窍，朱砂、雄黄安神解毒，外用脐疗引产。,蛇蜕、蓖麻子、朱砂、雄黄,,,留空,,,主治原文不足以直接绑定受控核心证候；按安全默认留空。,D-证据不足,https://openstd.samr.gov.cn/bzgk/std/newGbInfo?hcno=C71A9DAD24CB1252F12439D1F045DA6A；https://www.samr.gov.cn/bzjss/bzjd/art/2022/art_ae386988ba3a44f387bb5634b5f2aa08.html,待逐方新增原典/权威二级来源后复审,是,不得仅据方名、药味或模型候选强行定证。,,无有效页面（HTTP 404）
368,当归导滞汤,当归导滞汤,《医方简义》,治病后痢疾。；方以当归、白芍养血和血，莱菔子、车前子导滞利湿，枳壳、槟榔行气，炙甘草和中，桃仁活血，白蜜润肠。,当归、白芍、莱菔子、车前子、枳壳、槟榔、炙甘草、桃仁,,,留空,,,主治原文不足以直接绑定受控核心证候；按安全默认留空。,D-证据不足,https://openstd.samr.gov.cn/bzgk/std/newGbInfo?hcno=C71A9DAD24CB1252F12439D1F045DA6A；https://www.samr.gov.cn/bzjss/bzjd/art/2022/art_ae386988ba3a44f387bb5634b5f2aa08.html；https://www.yixue.com/%E5%BD%93%E5%BD%92%E5%AF%BC%E6%BB%9E%E6%B1%A4,待逐方新增原典/权威二级来源后复审,是,不得仅据方名、药味或模型候选强行定证。,https://www.yixue.com/%E5%BD%93%E5%BD%92%E5%AF%BC%E6%BB%9E%E6%B1%A4,页面正文命中方名
369,殿胞煎,殿胞煎,《成方切用》,治产后儿枕疼痛等证如神。,当归、川芎、炙甘草、茯苓、肉桂,,,留空,,,主治原文不足以直接绑定受控核心证候；按安全默认留空。,D-证据不足,https://openstd.samr.gov.cn/bzgk/std/newGbInfo?hcno=C71A9DAD24CB1252F12439D1F045DA6A；https://www.samr.gov.cn/bzjss/bzjd/art/2022/art_ae386988ba3a44f387bb5634b5f2aa08.html；https://www.yixue.com/%E6%AE%BF%E8%83%9E%E7%85%8E,待逐方新增原典/权威二级来源后复审,是,不得仅据方名、药味或模型候选强行定证。,https://www.yixue.com/%E6%AE%BF%E8%83%9E%E7%85%8E,页面正文命中方名
370,独活丹,独活丹,《三因极一病证方论》,治风懿不能言，四肢不收，手足曳。；方以独活祛风，桂心温通，白芍养血，栝蒌根生津，甘草调和，共奏祛风通络之效。,白芍药、栝蒌根、独活、桂心、甘草,,,留空,,,主治原文不足以直接绑定受控核心证候；按安全默认留空。,D-证据不足,https://openstd.samr.gov.cn/bzgk/std/newGbInfo?hcno=C71A9DAD24CB1252F12439D1F045DA6A；https://www.samr.gov.cn/bzjss/bzjd/art/2022/art_ae386988ba3a44f387bb5634b5f2aa08.html,待逐方新增原典/权威二级来源后复审,是,不得仅据方名、药味或模型候选强行定证。,,无有效页面（HTTP 404）
371,鹅黄散,鹅黄散,《惠直堂经验方》,治疳疮破烂痛甚者。；石膏清热收湿，轻粉攻毒杀虫，黄柏燥湿解毒，共奏止痛收干之效。,石膏、轻粉、黄柏,,,留空,,,主治原文不足以直接绑定受控核心证候；按安全默认留空。,D-证据不足,https://openstd.samr.gov.cn/bzgk/std/newGbInfo?hcno=C71A9DAD24CB1252F12439D1F045DA6A；https://www.samr.gov.cn/bzjss/bzjd/art/2022/art_ae386988ba3a44f387bb5634b5f2aa08.html；https://www.yixue.com/%E9%B9%85%E9%BB%84%E6%95%A3,待逐方新增原典/权威二级来源后复审,是,不得仅据方名、药味或模型候选强行定证。,https://www.yixue.com/%E9%B9%85%E9%BB%84%E6%95%A3,页面正文命中方名
372,附不谢方,附不谢方,《专治麻痧初编》,痧疹二证，升散清凉宜合用之，不可偏废，甚者须用石膏，切忌犀角。；升散与清凉并用，兼顾痧疹表里，石膏清热，犀角忌用。,升麻、葛根、柴胡、黄芩、赤芍、元参、连翘、银花、牛蒡子、山栀子、生甘草、桔梗,,,留空,,,主治原文不足以直接绑定受控核心证候；按安全默认留空。,D-证据不足,https://openstd.samr.gov.cn/bzgk/std/newGbInfo?hcno=C71A9DAD24CB1252F12439D1F045DA6A；https://www.samr.gov.cn/bzjss/bzjd/art/2022/art_ae386988ba3a44f387bb5634b5f2aa08.html,待逐方新增原典/权威二级来源后复审,是,不得仅据方名、药味或模型候选强行定证。,,无有效页面（HTTP 404）
373,甘草梢黑豆汤,甘草梢黑豆汤,《医方考》,筋疝，茎筋挈痛，挺胀不堪。；解毒缓急，用甘草梢、黑豆以主筋疝。,甘草梢、黑豆,,,留空,,,主治原文不足以直接绑定受控核心证候；按安全默认留空。,D-证据不足,https://openstd.samr.gov.cn/bzgk/std/newGbInfo?hcno=C71A9DAD24CB1252F12439D1F045DA6A；https://www.samr.gov.cn/bzjss/bzjd/art/2022/art_ae386988ba3a44f387bb5634b5f2aa08.html；https://www.yixue.com/%E7%94%98%E8%8D%89%E6%A2%A2%E9%BB%91%E8%B1%86%E6%B1%A4,待逐方新增原典/权威二级来源后复审,是,不得仅据方名、药味或模型候选强行定证。,https://www.yixue.com/%E7%94%98%E8%8D%89%E6%A2%A2%E9%BB%91%E8%B1%86%E6%B1%A4,页面正文命中方名
374,葛根加半夏汤,葛根加半夏汤,《绛雪园古方选注》,太阳、阳明两经皆病，开阖失机；葛根汤升剂，加半夏辛滑、芍药收阴，降药以奠安；治太阳与阳明合病。不下利。但呕者。此方主之。（《长沙方歌括》主治，用于检索召回）,葛根、麻黄、桂枝、芍药、甘草、半夏,,,采纳,胃气上逆,TCM-SYNDROME-72F348E2691D,太阳与阳明合病，不下利，但呕,A-原清单主治/原典；受控证型归一,https://openstd.samr.gov.cn/bzgk/std/newGbInfo?hcno=C71A9DAD24CB1252F12439D1F045DA6A；https://www.samr.gov.cn/bzjss/bzjd/art/2022/art_ae386988ba3a44f387bb5634b5f2aa08.html；https://www.yixue.com/%E8%91%9B%E6%A0%B9%E5%8A%A0%E5%8D%8A%E5%A4%8F%E6%B1%A4,原文直接支持；本轮提供标准与目录入口,是,,https://www.yixue.com/%E8%91%9B%E6%A0%B9%E5%8A%A0%E5%8D%8A%E5%A4%8F%E6%B1%A4,页面正文命中方名
375,葛根麻黄汤,葛根麻黄汤,《三因极一病证方论》,治刚痉无汗，小便少，气上冲胸，口噤不能语。；葛根解肌，麻黄发汗，桂心通阳，芍药和营，甘草缓急，共治刚痉无汗。,葛根、麻黄、桂心、白芍药、甘草,,,留空,,,主治原文不足以直接绑定受控核心证候；按安全默认留空。,D-证据不足,https://openstd.samr.gov.cn/bzgk/std/newGbInfo?hcno=C71A9DAD24CB1252F12439D1F045DA6A；https://www.samr.gov.cn/bzjss/bzjd/art/2022/art_ae386988ba3a44f387bb5634b5f2aa08.html,待逐方新增原典/权威二级来源后复审,是,不得仅据方名、药味或模型候选强行定证。,,无有效页面（HTTP 404）
376,栝蒌散,栝蒌散,《仙传外科集验方》,治痈疽。；栝蒌散结，川椒温中，甘草解毒，乳香活血，酒助药力，散痈毒。,栝蒌、川椒、甘草、乳香,,,留空,,,主治原文不足以直接绑定受控核心证候；按安全默认留空。,D-证据不足,https://openstd.samr.gov.cn/bzgk/std/newGbInfo?hcno=C71A9DAD24CB1252F12439D1F045DA6A；https://www.samr.gov.cn/bzjss/bzjd/art/2022/art_ae386988ba3a44f387bb5634b5f2aa08.html；https://www.yixue.com/%E6%A0%9D%E8%92%8C%E6%95%A3,待逐方新增原典/权威二级来源后复审,是,不得仅据方名、药味或模型候选强行定证。,https://www.yixue.com/%E6%A0%9D%E8%92%8C%E6%95%A3,页面正文命中方名
377,桂麻各半汤,桂麻各半汤,《医方简义》,治太阳症。服桂枝汤不愈。面热身痒。不得小汗。如疟状者。；调和营卫，小发其汗。太阳表郁，面热身痒。,桂枝、白芍、甘草、麻黄、杏仁、生姜、大枣,,,留空,,,主治原文不足以直接绑定受控核心证候；按安全默认留空。,D-证据不足,https://openstd.samr.gov.cn/bzgk/std/newGbInfo?hcno=C71A9DAD24CB1252F12439D1F045DA6A；https://www.samr.gov.cn/bzjss/bzjd/art/2022/art_ae386988ba3a44f387bb5634b5f2aa08.html,待逐方新增原典/权威二级来源后复审,是,不得仅据方名、药味或模型候选强行定证。,,无有效页面（HTTP 404）
378,桂枝二麻黄一汤,桂枝二麻黄一汤,《时方妙用》,原文未明确主治，仅述方剂组成与煎服法。；两汤相合，犹水陆之师，各有节制，异道夹攻。；治太阳病。若形如疟。日再发。汗出必解。（《长沙方歌括》主治，用于检索召回）,桂枝、麻黄,,,留空,,,主治原文不足以直接绑定受控核心证候；按安全默认留空。,D-证据不足,https://openstd.samr.gov.cn/bzgk/std/newGbInfo?hcno=C71A9DAD24CB1252F12439D1F045DA6A；https://www.samr.gov.cn/bzjss/bzjd/art/2022/art_ae386988ba3a44f387bb5634b5f2aa08.html；https://www.yixue.com/%E6%A1%82%E6%9E%9D%E4%BA%8C%E9%BA%BB%E9%BB%84%E4%B8%80%E6%B1%A4,待逐方新增原典/权威二级来源后复审,是,不得仅据方名、药味或模型候选强行定证。,https://www.yixue.com/%E6%A1%82%E6%9E%9D%E4%BA%8C%E9%BA%BB%E9%BB%84%E4%B8%80%E6%B1%A4,页面正文命中方名
379,桂枝加大黄汤,桂枝加大黄汤,仲景,治太阳误下，转属太阴，腹满大实痛者；足太阳、太阴药，误下邪入太阴，腹满实痛，加大黄泻实，芍药和营；表证未罢，因误下而大实痛者。,桂枝、芍药、大黄,,,留空,,,主治原文不足以直接绑定受控核心证候；按安全默认留空。,D-证据不足,https://openstd.samr.gov.cn/bzgk/std/newGbInfo?hcno=C71A9DAD24CB1252F12439D1F045DA6A；https://www.samr.gov.cn/bzjss/bzjd/art/2022/art_ae386988ba3a44f387bb5634b5f2aa08.html；https://www.yixue.com/%E6%A1%82%E6%9E%9D%E5%8A%A0%E5%A4%A7%E9%BB%84%E6%B1%A4,待逐方新增原典/权威二级来源后复审,是,不得仅据方名、药味或模型候选强行定证。,https://www.yixue.com/%E6%A1%82%E6%9E%9D%E5%8A%A0%E5%A4%A7%E9%BB%84%E6%B1%A4,页面正文命中方名
380,桂枝加黄汤,桂枝加黄汤,《医方考》,黄汗，身体疼重，发热，两胫自冷；桂枝解肌，芍药敛荣，黄芪实表，生姜甘草佐之，大枣和脾益胃,桂枝、芍药、生姜、甘草、黄芪、大枣,,,留空,,,主治原文不足以直接绑定受控核心证候；按安全默认留空。,D-证据不足,https://openstd.samr.gov.cn/bzgk/std/newGbInfo?hcno=C71A9DAD24CB1252F12439D1F045DA6A；https://www.samr.gov.cn/bzjss/bzjd/art/2022/art_ae386988ba3a44f387bb5634b5f2aa08.html,待逐方新增原典/权威二级来源后复审,是,不得仅据方名、药味或模型候选强行定证。,,无有效页面（HTTP 404）
381,桂枝加芍药汤,桂枝加芍药汤,《医方考》,本太阳病，医反下之，因而腹满时痛者，属太阴也。；桂枝汤解表，加芍药和里，治太阳误下致太阴腹满时痛。；治太阳病反下之。因而腹满时痛者。 桂枝（三两） 芍药（六两） 甘草（二两） 生姜（三两） 大枣（十二枚） 上五味。以水七升。（《长沙方歌括》主治，用于检索召回）,桂枝、芍药、甘草、生姜、大枣,,,采纳,太阴寒湿,TCM-SYNDROME-B7E530399DD5,太阳误下致腹满时痛，属太阴。,A-原清单主治/原典；受控证型归一,https://openstd.samr.gov.cn/bzgk/std/newGbInfo?hcno=C71A9DAD24CB1252F12439D1F045DA6A；https://www.samr.gov.cn/bzjss/bzjd/art/2022/art_ae386988ba3a44f387bb5634b5f2aa08.html；https://www.yixue.com/%E6%A1%82%E6%9E%9D%E5%8A%A0%E8%8A%8D%E8%8D%AF%E6%B1%A4,原文直接支持；本轮提供标准与目录入口,是,,https://www.yixue.com/%E6%A1%82%E6%9E%9D%E5%8A%A0%E8%8A%8D%E8%8D%AF%E6%B1%A4,页面正文命中方名
382,海上仙方,海上仙方,《惠直堂经验方》,治四日两头神效；番木鳖通络止痛，朱砂雄黄解毒，甘草调和，共奏截疟之功。,番木鳖、朱砂、雄黄、甘草,,,留空,,,主治原文不足以直接绑定受控核心证候；按安全默认留空。,D-证据不足,https://openstd.samr.gov.cn/bzgk/std/newGbInfo?hcno=C71A9DAD24CB1252F12439D1F045DA6A；https://www.samr.gov.cn/bzjss/bzjd/art/2022/art_ae386988ba3a44f387bb5634b5f2aa08.html,待逐方新增原典/权威二级来源后复审,是,不得仅据方名、药味或模型候选强行定证。,,无有效页面（HTTP 404）
383,黄芩白芍汤,黄芩白芍汤,《医方简义》,治春温之总治。；黄芩清上焦热，白芍敛阴和营，酒炒增散邪之力，为春温总方。；春温。,黄芩、白芍,,,留空,,,主治原文不足以直接绑定受控核心证候；按安全默认留空。,D-证据不足,https://openstd.samr.gov.cn/bzgk/std/newGbInfo?hcno=C71A9DAD24CB1252F12439D1F045DA6A；https://www.samr.gov.cn/bzjss/bzjd/art/2022/art_ae386988ba3a44f387bb5634b5f2aa08.html；https://www.yixue.com/%E9%BB%84%E8%8A%A9%E7%99%BD%E8%8A%8D%E6%B1%A4,待逐方新增原典/权威二级来源后复审,是,不得仅据方名、药味或模型候选强行定证。,https://www.yixue.com/%E9%BB%84%E8%8A%A9%E7%99%BD%E8%8A%8D%E6%B1%A4,页面正文命中方名
384,鸡肝丸,鸡肝丸,《惠直堂经验方》,治小儿五疳；芦荟、牛黄、雄黄清热杀虫，雷丸、使君子驱虫消积，鸡肝补肝养血，共治小儿疳积。,芦荟、牛黄、雄黄、雷丸、使君子,,,留空,,,主治原文不足以直接绑定受控核心证候；按安全默认留空。,D-证据不足,https://openstd.samr.gov.cn/bzgk/std/newGbInfo?hcno=C71A9DAD24CB1252F12439D1F045DA6A；https://www.samr.gov.cn/bzjss/bzjd/art/2022/art_ae386988ba3a44f387bb5634b5f2aa08.html；https://www.yixue.com/%E9%B8%A1%E8%82%9D%E4%B8%B8,待逐方新增原典/权威二级来源后复审,是,不得仅据方名、药味或模型候选强行定证。,https://www.yixue.com/%E9%B8%A1%E8%82%9D%E4%B8%B8,页面正文命中方名
385,鸡舌香散,鸡舌香散,《三因极一病证方论》,治心腹卒痛。安胃进食，调冷热，定泄泻，老少通用。；温中散寒，缓急止痛。归脾胃经，调和冷热。,丁香、甘草、高良姜、白芍药,,,留空,,,主治原文不足以直接绑定受控核心证候；按安全默认留空。,D-证据不足,https://openstd.samr.gov.cn/bzgk/std/newGbInfo?hcno=C71A9DAD24CB1252F12439D1F045DA6A；https://www.samr.gov.cn/bzjss/bzjd/art/2022/art_ae386988ba3a44f387bb5634b5f2aa08.html；https://www.yixue.com/%E9%B8%A1%E8%88%8C%E9%A6%99%E6%95%A3,待逐方新增原典/权威二级来源后复审,是,不得仅据方名、药味或模型候选强行定证。,https://www.yixue.com/%E9%B8%A1%E8%88%8C%E9%A6%99%E6%95%A3,页面正文命中方名
386,加减小柴胡汤,加减小柴胡汤,《医方简义》,通治疟症。宜加减用之。；和解少阳，调和营卫，兼清热温寒，随症加减。,柴胡、姜半夏、人参、炙甘草、黄芩,,,留空,,,主治原文不足以直接绑定受控核心证候；按安全默认留空。,D-证据不足,https://openstd.samr.gov.cn/bzgk/std/newGbInfo?hcno=C71A9DAD24CB1252F12439D1F045DA6A；https://www.samr.gov.cn/bzjss/bzjd/art/2022/art_ae386988ba3a44f387bb5634b5f2aa08.html；https://www.yixue.com/%E5%8A%A0%E5%87%8F%E5%B0%8F%E6%9F%B4%E8%83%A1%E6%B1%A4,待逐方新增原典/权威二级来源后复审,是,不得仅据方名、药味或模型候选强行定证。,https://www.yixue.com/%E5%8A%A0%E5%87%8F%E5%B0%8F%E6%9F%B4%E8%83%A1%E6%B1%A4,页面正文命中方名
387,解毒散,解毒散,《古方汇精》,解一切毒。并蛇虎疯犬咬等伤。毒瓦斯内攻。眼黑口噤足僵目直。势在垂危等症。；明矾解毒燥湿，甘草调和解毒，内外兼治，起死回生。,明矾、甘草,,,采纳,毒邪内闭,TCM-SYNDROME-1B4A7AE23691,主治“毒瓦斯内攻，眼黑口噤足僵目直”，为毒邪闭阻神窍之象。,A-原清单主治/原典；受控证型归一,https://openstd.samr.gov.cn/bzgk/std/newGbInfo?hcno=C71A9DAD24CB1252F12439D1F045DA6A；https://www.samr.gov.cn/bzjss/bzjd/art/2022/art_ae386988ba3a44f387bb5634b5f2aa08.html；https://www.yixue.com/%E8%A7%A3%E6%AF%92%E6%95%A3,原文直接支持；本轮提供标准与目录入口,是,,https://www.yixue.com/%E8%A7%A3%E6%AF%92%E6%95%A3,页面正文命中方名
388,金砂散,金砂散,《瑞竹堂经验方》,治疔疮；砂与雄黄等分研细，生蜜调敷，解毒散结，外用治疔疮,朱砂、雄黄,,,留空,,,主治原文不足以直接绑定受控核心证候；按安全默认留空。,D-证据不足,https://openstd.samr.gov.cn/bzgk/std/newGbInfo?hcno=C71A9DAD24CB1252F12439D1F045DA6A；https://www.samr.gov.cn/bzjss/bzjd/art/2022/art_ae386988ba3a44f387bb5634b5f2aa08.html；https://www.yixue.com/%E9%87%91%E7%A0%82%E6%95%A3,待逐方新增原典/权威二级来源后复审,是,不得仅据方名、药味或模型候选强行定证。,https://www.yixue.com/%E9%87%91%E7%A0%82%E6%95%A3,页面正文命中方名
389,绝疟膏,绝疟膏,《惠直堂经验方》,疟疾，先发时半日包上眉心，过时即除下，迟则起泡。须发过三五次后方可用。；斑蝥辛寒攻毒，红枣甘温补中，外敷眉心引经，截疟止发。,斑蝥、红枣,,,留空,,,主治原文不足以直接绑定受控核心证候；按安全默认留空。,D-证据不足,https://openstd.samr.gov.cn/bzgk/std/newGbInfo?hcno=C71A9DAD24CB1252F12439D1F045DA6A；https://www.samr.gov.cn/bzjss/bzjd/art/2022/art_ae386988ba3a44f387bb5634b5f2aa08.html；https://www.yixue.com/%E7%BB%9D%E7%96%9F%E8%86%8F,待逐方新增原典/权威二级来源后复审,是,不得仅据方名、药味或模型候选强行定证。,https://www.yixue.com/%E7%BB%9D%E7%96%9F%E8%86%8F,页面正文命中方名
390,坎离丸,坎离丸,《验方新编》,乌须黑发，壮筋骨，大有补益，精壮则妇人感而受孕，其子必寿；黑豆补肾乌发，红枣养血安神，共奏补益精血、强筋骨之功,黑豆、红枣,,,采纳,精血亏虚,TCM-SYNDROME-9D656D61A13C,主治“乌须黑发，壮筋骨，补益精血”，直指精血亏虚。,A-原清单主治/原典；受控证型归一,https://openstd.samr.gov.cn/bzgk/std/newGbInfo?hcno=C71A9DAD24CB1252F12439D1F045DA6A；https://www.samr.gov.cn/bzjss/bzjd/art/2022/art_ae386988ba3a44f387bb5634b5f2aa08.html；https://www.yixue.com/%E5%9D%8E%E7%A6%BB%E4%B8%B8,原文直接支持；本轮提供标准与目录入口,是,,https://www.yixue.com/%E5%9D%8E%E7%A6%BB%E4%B8%B8,页面正文命中方名
391,口糜散,口糜散,《医方考》,口疮糜烂者，此方主之。；寒胜热，苦坚肤，用黄连、黄柏；雄黄杀虫利气，冰脑杀虫入腠，没药散血愈疮。；口疮糜烂者。,黄柏、黄连、雄黄、没药、冰片,,,留空,,,主治原文不足以直接绑定受控核心证候；按安全默认留空。,D-证据不足,https://openstd.samr.gov.cn/bzgk/std/newGbInfo?hcno=C71A9DAD24CB1252F12439D1F045DA6A；https://www.samr.gov.cn/bzjss/bzjd/art/2022/art_ae386988ba3a44f387bb5634b5f2aa08.html；https://www.yixue.com/%E5%8F%A3%E7%B3%9C%E6%95%A3,待逐方新增原典/权威二级来源后复审,是,不得仅据方名、药味或模型候选强行定证。,https://www.yixue.com/%E5%8F%A3%E7%B3%9C%E6%95%A3,页面正文命中方名
392,宽膈丸,宽膈丸,《三因极一病证方论》,治气不升降，胸膈结痞。；行气破积，化痰散结，归脾胃经。,木香、京三棱、青皮、半夏、大腹子,,,采纳,气机郁滞,TCM-SYNDROME-AFEB156FFEAC,主治“气不升降，胸膈结痞”，针对气机郁滞胸膈,A-原清单主治/原典；受控证型归一,https://openstd.samr.gov.cn/bzgk/std/newGbInfo?hcno=C71A9DAD24CB1252F12439D1F045DA6A；https://www.samr.gov.cn/bzjss/bzjd/art/2022/art_ae386988ba3a44f387bb5634b5f2aa08.html；https://www.yixue.com/%E5%AE%BD%E8%86%88%E4%B8%B8,原文直接支持；本轮提供标准与目录入口,是,,https://www.yixue.com/%E5%AE%BD%E8%86%88%E4%B8%B8,页面正文命中方名
393,理中丸及汤,理中丸及汤,《绛雪园古方选注》,理中焦之气，以交于阴阳。上焦属阳，下焦属阴，中焦为阴阳相偶之处。；人参、甘草甘以和阴，白术、干姜辛以和阳，辛甘相辅以处中，阴阳自然和顺。,人参、甘草、白术、干姜,,,采纳,脾胃阳虚,TCM-SYNDROME-AEF5893DC408,“理中焦之气，以交于阴阳”，辛甘和阴阳，契合中焦虚寒,A-原清单主治/原典；受控证型归一,https://openstd.samr.gov.cn/bzgk/std/newGbInfo?hcno=C71A9DAD24CB1252F12439D1F045DA6A；https://www.samr.gov.cn/bzjss/bzjd/art/2022/art_ae386988ba3a44f387bb5634b5f2aa08.html,原文直接支持；本轮提供标准与目录入口,是,,,无有效页面（HTTP 404）
394,两臂与肩膊痛方,两臂与肩膊痛方,《大小诸证方论》,两臂与肩膊痛，此手经之病，肝气之郁也。；白芍平肝木，羌活、柴胡去风走手经，秦艽舒筋，半夏、白芥子祛痰，附子通经。,当归、白芍、柴胡、陈皮、白芥子、羌活、半夏、秦艽、附子,,,采纳,肝气郁结；风痰阻络,TCM-SYNDROME-1653D0B71600；TCM-SYNDROME-665863B793C2,"“肝气之郁”责之肝郁；用祛风化痰药,风痰走手经",A-原清单主治/原典；受控证型归一,https://openstd.samr.gov.cn/bzgk/std/newGbInfo?hcno=C71A9DAD24CB1252F12439D1F045DA6A；https://www.samr.gov.cn/bzjss/bzjd/art/2022/art_ae386988ba3a44f387bb5634b5f2aa08.html,原文直接支持；本轮提供标准与目录入口,是,,,无有效页面（HTTP 404）
395,六和生化汤,六和生化汤,《医方简义》,治产后六淫外侵。随症斟酌加减。；方以川芎、当归养血活血，炮姜温中，桃仁化瘀，茯苓渗湿，砂仁理气，炙甘草调和，兼顾产后外感与内伤。；产后六淫外侵。,川芎、当归、炮姜、炙甘草、桃仁、茯苓、砂仁,,,留空,,,主治原文不足以直接绑定受控核心证候；按安全默认留空。,D-证据不足,https://openstd.samr.gov.cn/bzgk/std/newGbInfo?hcno=C71A9DAD24CB1252F12439D1F045DA6A；https://www.samr.gov.cn/bzjss/bzjd/art/2022/art_ae386988ba3a44f387bb5634b5f2aa08.html；https://www.yixue.com/%E5%85%AD%E5%92%8C%E7%94%9F%E5%8C%96%E6%B1%A4,待逐方新增原典/权威二级来源后复审,是,不得仅据方名、药味或模型候选强行定证。,https://www.yixue.com/%E5%85%AD%E5%92%8C%E7%94%9F%E5%8C%96%E6%B1%A4,页面正文命中方名
396,六神丸,六神丸,《三因极一病证方论》,治如前证（指前文所述病证，原文未详述，但方剂用于小儿疳积等）；方中丁香、木香温中行气，肉豆蔻、诃子涩肠止泻，使君子、芦荟杀虫消积，共奏温中杀虫止泻之功。,丁香、木香、肉豆蔻、诃子、使君子、芦荟,,,留空,,,主治原文不足以直接绑定受控核心证候；按安全默认留空。,D-证据不足,https://openstd.samr.gov.cn/bzgk/std/newGbInfo?hcno=C71A9DAD24CB1252F12439D1F045DA6A；https://www.samr.gov.cn/bzjss/bzjd/art/2022/art_ae386988ba3a44f387bb5634b5f2aa08.html；https://www.yixue.com/%E5%85%AD%E7%A5%9E%E4%B8%B8,待逐方新增原典/权威二级来源后复审,是,不得仅据方名、药味或模型候选强行定证。,https://www.yixue.com/%E5%85%AD%E7%A5%9E%E4%B8%B8,页面正文命中方名
397,排脓汤,排脓汤,《绛雪园古方选注》,排脓，斥逐脓血。；排脓汤以甘草、桔梗、生姜、大枣调和营卫，斥逐脓血。,甘草、桔梗、生姜、大枣,,,留空,,,主治原文不足以直接绑定受控核心证候；按安全默认留空。,D-证据不足,https://openstd.samr.gov.cn/bzgk/std/newGbInfo?hcno=C71A9DAD24CB1252F12439D1F045DA6A；https://www.samr.gov.cn/bzjss/bzjd/art/2022/art_ae386988ba3a44f387bb5634b5f2aa08.html,待逐方新增原典/权威二级来源后复审,是,不得仅据方名、药味或模型候选强行定证。,,无有效页面（HTTP 404）
398,蟠龙散,蟠龙散,《验方新编》,治小儿脱肛；地龙咸寒清热通络，朴硝软坚消肿，外治脱肛,地龙、朴硝,,,留空,,,主治原文不足以直接绑定受控核心证候；按安全默认留空。,D-证据不足,https://openstd.samr.gov.cn/bzgk/std/newGbInfo?hcno=C71A9DAD24CB1252F12439D1F045DA6A；https://www.samr.gov.cn/bzjss/bzjd/art/2022/art_ae386988ba3a44f387bb5634b5f2aa08.html；https://www.yixue.com/%E8%9F%A0%E9%BE%99%E6%95%A3,待逐方新增原典/权威二级来源后复审,是,不得仅据方名、药味或模型候选强行定证。,https://www.yixue.com/%E8%9F%A0%E9%BE%99%E6%95%A3,页面正文命中方名
399,七枣汤,七枣汤,《医方考》,疟发时，独寒无热，脉迟者，名曰牝疟，当责之寒；附子辛热益火消阴，大枣和附热引至阴，治寒疟,附子、大枣,,,留空,,,主治原文不足以直接绑定受控核心证候；按安全默认留空。,D-证据不足,https://openstd.samr.gov.cn/bzgk/std/newGbInfo?hcno=C71A9DAD24CB1252F12439D1F045DA6A；https://www.samr.gov.cn/bzjss/bzjd/art/2022/art_ae386988ba3a44f387bb5634b5f2aa08.html；https://www.yixue.com/%E4%B8%83%E6%9E%A3%E6%B1%A4,待逐方新增原典/权威二级来源后复审,是,不得仅据方名、药味或模型候选强行定证。,https://www.yixue.com/%E4%B8%83%E6%9E%A3%E6%B1%A4,页面正文命中方名
400,驱疟饮子,驱疟饮子,《三因极一病证方论》,主治疟疾，寒热往来。；方中前胡、柴胡和解少阳，桂心温阳，厚朴、半夏燥湿化痰，黄芪益气，干姜温中，甘草调和，共奏祛邪截疟之功。,前胡、柴胡、肉桂、桔梗、厚朴、半夏、黄芪、干姜、甘草,,,留空,,,主治原文不足以直接绑定受控核心证候；按安全默认留空。,D-证据不足,https://openstd.samr.gov.cn/bzgk/std/newGbInfo?hcno=C71A9DAD24CB1252F12439D1F045DA6A；https://www.samr.gov.cn/bzjss/bzjd/art/2022/art_ae386988ba3a44f387bb5634b5f2aa08.html；https://www.yixue.com/%E9%A9%B1%E7%96%9F%E9%A5%AE%E5%AD%90,待逐方新增原典/权威二级来源后复审,是,不得仅据方名、药味或模型候选强行定证。,https://www.yixue.com/%E9%A9%B1%E7%96%9F%E9%A5%AE%E5%AD%90,页面正文命中方名
401,祛风药酒方,祛风药酒方,《惠直堂经验方》,原文缺失，无法提取,生地、当归、枸杞、丹参、熟地、茯神、地骨皮、丹皮、川芎、白芍,,,留空,,,主治原文不足以直接绑定受控核心证候；按安全默认留空。,D-证据不足,https://openstd.samr.gov.cn/bzgk/std/newGbInfo?hcno=C71A9DAD24CB1252F12439D1F045DA6A；https://www.samr.gov.cn/bzjss/bzjd/art/2022/art_ae386988ba3a44f387bb5634b5f2aa08.html,待逐方新增原典/权威二级来源后复审,是,不得仅据方名、药味或模型候选强行定证。,,无有效页面（HTTP 404）
402,乳豆丸,乳豆丸,《瑞竹堂经验方》,治脏腑泄泻不调。；乳香行气活血，肉豆蔻温中涩肠，陈米糊固肠胃，共奏调中止泻之功。,乳香、肉豆蔻,,,留空,,,主治原文不足以直接绑定受控核心证候；按安全默认留空。,D-证据不足,https://openstd.samr.gov.cn/bzgk/std/newGbInfo?hcno=C71A9DAD24CB1252F12439D1F045DA6A；https://www.samr.gov.cn/bzjss/bzjd/art/2022/art_ae386988ba3a44f387bb5634b5f2aa08.html；https://www.yixue.com/%E4%B9%B3%E8%B1%86%E4%B8%B8,待逐方新增原典/权威二级来源后复审,是,不得仅据方名、药味或模型候选强行定证。,https://www.yixue.com/%E4%B9%B3%E8%B1%86%E4%B8%B8,页面正文命中方名
403,三解汤,三解汤,《医方集解》,治时行疟之通剂，此三阳经疟也。在太阳谓之寒疟，在阳明谓之热疟，在少阳谓之风疟。；足少阳药，治疟邪在表、里及半表半里，分肉之间，以柴胡、麻黄、泽泻分消三阳。；时行之疟，长幼相似者，主之神良。病有三在：在表，在里，在半表半里。,柴胡、麻黄、泽泻,,,留空,,,主治原文不足以直接绑定受控核心证候；按安全默认留空。,D-证据不足,https://openstd.samr.gov.cn/bzgk/std/newGbInfo?hcno=C71A9DAD24CB1252F12439D1F045DA6A；https://www.samr.gov.cn/bzjss/bzjd/art/2022/art_ae386988ba3a44f387bb5634b5f2aa08.html；https://www.yixue.com/%E4%B8%89%E8%A7%A3%E6%B1%A4,待逐方新增原典/权威二级来源后复审,是,不得仅据方名、药味或模型候选强行定证。,https://www.yixue.com/%E4%B8%89%E8%A7%A3%E6%B1%A4,页面正文命中方名
404,三辛散,三辛散,《三因极一病证方论》,治小儿头骨应合而不合，头骨开解，名曰解颅。；辛温散寒，通阳开窍，外敷解颅。,细辛、肉桂、干姜,,,留空,,,主治原文不足以直接绑定受控核心证候；按安全默认留空。,D-证据不足,https://openstd.samr.gov.cn/bzgk/std/newGbInfo?hcno=C71A9DAD24CB1252F12439D1F045DA6A；https://www.samr.gov.cn/bzjss/bzjd/art/2022/art_ae386988ba3a44f387bb5634b5f2aa08.html,待逐方新增原典/权威二级来源后复审,是,不得仅据方名、药味或模型候选强行定证。,,无有效页面（HTTP 404）
405,三星汤,三星汤,《验方新编》,治对口疮，不论阴阳症皆可服。；金银花、蒲公英清热解毒，甘草节调和，主治对口疮。,金银花、蒲公英、甘草,,,留空,,,主治原文不足以直接绑定受控核心证候；按安全默认留空。,D-证据不足,https://openstd.samr.gov.cn/bzgk/std/newGbInfo?hcno=C71A9DAD24CB1252F12439D1F045DA6A；https://www.samr.gov.cn/bzjss/bzjd/art/2022/art_ae386988ba3a44f387bb5634b5f2aa08.html；https://www.yixue.com/%E4%B8%89%E6%98%9F%E6%B1%A4,待逐方新增原典/权威二级来源后复审,是,不得仅据方名、药味或模型候选强行定证。,https://www.yixue.com/%E4%B8%89%E6%98%9F%E6%B1%A4,页面正文命中方名
406,蛇疔膏,蛇疔膏,《验方新编》,治手指蛇疔坚硬有头。；方中雄黄解毒，轻粉攻毒，蟾酥消肿止痛，冰片清热散结，蜜调外涂，治蛇疔坚硬有头。,雄黄、轻粉、蟾酥、冰片,,,留空,,,主治原文不足以直接绑定受控核心证候；按安全默认留空。,D-证据不足,https://openstd.samr.gov.cn/bzgk/std/newGbInfo?hcno=C71A9DAD24CB1252F12439D1F045DA6A；https://www.samr.gov.cn/bzjss/bzjd/art/2022/art_ae386988ba3a44f387bb5634b5f2aa08.html,待逐方新增原典/权威二级来源后复审,是,不得仅据方名、药味或模型候选强行定证。,,无有效页面（HTTP 404）
407,神效复元通气散,神效复元通气散,《仙传外科集验方》,治一切恶疮，初觉发时，连进三服，痈疽、丁疮、肿痛并皆治之。；补气养血，清热解毒，散结消肿。归经：肝、脾、肺、胃。；一切恶疮痈疽，疔疮肿痛。,当归、甘草、生地黄、黄芪、白芍、天花粉、熟地黄、金银花,,,留空,,,主治原文不足以直接绑定受控核心证候；按安全默认留空。,D-证据不足,https://openstd.samr.gov.cn/bzgk/std/newGbInfo?hcno=C71A9DAD24CB1252F12439D1F045DA6A；https://www.samr.gov.cn/bzjss/bzjd/art/2022/art_ae386988ba3a44f387bb5634b5f2aa08.html,待逐方新增原典/权威二级来源后复审,是,不得仅据方名、药味或模型候选强行定证。,,无有效页面（HTTP 404）
408,神效鸡清丸,神效鸡清丸,《瑞竹堂经验方》,治一切泻痢。；木香行气止痢，黄连清热燥湿，肉豆蔻温中涩肠，三药合用治泻痢。,木香、黄连、肉豆蔻,,,留空,,,主治原文不足以直接绑定受控核心证候；按安全默认留空。,D-证据不足,https://openstd.samr.gov.cn/bzgk/std/newGbInfo?hcno=C71A9DAD24CB1252F12439D1F045DA6A；https://www.samr.gov.cn/bzjss/bzjd/art/2022/art_ae386988ba3a44f387bb5634b5f2aa08.html,待逐方新增原典/权威二级来源后复审,是,不得仅据方名、药味或模型候选强行定证。,,无有效页面（HTTP 404）
409,手足痛方,手足痛方,《大小诸证方论》,手足痛，因肝木郁结，气散四肢，结而不伸所致。；逍遥散加减，疏肝解郁，化痰散结，使肝气平而手足痛自止。,栀子、半夏、白芥子,,,采纳,肝气郁结,TCM-SYNDROME-1653D0B71600,主治明言手足痛因“肝木郁结，气散四肢”,A-原清单主治/原典；受控证型归一,https://openstd.samr.gov.cn/bzgk/std/newGbInfo?hcno=C71A9DAD24CB1252F12439D1F045DA6A；https://www.samr.gov.cn/bzjss/bzjd/art/2022/art_ae386988ba3a44f387bb5634b5f2aa08.html,原文直接支持；本轮提供标准与目录入口,是,,,无有效页面（HTTP 404）
410,束胎丸,束胎丸,《医方考》,妊娠七、八月间，服此，胎气敛束，令人易产。凡患产难者，多由内热灼其胞液，或脾气怯弱，不能运化精微，而令胞液不足。；白术、茯苓益脾培母，黄芩清胎热存胞液，陈皮辛利流动中气，使胎气不滞。,白术、茯苓、陈皮、黄芩,,,采纳,脾气虚；热盛伤津,spleen_qi_deficiency；TCM-SYNDROME-EC1FB0833881,主治指出产难由“内热灼其胞液”或“脾气怯弱”,A-原清单主治/原典；受控证型归一,https://openstd.samr.gov.cn/bzgk/std/newGbInfo?hcno=C71A9DAD24CB1252F12439D1F045DA6A；https://www.samr.gov.cn/bzjss/bzjd/art/2022/art_ae386988ba3a44f387bb5634b5f2aa08.html,原文直接支持；本轮提供标准与目录入口,是,,,无有效页面（HTTP 404）
411,双单蛾方,双单蛾方,《惠直堂经验方》,双单蛾（喉蛾），兼治喉疔。；桑螵蛸烧存性收敛止血，山豆根清热解毒利咽，麝香开窍散结，共治喉蛾。,桑螵蛸、山豆根、麝香,,,留空,,,主治原文不足以直接绑定受控核心证候；按安全默认留空。,D-证据不足,https://openstd.samr.gov.cn/bzgk/std/newGbInfo?hcno=C71A9DAD24CB1252F12439D1F045DA6A；https://www.samr.gov.cn/bzjss/bzjd/art/2022/art_ae386988ba3a44f387bb5634b5f2aa08.html,待逐方新增原典/权威二级来源后复审,是,不得仅据方名、药味或模型候选强行定证。,,无有效页面（HTTP 404）
412,双解复生散,双解复生散,《验方新编》,治痈疽、发背，诸般肿毒，初起恶寒发热，四肢拘急，内热烦渴，便秘，用此发表攻里；发表攻里，解表清里，归经肺胃大肠，散风清热通便,荆芥、防风、白芷、川芎、麻黄、栀子、黄芪、甘草、连翘、金银花、羌活、薄荷、当归、白芍、白术、人参、滑石、大黄、芒硝,,,采纳,表寒里热,TCM-SYNDROME-50FB85CD4BBF,治痈疽初起恶寒发热（表寒），内热烦渴便秘（里热），发表攻里。,A-原清单主治/原典；受控证型归一,https://openstd.samr.gov.cn/bzgk/std/newGbInfo?hcno=C71A9DAD24CB1252F12439D1F045DA6A；https://www.samr.gov.cn/bzjss/bzjd/art/2022/art_ae386988ba3a44f387bb5634b5f2aa08.html,原文直接支持；本轮提供标准与目录入口,是,,,无有效页面（HTTP 404）
413,顺风匀气散,顺风匀气散,《医方集解》,治中风半身不遂，口眼斜。半身不遂，偏枯也。；足厥阴、阳明药。补气行气，调荣卫，伸筋，使气匀风顺。；顺气疏风，治半身不遂，口眼斜,白术、乌药、人参、天麻、白芷、苏叶、木瓜、青皮、甘草,,,采纳,风邪中经,TCM-SYNDROME-B13F601B50A4,主治“中风半身不遂，口眼斜”，疏风行气，邪中经络之象。,A-原清单主治/原典；受控证型归一,https://openstd.samr.gov.cn/bzgk/std/newGbInfo?hcno=C71A9DAD24CB1252F12439D1F045DA6A；https://www.samr.gov.cn/bzjss/bzjd/art/2022/art_ae386988ba3a44f387bb5634b5f2aa08.html；https://www.yixue.com/%E9%A1%BA%E9%A3%8E%E5%8C%80%E6%B0%94%E6%95%A3,原文直接支持；本轮提供标准与目录入口,是,,https://www.yixue.com/%E9%A1%BA%E9%A3%8E%E5%8C%80%E6%B0%94%E6%95%A3,页面正文命中方名
414,四苓汤,四苓汤,《温疫论》,烦渴思饮，引饮过多，自觉水停心下，名停饮。；利水渗湿，和中利气。方中茯苓、泽泻、猪苓利水，陈皮和中，去白术防壅滞。,茯苓、泽泻、猪苓、陈皮,,,采纳,水饮内停,TCM-SYNDROME-7764936F0E23,烦渴引饮过多，自觉水停心下，名停饮。,A-原清单主治/原典；受控证型归一,https://openstd.samr.gov.cn/bzgk/std/newGbInfo?hcno=C71A9DAD24CB1252F12439D1F045DA6A；https://www.samr.gov.cn/bzjss/bzjd/art/2022/art_ae386988ba3a44f387bb5634b5f2aa08.html；https://www.yixue.com/%E5%9B%9B%E8%8B%93%E6%B1%A4,原文直接支持；本轮提供标准与目录入口,是,,https://www.yixue.com/%E5%9B%9B%E8%8B%93%E6%B1%A4,页面正文命中方名
415,四圣散,四圣散,《三因极一病证方论》,治瘰疬，用花蛇散取转后，须用此补之，永去根本。；海藻软坚散结，石决明清肝潜阳，羌活祛风，瞿麦利水，共奏补虚去根之效。；治小肠膀胱疝气疼不可忍者。,海藻、石决明、羌活、瞿麦穗,,,留空,,,主治原文不足以直接绑定受控核心证候；按安全默认留空。,D-证据不足,https://openstd.samr.gov.cn/bzgk/std/newGbInfo?hcno=C71A9DAD24CB1252F12439D1F045DA6A；https://www.samr.gov.cn/bzjss/bzjd/art/2022/art_ae386988ba3a44f387bb5634b5f2aa08.html；https://www.yixue.com/%E5%9B%9B%E5%9C%A3%E6%95%A3,待逐方新增原典/权威二级来源后复审,是,不得仅据方名、药味或模型候选强行定证。,https://www.yixue.com/%E5%9B%9B%E5%9C%A3%E6%95%A3,页面正文命中方名
416,四制香附丸,四制香附丸,《惠直堂经验方》,此妇人之圣药。种子之奇方。屡试屡效。；香附理气调经，当归养血活血，四制增强药性，蜜丸缓补，主治妇人气血不和。,香附、当归,,,留空,,,主治原文不足以直接绑定受控核心证候；按安全默认留空。,D-证据不足,https://openstd.samr.gov.cn/bzgk/std/newGbInfo?hcno=C71A9DAD24CB1252F12439D1F045DA6A；https://www.samr.gov.cn/bzjss/bzjd/art/2022/art_ae386988ba3a44f387bb5634b5f2aa08.html；https://www.yixue.com/%E5%9B%9B%E5%88%B6%E9%A6%99%E9%99%84%E4%B8%B8,待逐方新增原典/权威二级来源后复审,是,不得仅据方名、药味或模型候选强行定证。,https://www.yixue.com/%E5%9B%9B%E5%88%B6%E9%A6%99%E9%99%84%E4%B8%B8,页面正文命中方名
417,天水散,天水散,《古今名医方论》,治夏时中暑，热伤元气，内外俱热，无气以动，烦渴欲饮，肠胃枯涸者。又能催生下乳。；益气而不助邪，伤气，不负益元之名。宜与白虎、生脉三方鼎足。,滑石、甘草、朱砂,,,留空,,,主治原文不足以直接绑定受控核心证候；按安全默认留空。,D-证据不足,https://openstd.samr.gov.cn/bzgk/std/newGbInfo?hcno=C71A9DAD24CB1252F12439D1F045DA6A；https://www.samr.gov.cn/bzjss/bzjd/art/2022/art_ae386988ba3a44f387bb5634b5f2aa08.html,待逐方新增原典/权威二级来源后复审,是,不得仅据方名、药味或模型候选强行定证。,,无有效页面（HTTP 404）
418,通利膏,通利膏,《三因极一病证方论》,治眼赤涩，翳膜遮障，时多热泪。；方用杏仁润燥，乳香活血，轻粉攻毒，生脑子开窍，共奏清热明目、退翳止泪之功。,杏仁、乳香、轻粉,,,采纳,风热犯目,TCM-SYNDROME-30686DE891AB,治眼赤涩，翳膜遮障，时多热泪,A-原清单主治/原典；受控证型归一,https://openstd.samr.gov.cn/bzgk/std/newGbInfo?hcno=C71A9DAD24CB1252F12439D1F045DA6A；https://www.samr.gov.cn/bzjss/bzjd/art/2022/art_ae386988ba3a44f387bb5634b5f2aa08.html,原文直接支持；本轮提供标准与目录入口,是,,,无有效页面（HTTP 404）
419,头风痛极急救方,头风痛极急救方,《验方新编》,头风痛极；方用乌梅、斑蝥、僵蚕、桂心，以酒调贴，取辛散通络、祛风止痛之效，归经于肝、脾、肾。,乌梅、斑蝥、僵蚕、桂心,,,采纳,风邪上扰,TCM-SYNDROME-AB8D68CB2D20,头风痛极，祛风止痛,A-原清单主治/原典；受控证型归一,https://openstd.samr.gov.cn/bzgk/std/newGbInfo?hcno=C71A9DAD24CB1252F12439D1F045DA6A；https://www.samr.gov.cn/bzjss/bzjd/art/2022/art_ae386988ba3a44f387bb5634b5f2aa08.html,原文直接支持；本轮提供标准与目录入口,是,,,无有效页面（HTTP 404）
420,兔脑丸,兔脑丸,《绛雪园古方选注》,催生；兔性善走，用其脑者，神在精髓也。四味单用皆能催生，非特复用为方。,母丁香、乳香、麝香,,,留空,,,主治原文不足以直接绑定受控核心证候；按安全默认留空。,D-证据不足,https://openstd.samr.gov.cn/bzgk/std/newGbInfo?hcno=C71A9DAD24CB1252F12439D1F045DA6A；https://www.samr.gov.cn/bzjss/bzjd/art/2022/art_ae386988ba3a44f387bb5634b5f2aa08.html,待逐方新增原典/权威二级来源后复审,是,不得仅据方名、药味或模型候选强行定证。,,无有效页面（HTTP 404）
421,外感发热方,外感发热方,《大小诸证方论》,外感发热，四时不正之气来犯人身，由皮毛而入荣卫。；柴胡、荆芥散皮毛之邪，黄芩清火，甘草调药和中，邪散而不伤正气。,柴胡、荆芥、半夏、黄芩、甘草,,,留空,,,主治原文不足以直接绑定受控核心证候；按安全默认留空。,D-证据不足,https://openstd.samr.gov.cn/bzgk/std/newGbInfo?hcno=C71A9DAD24CB1252F12439D1F045DA6A；https://www.samr.gov.cn/bzjss/bzjd/art/2022/art_ae386988ba3a44f387bb5634b5f2aa08.html,待逐方新增原典/权威二级来源后复审,是,不得仅据方名、药味或模型候选强行定证。,,无有效页面（HTTP 404）
422,万金散,万金散,《三因极一病证方论》,治冷热痢。；方用罂粟壳涩肠止痢，橘皮理气，甘草和中，蜜炙或生用随赤白痢调。,罂粟壳、橘皮、甘草,,,留空,,,主治原文不足以直接绑定受控核心证候；按安全默认留空。,D-证据不足,https://openstd.samr.gov.cn/bzgk/std/newGbInfo?hcno=C71A9DAD24CB1252F12439D1F045DA6A；https://www.samr.gov.cn/bzjss/bzjd/art/2022/art_ae386988ba3a44f387bb5634b5f2aa08.html；https://www.yixue.com/%E4%B8%87%E9%87%91%E6%95%A3,待逐方新增原典/权威二级来源后复审,是,不得仅据方名、药味或模型候选强行定证。,https://www.yixue.com/%E4%B8%87%E9%87%91%E6%95%A3,页面正文命中方名
423,五神还童丹,五神还童丹,《瑞竹堂经验方》,髭发白如霜，欲黑发；五味配阴阳，赤石脂固涩，川椒温阳，辰砂安神，茯神宁心，乳香活血，共奏乌发之功,赤石脂、川椒、辰砂、茯神、乳香,,,留空,,,主治原文不足以直接绑定受控核心证候；按安全默认留空。,D-证据不足,https://openstd.samr.gov.cn/bzgk/std/newGbInfo?hcno=C71A9DAD24CB1252F12439D1F045DA6A；https://www.samr.gov.cn/bzjss/bzjd/art/2022/art_ae386988ba3a44f387bb5634b5f2aa08.html,待逐方新增原典/权威二级来源后复审,是,不得仅据方名、药味或模型候选强行定证。,,无有效页面（HTTP 404）
424,五益膏,五益膏,《古方汇精》,治诸虚百损。；补气养血，滋阴益肾，适用于虚损诸证。；诸虚百损。,玉竹、黄芪、白术、熟地黄、枸杞子,,,留空,,,主治原文不足以直接绑定受控核心证候；按安全默认留空。,D-证据不足,https://openstd.samr.gov.cn/bzgk/std/newGbInfo?hcno=C71A9DAD24CB1252F12439D1F045DA6A；https://www.samr.gov.cn/bzjss/bzjd/art/2022/art_ae386988ba3a44f387bb5634b5f2aa08.html,待逐方新增原典/权威二级来源后复审,是,不得仅据方名、药味或模型候选强行定证。,,无有效页面（HTTP 404）
425,下乳简便方,下乳简便方,《验方新编》,下乳；方用木通、通草通利乳络，猪蹄补血通乳，共奏下乳之功。,木通、通草,,,留空,,,主治原文不足以直接绑定受控核心证候；按安全默认留空。,D-证据不足,https://openstd.samr.gov.cn/bzgk/std/newGbInfo?hcno=C71A9DAD24CB1252F12439D1F045DA6A；https://www.samr.gov.cn/bzjss/bzjd/art/2022/art_ae386988ba3a44f387bb5634b5f2aa08.html,待逐方新增原典/权威二级来源后复审,是,不得仅据方名、药味或模型候选强行定证。,,无有效页面（HTTP 404）
426,消毒犀角饮子,消毒犀角饮子,《医方考》,皮肤有斑疹，无里证者，此方主之。；辛甘发散为阳，用防风、甘草；辛凉之药，用牛蒡、荆芥，功用同犀角。,牛蒡子、荆芥、防风、甘草,,,采纳,火毒蕴肤,TCM-SYNDROME-E438D7E9B34D,主治皮肤斑疹无里证，辛凉发散透疹。,A-原清单主治/原典；受控证型归一,https://openstd.samr.gov.cn/bzgk/std/newGbInfo?hcno=C71A9DAD24CB1252F12439D1F045DA6A；https://www.samr.gov.cn/bzjss/bzjd/art/2022/art_ae386988ba3a44f387bb5634b5f2aa08.html,原文直接支持；本轮提供标准与目录入口,是,,,无有效页面（HTTP 404）
427,小肠疝气经验方,小肠疝气经验方,《验方新编》,小肠疝气；方用荔枝核、胡芦巴、小茴香等温肝散寒，川楝子、山栀清肝，防风、荆芥疏风，共治疝气。,荔枝核、防风、荆芥、青皮、胡芦巴、益智仁、小茴香、山栀、川楝子、丁香、川椒、生姜,,,留空,,,主治原文不足以直接绑定受控核心证候；按安全默认留空。,D-证据不足,https://openstd.samr.gov.cn/bzgk/std/newGbInfo?hcno=C71A9DAD24CB1252F12439D1F045DA6A；https://www.samr.gov.cn/bzjss/bzjd/art/2022/art_ae386988ba3a44f387bb5634b5f2aa08.html,待逐方新增原典/权威二级来源后复审,是,不得仅据方名、药味或模型候选强行定证。,,无有效页面（HTTP 404）
428,泻痢不止方,泻痢不止方,《惠直堂经验方》,泻痢不止，亦治久痢。红痢、白痢、水泻。；五倍子涩肠止泻，半生半熟兼顾收敛与透散；山楂消食化积，加蜜或糖调治痢色。,五倍子、山楂,,,留空,,,主治原文不足以直接绑定受控核心证候；按安全默认留空。,D-证据不足,https://openstd.samr.gov.cn/bzgk/std/newGbInfo?hcno=C71A9DAD24CB1252F12439D1F045DA6A；https://www.samr.gov.cn/bzjss/bzjd/art/2022/art_ae386988ba3a44f387bb5634b5f2aa08.html,待逐方新增原典/权威二级来源后复审,是,不得仅据方名、药味或模型候选强行定证。,,无有效页面（HTTP 404）
429,雄黄散,雄黄散,《三因极一病证方论》,治阴肿大如斗，核痛，人所不能治。；雄黄解毒燥湿，矾收敛消肿，甘草调和，外洗治阴肿核痛。,雄黄、白矾、甘草,,,采纳,湿热下注,TCM-SYNDROME-C94E52ED40D3,治阴肿大核痛，雄黄矾解毒燥湿消肿。,A-原清单主治/原典；受控证型归一,https://openstd.samr.gov.cn/bzgk/std/newGbInfo?hcno=C71A9DAD24CB1252F12439D1F045DA6A；https://www.samr.gov.cn/bzjss/bzjd/art/2022/art_ae386988ba3a44f387bb5634b5f2aa08.html；https://www.yixue.com/%E9%9B%84%E9%BB%84%E6%95%A3,原文直接支持；本轮提供标准与目录入口,是,,https://www.yixue.com/%E9%9B%84%E9%BB%84%E6%95%A3,页面正文命中方名
430,雄辛散,雄辛散,《瑞竹堂经验方》,治恶蛇及疯犬所伤。；细辛、荜茇辛温散寒，雄黄解毒，麝香通窍，酒助药力，共治蛇犬伤。,细辛、荜茇、雄黄、麝香,,,留空,,,主治原文不足以直接绑定受控核心证候；按安全默认留空。,D-证据不足,https://openstd.samr.gov.cn/bzgk/std/newGbInfo?hcno=C71A9DAD24CB1252F12439D1F045DA6A；https://www.samr.gov.cn/bzjss/bzjd/art/2022/art_ae386988ba3a44f387bb5634b5f2aa08.html,待逐方新增原典/权威二级来源后复审,是,不得仅据方名、药味或模型候选强行定证。,,无有效页面（HTTP 404）
431,异传经验稀痘奇方,异传经验稀痘奇方,《验方新编》,预防天花，使小儿出痘极轻或永不出痘。；蓖麻子拔毒外出，朱砂安神解毒，麝香通窍透皮，共奏预防痘毒之效。,蓖麻子、朱砂、麝香,,,留空,,,主治原文不足以直接绑定受控核心证候；按安全默认留空。,D-证据不足,https://openstd.samr.gov.cn/bzgk/std/newGbInfo?hcno=C71A9DAD24CB1252F12439D1F045DA6A；https://www.samr.gov.cn/bzjss/bzjd/art/2022/art_ae386988ba3a44f387bb5634b5f2aa08.html,待逐方新增原典/权威二级来源后复审,是,不得仅据方名、药味或模型候选强行定证。,,无有效页面（HTTP 404）
432,应梦人参散,应梦人参散,《三因极一病证方论》,治伤寒体热头疼，及风壅痰嗽咯血。；方用人参、白术益气，白芷、葛根解表，青皮、桔梗理气化痰，甘草、干姜温中，共奏益气解表、化痰止咳之功。,白芷、葛根、青皮、桔梗、白术、人参、甘草、干姜,,,留空,,,主治原文不足以直接绑定受控核心证候；按安全默认留空。,D-证据不足,https://openstd.samr.gov.cn/bzgk/std/newGbInfo?hcno=C71A9DAD24CB1252F12439D1F045DA6A；https://www.samr.gov.cn/bzjss/bzjd/art/2022/art_ae386988ba3a44f387bb5634b5f2aa08.html；https://www.yixue.com/%E5%BA%94%E6%A2%A6%E4%BA%BA%E5%8F%82%E6%95%A3,待逐方新增原典/权威二级来源后复审,是,不得仅据方名、药味或模型候选强行定证。,https://www.yixue.com/%E5%BA%94%E6%A2%A6%E4%BA%BA%E5%8F%82%E6%95%A3,页面正文命中方名
433,痈疽方,痈疽方,《验方新编》,无论已溃未溃皆治痈疽；清热解毒，益气活血，归经肺胃肝肾,金银花、黄芪、当归身、蒲公英、玄参、白芷,,,采纳,火热邪毒壅盛,TCM-SYNDROME-848FEFF3CCA7,主治痈疽，清热解毒，直接针对热毒壅盛这一核心病机。,A-原清单主治/原典；受控证型归一,https://openstd.samr.gov.cn/bzgk/std/newGbInfo?hcno=C71A9DAD24CB1252F12439D1F045DA6A；https://www.samr.gov.cn/bzjss/bzjd/art/2022/art_ae386988ba3a44f387bb5634b5f2aa08.html,原文直接支持；本轮提供标准与目录入口,是,,,无有效页面（HTTP 404）
434,玉烛散,玉烛散,《医方考》,疥疮作痛；攻下剂，泻实凉血，和营调卫，适用于形气、病气两实者,川芎、当归、生地黄、赤芍药、大黄、甘草、朴硝,,,留空,,,主治原文不足以直接绑定受控核心证候；按安全默认留空。,D-证据不足,https://openstd.samr.gov.cn/bzgk/std/newGbInfo?hcno=C71A9DAD24CB1252F12439D1F045DA6A；https://www.samr.gov.cn/bzjss/bzjd/art/2022/art_ae386988ba3a44f387bb5634b5f2aa08.html；https://www.yixue.com/%E7%8E%89%E7%83%9B%E6%95%A3,待逐方新增原典/权威二级来源后复审,是,不得仅据方名、药味或模型候选强行定证。,https://www.yixue.com/%E7%8E%89%E7%83%9B%E6%95%A3,页面正文命中方名
435,增补止血补伤方,增补止血补伤方,《验方新编》,刀箭伤、马踏伤、跌伤、一切物打伤；方以白附子、南星祛风化痰，白芷、防风、羌活散风胜湿，天麻定痛，共奏止血止痛、消肿愈伤之功。,白附子、白芷、天麻、南星、防风、羌活,,,留空,,,主治原文不足以直接绑定受控核心证候；按安全默认留空。,D-证据不足,https://openstd.samr.gov.cn/bzgk/std/newGbInfo?hcno=C71A9DAD24CB1252F12439D1F045DA6A；https://www.samr.gov.cn/bzjss/bzjd/art/2022/art_ae386988ba3a44f387bb5634b5f2aa08.html,待逐方新增原典/权威二级来源后复审,是,不得仅据方名、药味或模型候选强行定证。,,无有效页面（HTTP 404）
436,蜘蛛散,蜘蛛散,《三因极一病证方论》,治胡臭熏人，不可向迩者。；蜘蛛解毒散结，轻粉攻毒杀虫，醋调外敷，引浊下行，治腋臭。；治阴狐疝气。偏有小大。时时上下者主之。 蜘蛛（十四枚。（《金匮方歌括》主治，用于检索召回）,蜘蛛、轻粉,,,留空,,,主治原文不足以直接绑定受控核心证候；按安全默认留空。,D-证据不足,https://openstd.samr.gov.cn/bzgk/std/newGbInfo?hcno=C71A9DAD24CB1252F12439D1F045DA6A；https://www.samr.gov.cn/bzjss/bzjd/art/2022/art_ae386988ba3a44f387bb5634b5f2aa08.html；https://www.yixue.com/%E8%9C%98%E8%9B%9B%E6%95%A3,待逐方新增原典/权威二级来源后复审,是,不得仅据方名、药味或模型候选强行定证。,https://www.yixue.com/%E8%9C%98%E8%9B%9B%E6%95%A3,页面正文命中方名
437,枳壳散,枳壳散,《三因极一病证方论》,瘦胎易产。；枳壳行气宽中，甘草益气和中，共奏瘦胎易产之效。,枳壳、甘草,,,留空,,,主治原文不足以直接绑定受控核心证候；按安全默认留空。,D-证据不足,https://openstd.samr.gov.cn/bzgk/std/newGbInfo?hcno=C71A9DAD24CB1252F12439D1F045DA6A；https://www.samr.gov.cn/bzjss/bzjd/art/2022/art_ae386988ba3a44f387bb5634b5f2aa08.html；https://www.yixue.com/%E6%9E%B3%E5%A3%B3%E6%95%A3,待逐方新增原典/权威二级来源后复审,是,不得仅据方名、药味或模型候选强行定证。,https://www.yixue.com/%E6%9E%B3%E5%A3%B3%E6%95%A3,页面正文命中方名
438,治咳喘上气方,治咳喘上气方,（《外台》卷九）,治久患气嗽，发时奔喘，坐卧不得，并喉里呀声，气欲绝；麻黄宣肺平喘，杏仁降气止咳，紫菀化痰，柴胡疏肝，橘皮理气，共奏降逆平喘之功,麻黄、杏仁、紫菀、柴胡、橘皮,,,采纳,痰浊阻肺,TCM-SYNDROME-6D6F0F6B63F9,久嗽奔喘、喉中哮鸣，痰气交阻,A-原清单主治/原典；受控证型归一,https://openstd.samr.gov.cn/bzgk/std/newGbInfo?hcno=C71A9DAD24CB1252F12439D1F045DA6A；https://www.samr.gov.cn/bzjss/bzjd/art/2022/art_ae386988ba3a44f387bb5634b5f2aa08.html,原文直接支持；本轮提供标准与目录入口,是,,,无有效页面（HTTP 404）
439,治口舌病方,治口舌病方,《集验方》,治口中臭散方。；甘草、川芎、白芷三药，辛香散臭，酒服引药上行，治口臭。,甘草、川芎、白芷,,,留空,,,主治原文不足以直接绑定受控核心证候；按安全默认留空。,D-证据不足,https://openstd.samr.gov.cn/bzgk/std/newGbInfo?hcno=C71A9DAD24CB1252F12439D1F045DA6A；https://www.samr.gov.cn/bzjss/bzjd/art/2022/art_ae386988ba3a44f387bb5634b5f2aa08.html,待逐方新增原典/权威二级来源后复审,是,不得仅据方名、药味或模型候选强行定证。,,无有效页面（HTTP 404）
440,治诸疟效方,治诸疟效方,《惠直堂经验方》,专治隔日疟。；方中当归养血，黄芩清热，柴胡疏肝，陈皮理气，半夏燥湿，泽泻利水，茯苓健脾，共奏和解截疟之功。,当归、黄芩、柴胡、陈皮、半夏、泽泻、茯苓,,,留空,,,主治原文不足以直接绑定受控核心证候；按安全默认留空。,D-证据不足,https://openstd.samr.gov.cn/bzgk/std/newGbInfo?hcno=C71A9DAD24CB1252F12439D1F045DA6A；https://www.samr.gov.cn/bzjss/bzjd/art/2022/art_ae386988ba3a44f387bb5634b5f2aa08.html,待逐方新增原典/权威二级来源后复审,是,不得仅据方名、药味或模型候选强行定证。,,无有效页面（HTTP 404）
441,追魂汤,追魂汤,《三因极一病证方论》,治卒厥暴死，及主客忤、鬼击、飞尸，奄忽气绝，不觉口噤。；方中麻黄开腠发汗，杏仁降气，甘草和中，共奏通阳开窍之功，归经心肺。,麻黄、杏仁、甘草,,,采纳,闭,TCM-SYNDROME-038C616C5803,卒厥暴死，口噤气绝，属邪闭神窍,A-原清单主治/原典；受控证型归一,https://openstd.samr.gov.cn/bzgk/std/newGbInfo?hcno=C71A9DAD24CB1252F12439D1F045DA6A；https://www.samr.gov.cn/bzjss/bzjd/art/2022/art_ae386988ba3a44f387bb5634b5f2aa08.html；https://www.yixue.com/%E8%BF%BD%E9%AD%82%E6%B1%A4,原文直接支持；本轮提供标准与目录入口,是,,https://www.yixue.com/%E8%BF%BD%E9%AD%82%E6%B1%A4,页面正文命中方名
442,紫苏饮,紫苏饮,医方集解,治胎气不和，凑上胸腹，腹满头痛，心腹腰胁痛。名子悬（由下焦气实，相火旺盛，举胎）。；此手足太阴、厥阴药也。陈来章曰∶芎归芍药以和其血，苏橘大腹以顺其气，气顺血和则胎。；胎气不和，凑上心腹，腹满闭闷，谓之子悬。,苏叶、当归、川芎、芍药、人参、陈皮、大腹皮、甘草,,,留空,,,主治原文不足以直接绑定受控核心证候；按安全默认留空。,D-证据不足,https://openstd.samr.gov.cn/bzgk/std/newGbInfo?hcno=C71A9DAD24CB1252F12439D1F045DA6A；https://www.samr.gov.cn/bzjss/bzjd/art/2022/art_ae386988ba3a44f387bb5634b5f2aa08.html；https://www.yixue.com/%E7%B4%AB%E8%8B%8F%E9%A5%AE,待逐方新增原典/权威二级来源后复审,是,不得仅据方名、药味或模型候选强行定证。,https://www.yixue.com/%E7%B4%AB%E8%8B%8F%E9%A5%AE,页面正文命中方名
